ID,RiskScore
0,32.27385784008745
1,52.20028982181656
2,30.176892347695578
3,36.14431680743567
4,33.4728666726695
5,70.11591752021192
6,31.05235977878656
7,33.40443815747619
8,35.31901813965463
9,69.88137584747113
10,32.67573554312289
11,30.888778559483697
12,67.713562916872
13,38.22820034432594
14,31.99443742320778
15,59.71284817611359
16,24.337209713634913
17,33.85308943183787
18,66.06889851937181
19,43.223351404457006
20,73.29338650212628
21,31.88317942148781
22,69.87333963494092
23,41.89711783826185
24,50.778179161851384
25,29.87110993920443
26,33.72509654962967
27,28.383978043853055
28,55.4535485769193
29,70.35312535508436
30,30.100099942592383
31,67.0414812198922
32,32.13034721253402
33,30.2223864858794
34,39.553092737061164
35,37.509709428400065
36,66.02753919386225
37,56.49285247071832
38,48.38541930813354
39,75.40746096871517
40,71.49584650634692
41,48.11943147612255
42,80.43337645783424
43,20.78433445755315
44,54.97767562029271
45,29.5511615705379
46,33.543764207665305
47,70.08874248253989
48,30.296496636454833
49,36.43540364259697
50,67.18834659889069
51,57.75238167083211
52,42.074721626038766
53,26.280056236963855
54,31.45151695245205
55,40.725620181262876
56,73.34736632768889
57,36.061185923833584
58,40.623449996374696
59,58.82420935790418
60,69.6011538386015
61,47.11308632602123
62,31.579937712818552
63,86.14881201872834
64,26.15688708688443
65,32.318026087063444
66,62.68204466562016
67,63.11147048972027
68,37.08986269649225
69,68.7202805597365
70,36.471617792091
71,39.68435834451779
72,48.893079648126964
73,58.25789714494918
74,49.3600780898127
75,66.79245630823809
76,69.45068838799742
77,25.306698923769297
78,53.0162032669662
79,59.51635299742419
80,73.25888394096017
81,51.88245600565944
82,61.22788771553381
83,34.43447144312283
84,69.16414447676222
85,74.90536607667045
86,62.64467718358241
87,25.188717502407563
88,37.504582176075374
89,70.63529599904405
90,34.62695214714922
91,44.149070494249244
92,40.081508958756146
93,31.118245442208355
94,39.8241313983189
95,37.24786101153019
96,36.51484870219454
97,67.45352513406648
98,38.09581149447906
99,62.75420416439816
100,34.50877249306372
101,34.250943438101146
102,68.80646832343162
103,73.85510125474254
104,32.31306719179262
105,78.11049896698484
106,75.21517883648835
107,71.61238991558594
108,40.12077639834583
109,69.8477404181688
110,53.158135212828135
111,67.68620119296102
112,76.24268717118247
113,63.4589643889436
114,68.22346604198886
115,32.120767786218934
116,71.35769383265975
117,54.17448521149659
118,40.62503514098661
119,44.13734357375687
120,22.0204437810533
121,76.10956749670785
122,32.52404822781297
123,50.316887354673874
124,34.10067418131499
125,61.37509606901448
126,16.055630163905803
127,28.231368031113757
128,34.664424344713765
129,64.12106308478607
130,31.99601214448513
131,71.5808442540223
132,71.80498863166736
133,77.4594757604803
134,20.253648206513347
135,38.214626727457045
136,21.938736942038066
137,40.79361492931303
138,34.60812564238988
139,50.817026469590125
140,39.57232779899544
141,35.31481496571109
142,27.158102332423482
143,28.14799676708994
144,63.12558258229713
145,31.985250650402165
146,48.83270410046267
147,64.04403124460526
148,69.29517556438388
149,68.60692782243245
150,42.43908723648738
151,34.01913485747798
152,76.91897958869535
153,52.877065477256025
154,68.01148364913692
155,33.6071099986923
156,70.83180496097638
157,62.89232744531604
158,65.45683175157396
159,74.66918549793905
160,37.7951127424619
161,37.51665704231015
162,68.78189661999257
163,40.71623102501126
164,42.93565482555964
165,52.327603726876
166,38.39610688249854
167,34.47486369291525
168,35.565128526309024
169,28.04197347166401
170,38.47369293689551
171,51.95202561974779
172,64.61211363268518
173,47.88710742916354
174,33.114261535595695
175,58.43831423480647
176,48.10614838078007
177,42.66600569788774
178,48.20446563375336
179,75.53352566709609
180,48.681967529464906
181,34.12964564355641
182,60.925482413531626
183,66.94274948460622
184,72.11137530701252
185,66.87620120764072
186,70.937823195393
187,58.97207918272362
188,34.62051013471081
189,18.488504088524408
190,31.54428606314341
191,72.95856569700844
192,51.317948851193606
193,30.33962482458133
194,68.62787637417509
195,25.909936840567706
196,30.30309448196904
197,67.17329075350719
198,63.02073893128557
199,35.58337033830033
200,31.646659228647756
201,52.84823373700963
202,31.161393645860947
203,34.624760366551854
204,71.14317084568329
205,59.154665548335984
206,63.994199915348226
207,38.323618666777854
208,53.64730136439197
209,54.82944302619168
210,29.612849337500908
211,29.3127344588972
212,75.22637745634844
213,65.66122160680175
214,39.82958074139784
215,58.7761299824905
216,61.67923013733685
217,64.84922448986552
218,52.00657869231591
219,31.300221249384215
220,33.00463658433719
221,33.76874886724539
222,29.697632846491814
223,53.257759156897556
224,28.290672533690728
225,65.94852565774556
226,63.15400586768704
227,35.67546296555582
228,40.39814905812599
229,39.91200285617091
230,52.02142625194709
231,47.40418217046343
232,37.39948240704082
233,46.322849884223956
234,74.73784758195933
235,63.679111145782656
236,30.806695805178947
237,53.283876066043554
238,66.47919428420926
239,31.858061837197127
240,66.1941008090746
241,74.08625636488202
242,41.73494384853954
243,68.20680091291929
244,69.45519971187262
245,67.24647406585578
246,23.3052267798494
247,42.453710141583414
248,76.27774172724494
249,22.70267247668165
250,67.34817164145642
251,33.59385756420777
252,36.700713703136266
253,54.50504377892271
254,54.54641957129117
255,32.80766985658751
256,52.72837870815572
257,68.2485755260733
258,68.06999351509955
259,33.59195516775515
260,48.63401789918533
261,40.11038796359021
262,28.380150862211693
263,76.09003901776163
264,65.95959578018972
265,26.88299442332369
266,46.88973368270671
267,27.461416539268146
268,64.47879236795842
269,73.99608402123607
270,54.58468142487076
271,77.55262778592396
272,33.676906646537724
273,45.60038311515635
274,28.155996092787184
275,45.00452594738465
276,62.46546559883577
277,34.5910460918974
278,57.844487458089844
279,29.2794690833889
280,60.14792441061159
281,62.14856215971874
282,54.069149621150764
283,54.28715074177969
284,34.551715090865585
285,32.475275778323095
286,29.888456129275287
287,69.60819105323148
288,50.003245806434904
289,36.78731482101086
290,48.979098545661465
291,42.14744143621994
292,53.26973445186823
293,72.81532124543116
294,32.57475928318122
295,69.40458197327999
296,68.75356263696297
297,31.273168790434994
298,38.26654592286346
299,70.75269436660275
300,46.07353136189293
301,75.17188195696863
302,55.48699469041244
303,36.55692396046381
304,57.91143852778378
305,31.582244346567972
306,34.008256515017266
307,70.71462988404426
308,50.41958613644488
309,29.886179918554046
310,72.06333877117866
311,53.783619195560576
312,47.28709871088642
313,46.310569956766045
314,67.57338004188556
315,75.27089535294444
316,35.68713656507896
317,35.57403056691094
318,58.608776446664656
319,29.74577486467785
320,29.54797367513341
321,40.721882005187986
322,71.39159966850207
323,62.48637943069062
324,89.80761376973678
325,37.392713697520726
326,69.8050956779483
327,32.63038619807441
328,42.18187197290458
329,27.691039670989348
330,36.99055096360281
331,81.20958962589934
332,23.34318324282752
333,70.69245430253737
334,57.54830347975614
335,66.74669611286023
336,59.59813554596721
337,26.930172205975843
338,36.12369822449136
339,43.74455932588232
340,69.38786126710563
341,75.04891112478228
342,72.60553644794803
343,66.13094235991703
344,33.058522711942366
345,32.06161504970585
346,37.8332623701308
347,35.930795800912065
348,39.38326047321037
349,23.45236596747682
350,46.36770758916189
351,32.87263925552668
352,58.239276549997996
353,25.007058588701025
354,24.893189935639604
355,30.795050961189503
356,25.99245962503208
357,29.078902810787913
358,29.805727621713483
359,68.63532149052533
360,29.447771366844588
361,25.503205624086167
362,33.90478559860439
363,66.07718445030835
364,51.10478118334998
365,46.24200559442398
366,50.837575818111596
367,30.788336108619433
368,61.37591395437212
369,50.91905018832747
370,36.55345953194066
371,25.49137082146582
372,31.45109445285729
373,71.8303764944888
374,55.631749296794055
375,37.985141391557526
376,26.39285144201471
377,61.17441539466604
378,54.15277156182694
379,65.6513787382419
380,34.02289265346005
381,29.927197921998765
382,64.65540520548241
383,69.4977359158766
384,42.302107741286754
385,62.01550589187674
386,27.959732064567714
387,36.712766199976606
388,53.91829732758044
389,33.48199511965926
390,71.63508217379031
391,67.07235337268227
392,62.24660453150953
393,40.036601676204974
394,76.47930603514487
395,70.13665914994874
396,33.4784539963043
397,26.5108548174695
398,70.0603898150573
399,32.249439427553995
400,48.84891273478804
401,68.6076868032892
402,28.057673035166534
403,69.06876387540717
404,72.29475296519209
405,48.25321465304816
406,31.558493027506078
407,64.14998094842633
408,44.10982982766018
409,33.38995146949092
410,36.036142721938006
411,43.01821724738949
412,37.71344610584571
413,37.862950471157376
414,63.465132499171204
415,50.08794673348112
416,41.005085473802175
417,36.290093423397316
418,29.08418071622524
419,40.975746135891555
420,23.52789170739869
421,40.34030696640919
422,30.152289443965284
423,58.33222503390692
424,25.371197142155253
425,51.11682527592458
426,29.93481548958488
427,33.71335073209775
428,51.64132430058654
429,32.65999954715016
430,62.954695731160534
431,32.55411005163729
432,70.50980412670819
433,61.07703085341299
434,68.92321918297995
435,58.37632951984945
436,28.548345348869237
437,73.9273143365069
438,40.49840902075459
439,45.22935552004937
440,71.50440609226392
441,31.66467759048804
442,68.26781122227996
443,65.22918327794847
444,66.71479516025107
445,69.9237088695766
446,72.24183094973036
447,56.11152210215719
448,61.15917018435539
449,69.41225061296022
450,65.6962631698695
451,74.62261457947253
452,30.25418116570823
453,59.30836831089566
454,56.95720368313449
455,49.912886342442036
456,41.268542980846185
457,52.64254808818745
458,39.95348791856695
459,56.28259360825159
460,33.37540086082994
461,37.43709310966207
462,29.997115319947927
463,48.727838716025914
464,26.611803564064882
465,51.091016504196304
466,26.70829650152751
467,61.75496089634382
468,40.63321313583252
469,68.97476504291947
470,58.54474692472463
471,67.24504936443007
472,34.52612723426514
473,33.95912155413494
474,29.494572548033744
475,66.14328363062002
476,30.11569508674837
477,73.88523838154069
478,31.67118757847467
479,58.86854799762525
480,59.94195516500104
481,39.70772754886431
482,71.0050589295122
483,40.04586138214373
484,35.605859690776484
485,64.07247733245107
486,68.6096767077579
487,35.3337675208648
488,73.9862764933197
489,27.950783593376652
490,69.95334115411742
491,38.94123036761988
492,67.63783000142996
493,31.116284289583763
494,67.89083131575825
495,37.03502087849815
496,76.52802778348541
497,70.45028266975545
498,39.26952232424343
499,28.12854320486751
500,57.87748186315481
501,42.43704081270321
502,72.18763507982139
503,30.012664257579136
504,42.65121231955883
505,52.06169085425213
506,40.55946169568294
507,72.53371669367077
508,28.133369275529237
509,88.99920668984868
510,39.24713489505562
511,62.77066737979053
512,28.803422342430856
513,78.96507306305436
514,67.30832639384612
515,39.793496094459435
516,45.78266181691391
517,48.802290093443226
518,38.73734656672917
519,46.56550128292128
520,66.64298019473165
521,69.99673801372634
522,68.80251440620972
523,30.58966356967789
524,38.63603140070867
525,70.86532838704002
526,42.74088572074507
527,51.68030433407906
528,23.58640527435902
529,39.607385246361275
530,32.6223207177035
531,29.084875005420763
532,39.551970133325725
533,58.51131324177439
534,55.153724731675844
535,32.90928255644475
536,56.69147601800114
537,74.03420053136229
538,69.01492201288944
539,74.06545131402362
540,63.03113670055718
541,35.8847932241986
542,77.84702801579878
543,47.3901240345888
544,63.56084175462457
545,71.6898503060605
546,72.61766323819738
547,67.42527340419116
548,63.573225474845074
549,53.775917635985444
550,44.42824348009646
551,31.692307488679244
552,55.560805667309936
553,30.738310120634488
554,76.0250242623529
555,48.81401143753665
556,37.114759979025706
557,35.94236888117767
558,76.11291620198634
559,39.2863852533107
560,37.35445080365331
561,68.21599861675324
562,74.16718551597636
563,68.62400347424527
564,29.236431858192795
565,74.46247070067629
566,63.21631384661138
567,44.118519843849825
568,56.38608436138557
569,34.75449716852507
570,71.61791686425636
571,32.5061965077401
572,72.43471290658587
573,53.871782544118425
574,50.682271879938824
575,36.61215060259211
576,39.219820397783714
577,24.803067265979838
578,58.06284694287046
579,29.829585896814848
580,29.47576135789694
581,31.15679949055701
582,74.82673776971266
583,45.81494254158426
584,35.91252162438319
585,30.12085254982077
586,70.44914792537648
587,41.60336382474848
588,48.18121199539226
589,33.436090303137995
590,64.71025101078516
591,39.679775932109706
592,78.06498348643905
593,58.28009976225265
594,61.745222982768695
595,30.16283664634601
596,65.71853817101923
597,42.15817438008094
598,48.77267967590668
599,58.93969888921283
600,34.32203092708872
601,67.16289527853996
602,59.379556319650604
603,71.93007705285916
604,62.06094964148109
605,37.8265766874343
606,37.48398773347009
607,67.68133567943303
608,33.76062491651186
609,28.735316948632267
610,64.73065173406859
611,45.234162034181075
612,36.91866791743382
613,38.94434427283733
614,34.59506168967714
615,35.60463782055989
616,33.079790234365454
617,29.763860927561534
618,53.19535537074234
619,33.33630364423176
620,34.93800532316756
621,56.23315642007685
622,68.30953774198653
623,63.725458444262514
624,35.42213363432352
625,76.75353160631315
626,50.046657654982155
627,69.53892378165418
628,78.88582762635741
629,33.3780281883602
630,35.55651513441867
631,35.99882802945907
632,72.8835858528801
633,34.49374093776905
634,33.689255322954494
635,41.35574235273039
636,34.16568998437169
637,67.9580723368011
638,29.906647644121065
639,76.3224949661791
640,70.36939255609886
641,41.924022928332874
642,35.54818531782826
643,67.16768939398844
644,60.919187419407635
645,30.41970239790604
646,70.66833516316619
647,68.04775836914419
648,52.7277985624735
649,81.27269316930543
650,31.565110592350187
651,29.388907550760344
652,15.528310280246771
653,31.57692405905426
654,32.21659977893946
655,42.55928874245708
656,28.390172872709833
657,75.90269120187975
658,35.38066759089135
659,40.516577819733406
660,38.52828870281496
661,21.821790982683485
662,29.310906663252208
663,33.806786420186945
664,43.72117723252386
665,74.97602895190484
666,24.874316387472366
667,40.6147901662421
668,64.60122704713811
669,36.739159297317464
670,33.30004141818618
671,28.348115507601037
672,23.15209702722772
673,34.497402833675096
674,35.2858526873472
675,71.95273604169792
676,49.32267123179004
677,31.285357500075776
678,36.350767948725306
679,77.18507178521119
680,65.93346196399472
681,42.834643005026365
682,39.3062940701879
683,53.41383691817604
684,30.6368707040616
685,47.919065900131486
686,68.82594289715308
687,33.74525582229502
688,77.22806206883388
689,57.922765719114935
690,35.76544353000426
691,61.71897559443637
692,51.372537536804735
693,34.34332044521042
694,27.39218899826461
695,69.99851372107642
696,52.74253274271804
697,72.71891408671837
698,77.31647787991984
699,32.408205979955895
700,58.040930904638046
701,39.82999260791863
702,29.16291997707436
703,35.612860970743775
704,31.70459447187285
705,26.163642128082504
706,48.97381549701407
707,68.64395263742668
708,55.899694076511466
709,46.89620188220077
710,64.85868464729394
711,56.96587573996994
712,34.655558859617614
713,69.63108447320315
714,71.10619853123586
715,19.07614424728589
716,26.544531639544015
717,66.83809662506181
718,41.03949889752696
719,43.33660295409815
720,66.40614287525315
721,65.19758088955129
722,32.553688950628015
723,31.289910257041853
724,63.616330144752325
725,42.43624004970367
726,33.82676095414155
727,58.502391860866396
728,74.03178818596385
729,31.18398081347099
730,30.800285382720283
731,51.17502735166531
732,31.747932970632622
733,45.21696801762919
734,42.728421502875854
735,26.45576224991528
736,62.785717543220855
737,44.02956867687631
738,40.494269883151084
739,28.932988856223798
740,33.35982755721156
741,67.12996884828192
742,49.3720915131454
743,39.20164205624205
744,28.54207686489401
745,49.51219054094001
746,58.91527772799333
747,58.34263975570085
748,35.1458901862536
749,41.758284059331636
750,70.12528243914956
751,42.43495645706357
752,90.86259605128282
753,45.24972324229651
754,35.82277598796867
755,47.79403745566363
756,26.72340144254377
757,73.65711264887479
758,67.88313306338816
759,58.22666617124476
760,32.95900657407411
761,44.456896922938064
762,47.51776174018804
763,38.23817975250667
764,68.32233743177703
765,71.61900287519441
766,29.061609432674327
767,91.29290705984401
768,29.046876318859837
769,41.45791519685146
770,31.278773565615147
771,73.89824367774024
772,62.12613502487041
773,27.856518845642718
774,29.772810287713337
775,43.539947822929896
776,36.13834778214233
777,30.58401054113877
778,31.85201930121084
779,33.63114914788861
780,46.12903180733494
781,47.641190041425155
782,71.92366214479401
783,71.50207058232496
784,35.006824693685786
785,27.743034011707916
786,54.167153020905076
787,68.67092053789366
788,67.94069419276062
789,42.59622146357548
790,66.04841549805603
791,33.87952737498953
792,31.3880706091559
793,32.96884632330533
794,72.91569285168646
795,38.38054790001078
796,47.104908038851235
797,31.902931375295744
798,72.60873151785425
799,67.80399419803975
800,65.69827597400148
801,50.73573424017167
802,27.535208269562922
803,52.60938463067647
804,72.13580201461171
805,67.42065906906367
806,64.56141613943878
807,57.17977017419417
808,65.5016403472626
809,45.892663494442324
810,76.4733837259209
811,50.74262557732256
812,32.03065321386637
813,74.12552567852546
814,47.140503667372926
815,75.00328481888542
816,26.74905891951237
817,49.93246468156575
818,70.02817236528328
819,32.45664675230468
820,36.80200347104547
821,51.621092930050736
822,44.28100549212193
823,60.8914116704109
824,72.62901238446774
825,81.70595807775909
826,53.50283212448804
827,40.276216296903755
828,26.529167383927827
829,40.394824818143434
830,33.44006351445755
831,63.970911785200016
832,44.6094556338021
833,49.65606813768702
834,30.170757786886366
835,63.27097536281823
836,25.802254934862912
837,35.27695839927755
838,34.489398550733206
839,54.46423216882566
840,66.93541447894437
841,71.38971833180791
842,64.9398762263547
843,50.935527521179175
844,84.4853455605231
845,35.245147764077394
846,43.30068667310264
847,33.24489161368081
848,69.79554529609796
849,43.32113964721703
850,29.3639022180294
851,59.712922425815194
852,49.079932091953964
853,31.863811030193016
854,34.97322482530464
855,31.028567353676394
856,59.327222352512976
857,30.41837484413264
858,33.470984078375764
859,66.95841515103149
860,30.77622255035247
861,42.06380333016225
862,48.50763722141651
863,31.12521408846371
864,27.721387939047503
865,47.83052956609792
866,74.88064890782053
867,30.53373107700496
868,42.92295162056565
869,62.367802276025344
870,30.01563774893841
871,29.209715301691922
872,59.854446099686356
873,48.29600178772112
874,20.548267342812128
875,68.23215799145206
876,29.346854114411183
877,32.84874407548773
878,41.749386265752335
879,32.3974737466276
880,30.583737888179975
881,31.723436295888604
882,80.68361528426107
883,32.38737137820346
884,48.51055901584756
885,28.62078716931047
886,56.021886561366884
887,48.03549809655143
888,74.77804770538611
889,58.86159480839065
890,33.388952003602405
891,30.096179504559544
892,73.61640312689222
893,34.75532297101799
894,40.45894829823399
895,21.53361324033515
896,52.84603986326547
897,45.99195660175129
898,49.29120949240327
899,70.90148587538421
900,22.96372872474571
901,71.92970736244891
902,77.6970988203398
903,72.82071095315047
904,57.002212404903744
905,84.94382679985947
906,46.110463145048485
907,71.1188054375818
908,47.7180888925666
909,55.510620092614076
910,52.05912195296871
911,71.04090735458055
912,75.29721119145209
913,65.65584231919505
914,32.28585099132364
915,42.54612494218327
916,59.56666575129418
917,48.35413749209329
918,27.742213170928082
919,36.58952217520148
920,29.028192361134195
921,34.49572082147181
922,48.61205027836439
923,37.47541203601959
924,66.34936376874451
925,80.33286317622307
926,56.00207057379486
927,37.80021330105739
928,39.399475637881324
929,32.37090407567166
930,34.283693769472826
931,32.933664619113195
932,31.81014150498639
933,51.78439937697389
934,31.746314942999124
935,48.25469657705825
936,67.10097812576916
937,20.210777995033094
938,64.19116377497483
939,60.87196786682732
940,61.76619644550304
941,40.87111222509647
942,40.11779754577642
943,64.66380972247521
944,27.64588958935091
945,68.86514274538678
946,34.56150767780216
947,55.44171251334108
948,59.03869124670744
949,44.19150178283242
950,28.466060205168805
951,50.11955105228038
952,55.521568698115594
953,53.70435536231472
954,40.66779601472513
955,87.23597368334728
956,63.898376796321635
957,41.19697008196677
958,46.23406046864141
959,30.005628741657112
960,34.898257545614186
961,46.85133391935708
962,29.276527326793282
963,68.47410616207662
964,51.544490624798684
965,39.16048343017776
966,32.13181134694748
967,69.05470295216263
968,30.97540021878135
969,27.46922418784891
970,65.52483535285354
971,33.44678774574933
972,29.9865463470184
973,41.402631892389756
974,38.48441692454174
975,33.77332497982136
976,61.408535305744856
977,69.2730542184797
978,68.84296192466141
979,31.341108955509167
980,52.53813342329918
981,35.56345408863737
982,66.22999017817952
983,31.974942923621406
984,51.810137765493884
985,40.58391611933886
986,29.09073984116563
987,71.98611848436452
988,28.520311481395815
989,74.8188694090494
990,38.16099988168082
991,52.02743044532297
992,37.66661143475416
993,29.297569633426505
994,72.53861610426159
995,16.258836486165862
996,46.86688343385374
997,27.192175698413806
998,73.9033328604437
999,34.19292822447956
1000,31.4127366513574
1001,66.15068584157545
1002,32.90245094625541
1003,59.739520659715424
1004,59.16152012831489
1005,28.13724169129072
1006,75.54495700436951
1007,33.3059775887634
1008,58.993272937528566
1009,32.38380851864346
1010,76.60831711830619
1011,26.704857376842554
1012,34.30502524561856
1013,68.74368043532189
1014,52.52118273068064
1015,70.89953587472617
1016,40.54246200463266
1017,52.70957193390579
1018,31.220784323688704
1019,71.15718976813014
1020,29.131484450080613
1021,40.34889507879095
1022,43.267760255631664
1023,64.88894473422846
1024,65.28600541248063
1025,27.234860199762835
1026,33.895306420485625
1027,33.32816957737825
1028,22.87376355124183
1029,31.68500432141658
1030,64.36242107449715
1031,33.30916310157714
1032,36.2855934431825
1033,32.14814207585724
1034,31.400489275685416
1035,66.97514352151845
1036,70.1158526338304
1037,67.51999212178639
1038,53.6152566456945
1039,66.44843349532638
1040,52.22698840424626
1041,28.264062057731994
1042,63.41974952636896
1043,70.62416257689947
1044,24.992396599301262
1045,67.75195367023866
1046,31.58925604763651
1047,35.52488790334446
1048,43.857448876659724
1049,31.22953779767783
1050,31.29687840021609
1051,70.11819342211706
1052,44.43413691689751
1053,56.31884061573965
1054,66.26944690906598
1055,41.85450493657982
1056,30.169096462325825
1057,30.499000690774725
1058,57.69382568301437
1059,30.0015789038213
1060,64.65830826175488
1061,50.64063895449672
1062,66.45800936142814
1063,58.52472121541534
1064,38.94868954225295
1065,48.89280388534029
1066,53.67799658768342
1067,49.35032023286559
1068,33.564937591418015
1069,39.44432995509276
1070,41.84349733707397
1071,24.734052137961545
1072,39.87855829774839
1073,34.07505053123451
1074,56.80517471037304
1075,37.52937332299566
1076,73.19421283135982
1077,41.77802464959188
1078,56.41720164511283
1079,51.214625105465224
1080,33.32813474564884
1081,31.18758476421983
1082,30.420290623007578
1083,72.70013414836727
1084,59.57784823433998
1085,28.626834835440494
1086,34.90341191446468
1087,64.54202739198769
1088,33.42956392572119
1089,41.00050413042665
1090,31.356339033592945
1091,77.91806199071345
1092,63.846412705649904
1093,27.782519731862486
1094,31.491105741535314
1095,72.8753181036406
1096,37.082041444101826
1097,72.4860146279481
1098,74.15792834217311
1099,75.52737020779341
1100,27.28488890522116
1101,27.663429737898316
1102,60.438216594303015
1103,30.84474508120856
1104,62.70428996055166
1105,39.34407175310744
1106,69.42987309578473
1107,59.90882582767624
1108,24.232303629038817
1109,58.51092556472065
1110,46.67386660788051
1111,49.52870150077355
1112,57.16224039319267
1113,33.65530041576531
1114,64.7923556798393
1115,64.28851274899839
1116,49.569614268134224
1117,37.743329712535385
1118,60.64990508116523
1119,41.23793739501443
1120,34.15353478995363
1121,34.06952809319077
1122,34.6925728073762
1123,36.249841817526644
1124,63.6092490478963
1125,27.23342553641923
1126,61.74143333882156
1127,51.2631732885449
1128,40.894454083966025
1129,41.32556882447676
1130,62.63761502847521
1131,80.39380340182677
1132,35.39986425017232
1133,37.67363669354164
1134,64.57948673712531
1135,48.72495497594578
1136,46.837479161485675
1137,52.759123952516774
1138,51.18942201170261
1139,44.096039627345284
1140,47.39478771061121
1141,47.29227288885273
1142,70.46553543056474
1143,26.82983794812379
1144,65.22041251119313
1145,71.32072432602746
1146,30.18004374358646
1147,47.17641745975564
1148,31.196493865039127
1149,69.07810944263257
1150,31.28935278755617
1151,33.45908402538618
1152,29.55209988388511
1153,58.60430046460162
1154,34.71728124655259
1155,36.60270079778836
1156,28.000867080968703
1157,68.8677216273901
1158,65.45145782112004
1159,66.24585653582906
1160,31.429553669671
1161,59.04084106382361
1162,69.15635797557135
1163,28.236586988832087
1164,71.15115326670107
1165,62.436349239479185
1166,71.74436735439312
1167,68.66255154082191
1168,33.89459939695428
1169,47.490767247175576
1170,25.679993607963233
1171,71.09005627854339
1172,31.09741436865219
1173,58.40905707075889
1174,57.566706811494825
1175,43.2726385316023
1176,57.00407871402057
1177,64.05191568868058
1178,38.244412689287294
1179,31.202161884355615
1180,40.822776077269424
1181,67.62622973156056
1182,52.49678470225229
1183,34.62300655930199
1184,38.00638897271089
1185,37.98131485830243
1186,65.57201405492366
1187,51.09631945463266
1188,19.423101541835013
1189,28.87101382453129
1190,27.465079121584616
1191,58.076729668110055
1192,44.11621437435362
1193,35.43075598199188
1194,40.70358520909808
1195,41.128878687681805
1196,30.79180888297902
1197,69.92411105765733
1198,33.66484319186067
1199,54.81363736741919
1200,67.14177644573057
1201,36.20508087931495
1202,75.53224898633803
1203,59.720134512822135
1204,60.234835716229256
1205,30.50718740095884
1206,34.57880390763901
1207,68.48602354971823
1208,45.48690066161537
1209,64.37962938861114
1210,54.080866702494504
1211,45.37704118190218
1212,81.96304149758751
1213,47.08574960826115
1214,70.81945871279947
1215,62.449775488366264
1216,27.380296099197786
1217,51.84715123346085
1218,31.72820983346638
1219,59.6449091641697
1220,35.70416670272347
1221,46.98313127867437
1222,38.50327755834711
1223,36.02280495921069
1224,34.06824009387215
1225,54.120846335987494
1226,72.33250773176968
1227,60.750902389210616
1228,37.84878424060562
1229,76.1737329128
1230,39.63575431412989
1231,29.823645117639092
1232,43.84538696027601
1233,59.201589165156214
1234,64.94110922967545
1235,42.57282597357004
1236,78.339232947664
1237,54.67397005050882
1238,46.516909998894086
1239,34.38937713729793
1240,32.56642216261123
1241,72.16447247081395
1242,35.893967563590806
1243,32.07423669375865
1244,47.9916795968848
1245,48.41822695071686
1246,69.13337694032317
1247,47.87858724029549
1248,74.8915827930708
1249,32.170736487696644
1250,46.495152232995785
1251,30.665033366673022
1252,31.665234586540272
1253,29.96639897775857
1254,74.66241842556823
1255,55.23460797907331
1256,44.83715683566521
1257,74.21310414867119
1258,65.20484944574585
1259,70.29532012961621
1260,58.71670901559821
1261,33.50121949900115
1262,29.139727550483876
1263,75.75362546024071
1264,31.461463492186045
1265,57.75846923529383
1266,31.169880374149457
1267,65.51476470742757
1268,31.47058330558266
1269,65.98456014040246
1270,37.61191792480225
1271,38.18748977134231
1272,37.51109046736147
1273,40.99970534078625
1274,68.01072474754534
1275,70.12272182911128
1276,59.16589016072916
1277,31.681645978089385
1278,42.673790978171475
1279,30.699111951453702
1280,70.04703313025067
1281,59.37096646276201
1282,48.34988844425692
1283,33.618566602858195
1284,69.58825940076167
1285,78.29344975756781
1286,38.40407179182619
1287,42.458252765912896
1288,55.10735662275829
1289,60.26176685896755
1290,34.06717443740403
1291,70.82444449557434
1292,54.05598793491942
1293,29.871052097852573
1294,45.20507424417884
1295,66.36094227390927
1296,30.443528263414702
1297,32.69337297428983
1298,37.353533567380836
1299,47.55854816859366
1300,41.47236217612728
1301,78.56382704558365
1302,64.90446182334497
1303,58.93467199107506
1304,67.77518341226487
1305,41.46382758554387
1306,70.74604628391258
1307,25.863989598870425
1308,56.83844405329047
1309,34.47088872299327
1310,47.62343932103801
1311,53.293585441863044
1312,70.20086365345725
1313,39.142320426917344
1314,29.903834941711697
1315,31.69104977158873
1316,27.02807921707044
1317,56.75887272956373
1318,30.700785434534783
1319,38.204119324610055
1320,43.40994699042898
1321,34.23046586245009
1322,70.37837978275333
1323,70.35572625455129
1324,49.68310078815294
1325,61.96599415997762
1326,36.63539037923655
1327,26.58396331934801
1328,72.22146209588198
1329,39.22817020925241
1330,63.882255064566095
1331,47.78876392714656
1332,25.690450703738378
1333,34.76417889899684
1334,73.96300835056593
1335,73.02009422115627
1336,73.3236611661976
1337,30.066761164414686
1338,46.02087887958621
1339,55.54276655523383
1340,29.00177463499315
1341,30.200316895989936
1342,30.514029624034364
1343,31.237760649497737
1344,30.526612240602468
1345,28.313901754544005
1346,52.496415093621565
1347,30.13986065621171
1348,71.64276800306936
1349,65.19645113725194
1350,37.68959854192937
1351,61.37174907391105
1352,28.318889691988645
1353,75.68435011798518
1354,66.81957640375359
1355,32.156514850137484
1356,43.972193654987045
1357,31.803755238448655
1358,29.371306590351736
1359,38.078390665184024
1360,52.54453917902377
1361,68.08526367482939
1362,40.159809446260056
1363,30.233714129694977
1364,26.425429779414713
1365,39.798498843436924
1366,33.51620015161557
1367,33.09251846366146
1368,62.97400941225181
1369,35.33649318672772
1370,36.36910708042475
1371,31.544294985901363
1372,26.920408037125778
1373,74.04396696439527
1374,27.378320379993614
1375,29.22817078619051
1376,74.15241176684897
1377,33.792322199206076
1378,59.941415388745895
1379,31.484838999492194
1380,31.87617375351938
1381,36.10868611702403
1382,33.00590469735539
1383,32.443700409910434
1384,67.56367327880653
1385,75.559834464065
1386,73.93079240726229
1387,44.19942357471614
1388,29.115151752112794
1389,34.019457499351574
1390,72.74850404083372
1391,34.24640797235244
1392,69.5911281955594
1393,66.09963275235653
1394,38.30275213550776
1395,58.365285176000064
1396,33.937957885213585
1397,34.939746472827224
1398,60.51528949518357
1399,41.93683245156639
1400,29.079287711964668
1401,48.42157182205362
1402,25.3983559013241
1403,28.639446996873108
1404,65.21281286163567
1405,75.85675316163722
1406,35.54467561452284
1407,32.40101006996404
1408,55.822326894873505
1409,60.389888386699454
1410,32.10427000456902
1411,38.175152801293756
1412,70.3840886935819
1413,49.370667883543334
1414,60.4125280658429
1415,73.78125588038837
1416,72.43890590574154
1417,26.231941565756635
1418,63.366781933386754
1419,76.42114669682306
1420,63.70796698935342
1421,68.83473242560373
1422,74.00866419902982
1423,47.990049042114414
1424,36.381432214958366
1425,34.046360764797555
1426,37.134107809777355
1427,60.30663085743816
1428,65.86699523610558
1429,34.075268611214454
1430,76.29171786476797
1431,25.187289211827668
1432,22.469832976138918
1433,73.65024141436501
1434,57.500308831368926
1435,52.126902414755
1436,29.326350699783497
1437,30.242979537949726
1438,84.16943090958861
1439,60.66875773580732
1440,62.98422328271707
1441,33.163124652496705
1442,40.745383286423575
1443,27.5493541806441
1444,37.782702093849174
1445,34.40240912708116
1446,39.8135962815822
1447,70.90292213193476
1448,60.81053711802144
1449,46.59071072699168
1450,52.10784188208021
1451,42.366079909092676
1452,31.783231320671053
1453,64.03626031458612
1454,44.086045937486645
1455,72.13047973899127
1456,68.50384783132213
1457,73.40460756723675
1458,41.803771735609665
1459,65.75635276598197
1460,33.45431036545054
1461,65.5617381190207
1462,70.48147454611531
1463,40.926588617622194
1464,49.755719022580095
1465,39.70298694712575
1466,46.5474080764556
1467,42.8302558783022
1468,42.113375118175185
1469,34.7468368446368
1470,38.01949332688897
1471,36.8365555331983
1472,28.91549759028397
1473,76.55816534190227
1474,48.32430162177431
1475,47.68638414384538
1476,40.47053847643937
1477,54.44304907777171
1478,66.31060167774496
1479,45.52804088233025
1480,43.72677131021968
1481,50.66324761466775
1482,28.780546579211666
1483,44.45193125127108
1484,36.147641047767905
1485,44.70017548389748
1486,61.55922208579554
1487,30.47848385992259
1488,26.899870647113435
1489,30.58017291816961
1490,32.9774455290981
1491,48.59273073891468
1492,51.1997950773675
1493,74.58011195293571
1494,53.08441369183804
1495,65.62915698872328
1496,66.6573005875128
1497,27.77193922684152
1498,64.59130032912412
1499,60.989615064817535
1500,72.81885819823847
1501,39.99435506888341
1502,64.74691660907749
1503,54.4724651416764
1504,68.30740838947914
1505,28.859059976672548
1506,71.23652901814994
1507,32.161595429973964
1508,43.68747095097204
1509,38.42361398441189
1510,52.28061327781818
1511,69.8159706775333
1512,56.40338115464392
1513,33.38786421894585
1514,33.501380785372305
1515,66.13709618801613
1516,71.04433841400048
1517,34.00085343450361
1518,74.1588357023909
1519,36.37047720848653
1520,38.85236414683649
1521,48.50131460270402
1522,52.679522168529395
1523,38.116210152287046
1524,34.37165148286478
1525,31.7973205421854
1526,44.54110710495003
1527,34.689565546623065
1528,29.687757394079327
1529,28.247434385997455
1530,69.31012513955798
1531,63.04362006110211
1532,67.18542973241003
1533,49.480643897519506
1534,58.6428912509119
1535,48.802364963887975
1536,59.12398634065024
1537,57.03677471511479
1538,32.01879377066061
1539,46.556644485926405
1540,66.28217900574441
1541,49.55656825243488
1542,87.20176071701208
1543,76.02529714009341
1544,52.90424742383222
1545,34.9674387759415
1546,46.199420433919556
1547,63.44809001918437
1548,67.87444014128704
1549,39.100281924464554
1550,32.323370495849
1551,27.158366706110805
1552,53.12091546372368
1553,62.472970574793706
1554,68.72391479126738
1555,40.72169443738762
1556,34.733004309138835
1557,36.08026898517793
1558,75.89306332480137
1559,59.89834281374352
1560,67.76304267830754
1561,44.02218494218219
1562,67.62627373818245
1563,46.803265068530685
1564,63.27917379049163
1565,34.870498005166574
1566,30.924062362691714
1567,68.35640280671598
1568,40.79667372049943
1569,32.65146307293622
1570,27.880349527025043
1571,32.79221309209531
1572,50.88861169644619
1573,31.535883669353332
1574,74.83815033359714
1575,70.28680620994622
1576,65.26306338976272
1577,30.57143227328972
1578,72.46083982951131
1579,48.693079516314015
1580,66.78998645755185
1581,32.90693806744991
1582,51.138465699292624
1583,46.590857259004046
1584,52.60575059760773
1585,75.21353242304482
1586,33.11307912032399
1587,31.967546564990155
1588,31.24432559390256
1589,41.801005544658295
1590,70.81802467690272
1591,43.04183529689445
1592,28.93241891440247
1593,71.83816475425722
1594,71.27110761874411
1595,47.036871551976716
1596,36.12357141518345
1597,61.14896747937116
1598,47.760728631468695
1599,27.674849987355124
1600,32.54635092519852
1601,69.59597225104852
1602,25.72487226429863
1603,56.0662778563402
1604,46.86869993473063
1605,39.598504917947054
1606,56.61145337906032
1607,76.6251357724381
1608,39.469159889372676
1609,49.98168117597519
1610,68.06565645771076
1611,39.10393440568045
1612,52.43972710230323
1613,29.00237878965092
1614,42.424657863378755
1615,71.8774570702541
1616,42.08931464000568
1617,54.41053021827664
1618,51.269398295149074
1619,36.51680895496622
1620,27.830928574584295
1621,45.61557027341578
1622,59.80496923314298
1623,65.73603350465845
1624,74.7406835823145
1625,68.90779712279192
1626,38.888607465825054
1627,50.057962922069
1628,29.687709242532662
1629,25.574813883258052
1630,48.52641240972199
1631,66.35277752856184
1632,72.41868821839996
1633,38.3231159168314
1634,40.5104669605133
1635,36.327817751672356
1636,44.736380001139835
1637,39.1699475214988
1638,39.26837489485172
1639,31.911959003837403
1640,41.8430016668947
1641,38.245301595513446
1642,46.78719035536167
1643,64.2072503117106
1644,42.156827878639966
1645,58.00326922849153
1646,62.66607942596543
1647,74.28226378597543
1648,21.41260032985866
1649,63.69691810734098
1650,31.488651354289203
1651,48.26345141693445
1652,45.28909546670011
1653,71.02446891005837
1654,36.33792153234376
1655,49.94654248349541
1656,48.21639647312805
1657,61.62364163995731
1658,75.57783530966958
1659,58.05470539544679
1660,56.730886171394054
1661,28.798971780374462
1662,71.57780941299151
1663,29.336768491559006
1664,73.53860731328436
1665,28.42894889028696
1666,46.13786501394084
1667,56.70033004060791
1668,64.61912228967205
1669,36.2820134506213
1670,47.50842090773042
1671,51.998700714297286
1672,69.89249419937657
1673,37.32516810194596
1674,45.29456084755418
1675,58.322583966152095
1676,71.43054897752658
1677,68.32493484107268
1678,69.15930196083144
1679,38.04111868067491
1680,35.1940454465227
1681,62.314314429060985
1682,57.41421154639367
1683,72.13701640133259
1684,63.918668632392595
1685,38.38509380196124
1686,47.40118949834143
1687,24.055364019489513
1688,73.14854855575865
1689,60.68908720878524
1690,57.8003633534917
1691,69.25065003630382
1692,38.51313420190163
1693,42.8010661140073
1694,71.90829463516216
1695,33.13702965209539
1696,48.02140531167551
1697,34.24396589567083
1698,76.93128564200684
1699,66.12626336692495
1700,30.169628189636338
1701,53.74818956753445
1702,25.588616445233413
1703,29.694640907494474
1704,29.624571950483563
1705,39.91394887825832
1706,68.56361079655396
1707,58.4576369284219
1708,27.302290697913882
1709,60.09994921439166
1710,57.404591625033135
1711,67.96593240507984
1712,38.38208903150149
1713,32.21984250595162
1714,50.78643220700858
1715,38.95672441749447
1716,58.11998971664584
1717,36.63527121886534
1718,50.40705753175658
1719,35.93901176428693
1720,42.739637851956296
1721,26.061044536853245
1722,31.444404951976622
1723,52.62172717405141
1724,46.569854954977195
1725,71.98800683823913
1726,70.00856298623913
1727,36.94721069811901
1728,49.43835712113803
1729,67.86215104012975
1730,48.14973613344048
1731,31.01271560469099
1732,43.668881792157606
1733,73.68323775392977
1734,41.19960216389585
1735,52.44003775575083
1736,31.603217394633038
1737,55.163835638037774
1738,29.281966340418155
1739,46.96786660161254
1740,36.05868484836863
1741,33.42820139610363
1742,33.55937403051608
1743,31.95813530934542
1744,81.98377573780868
1745,56.58188227745652
1746,47.82669403737306
1747,69.06016198496323
1748,73.33700660129627
1749,24.13091938508253
1750,43.89722595274928
1751,41.808527888115265
1752,35.608174326988895
1753,56.16311650585209
1754,75.41782754948906
1755,72.45283513009139
1756,61.01067739281256
1757,27.83425250502314
1758,32.10969023085576
1759,73.01309922465788
1760,33.7563141746325
1761,27.291758902245405
1762,61.328630004446836
1763,68.63930547463453
1764,45.83902983639232
1765,32.71760961979962
1766,71.98678296814501
1767,32.375194195843115
1768,73.64346126722124
1769,65.37723334819475
1770,68.75947328124629
1771,38.31689197261789
1772,70.01553519332117
1773,31.212244270474407
1774,28.3817951287243
1775,36.72263980377551
1776,31.791069997144024
1777,30.21052467663214
1778,39.11693085919495
1779,54.98252663971744
1780,35.39811509633104
1781,31.281289634605432
1782,69.3811529631098
1783,29.096173916848297
1784,71.33010955722374
1785,62.52468305562438
1786,33.64052837252622
1787,58.72128694819113
1788,69.48435931696893
1789,32.259010546527236
1790,43.12836137899188
1791,55.979297268140655
1792,38.60118959913885
1793,33.10060213835376
1794,66.95864891181455
1795,62.271068013907225
1796,70.59998152087302
1797,33.25922306605299
1798,68.3085929590716
1799,31.713437642082578
1800,29.623756020736295
1801,46.58062196139978
1802,54.997324385259255
1803,37.333262450911235
1804,34.5137478892693
1805,68.7036120368815
1806,30.898813116206984
1807,35.43002942986889
1808,50.51872601013922
1809,76.43024671112457
1810,48.88480510219172
1811,25.014479249912583
1812,47.49702347380854
1813,48.14092731805935
1814,41.499532036276015
1815,27.39621943983602
1816,57.69953279396999
1817,38.52533830518927
1818,34.39467967819026
1819,27.887243891029225
1820,65.43886900764002
1821,63.4876289826566
1822,75.27158552556504
1823,40.56960751561687
1824,41.66842227433052
1825,27.593845173759657
1826,29.91724049364283
1827,27.904203370473166
1828,45.07151823710257
1829,69.86697038394429
1830,26.7700028766553
1831,27.309424966134348
1832,40.106871749079346
1833,35.36928332064068
1834,67.74825730261455
1835,36.82866237040524
1836,35.57049143856089
1837,77.82746679692708
1838,61.5371519591354
1839,44.10577423224761
1840,30.36655565581502
1841,31.59697066718949
1842,41.51286976881512
1843,38.85366688349434
1844,53.321113559885916
1845,60.48235525327421
1846,31.905629091909745
1847,50.472937620145686
1848,60.40857680406826
1849,49.63216510877235
1850,38.99779777267732
1851,72.84404073186333
1852,72.00679348751794
1853,31.91545483714832
1854,59.68200871443072
1855,35.3395337216144
1856,65.17475525120733
1857,35.16708799359896
1858,33.97006274559181
1859,47.39495557810693
1860,33.39577621480791
1861,67.58599766869563
1862,43.76424476147687
1863,59.182937553068676
1864,49.63943786132483
1865,69.42909498841667
1866,65.9059817757489
1867,67.47270517177272
1868,67.27343304155944
1869,31.165658951395642
1870,64.07512184972536
1871,26.886271579642397
1872,36.9371886236204
1873,76.64354266510541
1874,30.991316421998114
1875,37.269338803976034
1876,51.1785458363538
1877,32.80939229285644
1878,35.926715229117555
1879,43.7628599500338
1880,70.44301863294363
1881,43.13207823884468
1882,28.52958158295533
1883,36.82601017926318
1884,63.733072762199455
1885,38.931532530108754
1886,52.620445801707305
1887,31.020533730685575
1888,32.224539351555954
1889,33.245848941599355
1890,61.37148519518582
1891,63.42832652904574
1892,75.47009447803207
1893,35.95513020169276
1894,55.3066498500208
1895,28.06723565471668
1896,67.46649846225168
1897,35.167714924948356
1898,30.866094953022696
1899,33.982486686938216
1900,35.141560899263034
1901,34.65479940390508
1902,36.56628766158982
1903,73.65390175487764
1904,22.40818988573463
1905,37.26639908018096
1906,42.80114441327808
1907,64.99061636174743
1908,49.154028553928114
1909,28.314686529230077
1910,70.69879682622145
1911,53.54953683400533
1912,42.4576862131285
1913,58.58692317403397
1914,34.79344435037405
1915,76.51517802234781
1916,59.487071735467055
1917,50.224999244215454
1918,36.66657238792391
1919,26.388236553443406
1920,66.62147949126324
1921,77.20070097047025
1922,62.86897301216491
1923,27.961246754605952
1924,42.315128253864586
1925,59.4359812075638
1926,71.70045963373435
1927,28.695944550427043
1928,53.45239450817079
1929,35.25197278744321
1930,42.42290071772227
1931,42.87400123798909
1932,39.49023656768932
1933,28.577226714937975
1934,29.55241191129429
1935,32.52826118571433
1936,76.19418936547396
1937,29.505548536729385
1938,55.46791004239339
1939,60.77967842006551
1940,79.135013597218
1941,73.26314827053838
1942,35.18542472792561
1943,28.658853677149473
1944,35.62951277301046
1945,30.217467977922123
1946,34.322022945966026
1947,54.36118362185991
1948,53.27223632103975
1949,71.60875121585472
1950,29.47361633681764
1951,37.135513420606735
1952,23.426382132189378
1953,40.863198932133464
1954,71.63352644412817
1955,36.620970158664164
1956,37.11929698937846
1957,84.95755434483499
1958,30.928864514439955
1959,40.27674527338341
1960,30.948380525978173
1961,37.05899803312121
1962,63.804186576060644
1963,70.05348693321176
1964,27.035160805127024
1965,72.3763301407977
1966,29.59324461288603
1967,49.209385432908526
1968,35.46503207814404
1969,24.956862642107545
1970,38.41079980796576
1971,51.90268136713113
1972,58.292104843222035
1973,42.93028525212601
1974,57.35914026830602
1975,60.98151863765533
1976,34.77920384858008
1977,29.35165638081736
1978,57.77943305089753
1979,70.80330895863165
1980,50.74365825868755
1981,19.463727134016306
1982,67.79679083513669
1983,32.37165004628137
1984,34.20462582141387
1985,33.236169762888146
1986,46.01268233036267
1987,28.696377443450242
1988,30.04633943093788
1989,51.38011358557614
1990,38.48811044115071
1991,37.81453671645724
1992,30.538904678739208
1993,57.0559018169065
1994,48.12494142735126
1995,41.62444320402783
1996,71.6023716817878
1997,68.64037239903558
1998,30.013632409640124
1999,46.504430713795784
2000,53.99110606937678
2001,34.51971864545904
2002,67.26995390201525
2003,60.246754141370744
2004,40.87366866507421
2005,44.72447818833136
2006,75.27476657824448
2007,40.95362448333259
2008,33.4375573428525
2009,50.939389657328014
2010,30.588273614510832
2011,40.449053612957556
2012,37.03888991767942
2013,72.04211366045296
2014,65.60734813558406
2015,68.75455656570513
2016,71.49381282083093
2017,31.951524751740177
2018,62.21439900957694
2019,51.292395267683375
2020,28.517273995166114
2021,71.89193233336111
2022,68.0543460700895
2023,52.230486528851365
2024,72.34508156333305
2025,74.51153376547079
2026,37.13644308560472
2027,28.259109590360094
2028,29.082359697463517
2029,24.944457239759583
2030,35.57842806094795
2031,41.22771920602718
2032,71.46594815513356
2033,47.29547270359661
2034,60.78639968868657
2035,35.79403482634908
2036,32.81312369959868
2037,62.00384679379291
2038,53.51272015771788
2039,68.81077618511227
2040,62.71885316977334
2041,38.570962534629736
2042,66.49789851317266
2043,72.47306166101723
2044,28.461542950864498
2045,40.13399287870297
2046,90.13606576064599
2047,35.346941444412586
2048,38.41145424166595
2049,71.01755320761987
2050,42.27518522385794
2051,43.25479108257126
2052,37.59940150272763
2053,39.26471855984765
2054,68.50974581404648
2055,46.74092804088625
2056,66.5742194479339
2057,39.718384408100036
2058,26.103243239572272
2059,51.05944733138677
2060,60.11609560499725
2061,53.652629099624406
2062,68.374034512831
2063,74.65191503087206
2064,68.20758023854486
2065,75.01281697271583
2066,64.53074719546079
2067,74.36879977122966
2068,30.582136790120806
2069,35.410807906714126
2070,70.59461990851293
2071,50.19148936451879
2072,65.12876044744762
2073,33.49016159089527
2074,73.04433298873988
2075,51.6955770404702
2076,30.89755861717741
2077,33.918021959719965
2078,78.20133987762222
2079,34.55826326769999
2080,69.83529215383767
2081,40.36020286921257
2082,32.83495438264288
2083,33.78560501165614
2084,66.14822245508653
2085,43.58395659862908
2086,63.851700304685124
2087,27.619156430792437
2088,63.575787022465
2089,55.509314364719394
2090,67.6366604794216
2091,33.38327444722192
2092,46.485353828605554
2093,30.164449017299138
2094,31.549724779563007
2095,32.38575739538654
2096,77.55587853529236
2097,29.550509528186037
2098,31.838433784338534
2099,31.3477259387245
2100,31.736958596457647
2101,50.27542159264176
2102,34.671538166686844
2103,36.14404141068067
2104,63.454248505419656
2105,40.41272033024437
2106,60.063640215925105
2107,43.110467073241054
2108,46.12507027928905
2109,62.40253161691498
2110,38.53560581422578
2111,26.836832093135378
2112,30.569014142795265
2113,78.20565077382813
2114,53.33415486768023
2115,29.044945202157052
2116,47.48410862505029
2117,58.96114936400983
2118,66.9172295553195
2119,32.03811127144441
2120,45.540086952043396
2121,32.56428838039612
2122,34.74352875079484
2123,36.04134614982694
2124,62.340061676929324
2125,39.5741193746879
2126,32.962328367446744
2127,65.71612306980322
2128,35.89801390555255
2129,71.74739264231391
2130,61.883624320039566
2131,48.87770215307745
2132,34.123924697778776
2133,73.32015365960379
2134,27.734567561285548
2135,35.47579835032613
2136,45.026259620736184
2137,58.82966094116955
2138,60.27024039114919
2139,73.77119009871834
2140,32.12372178988593
2141,30.93566456773756
2142,30.27662034078944
2143,43.694822692405246
2144,63.34537792297094
2145,34.14320356677
2146,71.59184607845276
2147,33.20344229619694
2148,62.6880458513402
2149,69.42804598683367
2150,50.153810956721706
2151,47.99796995405043
2152,60.4048511101073
2153,73.31829800535803
2154,78.74586431268943
2155,54.86076082611443
2156,50.59030889762163
2157,48.78620221947485
2158,72.91638979959389
2159,67.51038262078659
2160,33.292708324802405
2161,33.30929880768455
2162,34.70565701962244
2163,70.19480218166314
2164,35.1646913713145
2165,47.92941699321802
2166,34.69566419428482
2167,40.98577567800858
2168,53.31115096590144
2169,31.24048488873156
2170,27.95092055895751
2171,71.57718191543594
2172,53.55031454903752
2173,34.321412639901226
2174,41.623115852743354
2175,44.36828573887344
2176,63.616280033142445
2177,50.93053785125503
2178,68.04933268715459
2179,28.771111460788237
2180,30.708296801587704
2181,48.66469937731073
2182,38.867837155191
2183,40.727933123865704
2184,66.67537408306943
2185,39.96421078006805
2186,31.785465959302865
2187,62.30748680438866
2188,35.368332130491645
2189,29.579872224751142
2190,70.25429371944664
2191,55.80769068875999
2192,32.46090799389002
2193,66.57407163478743
2194,53.64484440744524
2195,50.126788622289034
2196,49.430049736508444
2197,39.04600720183184
2198,28.96332895185455
2199,71.91591541816301
2200,33.38680248416992
2201,31.349678889240323
2202,68.2312213938608
2203,75.2520725558852
2204,23.954473310672157
2205,45.91221484062957
2206,33.13565345388103
2207,26.739927061257166
2208,73.27861796151778
2209,32.0920665265233
2210,71.6190394660834
2211,72.00054994105965
2212,37.32839962049652
2213,29.017523565870388
2214,44.911194034134624
2215,36.57863350383438
2216,33.05917760006679
2217,53.11411162827155
2218,69.72359473854665
2219,33.82747851260061
2220,77.01474077486367
2221,32.95287282567822
2222,30.19489177555801
2223,23.13480408837252
2224,69.26640257300397
2225,34.67424798216123
2226,26.8314737062136
2227,45.182898313951924
2228,33.03425279176862
2229,17.31024689952865
2230,64.7395766835422
2231,65.00400671754241
2232,72.47182220158858
2233,29.63522166875243
2234,54.48101800353111
2235,45.19526649578913
2236,53.60848182182506
2237,55.180476450053845
2238,34.985692016042336
2239,38.46402738726788
2240,50.150496004281095
2241,65.72519856886333
2242,29.302973577565407
2243,54.37797200794266
2244,65.4427701691258
2245,68.22717011972227
2246,55.558589972326395
2247,40.131749401952305
2248,26.076650454670176
2249,68.31698305130271
2250,30.64151109784482
2251,29.60551769801266
2252,34.90872752432949
2253,30.996848382005762
2254,62.97631427473757
2255,69.31363841443654
2256,30.96865638315227
2257,33.90173109053887
2258,35.164387453329795
2259,60.41340886586522
2260,52.39865002903505
2261,56.773132327804326
2262,66.75943396971114
2263,54.93034684408756
2264,34.17794034461959
2265,71.46729455248567
2266,69.63659807848063
2267,28.407851729113357
2268,29.252141348821635
2269,34.317734993189106
2270,37.06488466797534
2271,69.02487871355669
2272,41.85122223782678
2273,29.073210235195674
2274,33.82735132940938
2275,35.88657623967897
2276,54.392505798550935
2277,34.805574951243976
2278,38.31257192777301
2279,57.71248147338188
2280,67.13615875648989
2281,42.14206393828924
2282,68.02205321043097
2283,32.74141880528164
2284,35.15824888162375
2285,41.1910169931654
2286,49.208843327971174
2287,31.21010980020112
2288,79.09036604896383
2289,64.24239607110576
2290,30.488817391979023
2291,73.28688422765916
2292,35.97301751308201
2293,40.76514253478268
2294,65.40712387508206
2295,35.96600583049058
2296,33.69191308113733
2297,28.960727357922202
2298,34.03746487919167
2299,33.15898386350681
2300,64.5620552530422
2301,69.22311331459326
2302,69.87086436732511
2303,50.689108256167835
2304,34.66829281846459
2305,48.264759565531094
2306,36.79576782722537
2307,28.29597577361117
2308,27.973702615337988
2309,28.64995852104595
2310,34.780395511806574
2311,60.15040527826524
2312,57.2797421517373
2313,34.70298840480549
2314,45.22359460830238
2315,68.59648771018772
2316,43.7273800059437
2317,31.798357383899408
2318,69.32241628328077
2319,66.65153267508316
2320,47.678703470111195
2321,34.667285693031296
2322,37.16954524711178
2323,59.701153257232775
2324,55.12707631414936
2325,47.46867555906589
2326,32.406971471018394
2327,27.239300263230135
2328,69.22253820613587
2329,66.90898502733376
2330,59.86665321960458
2331,32.873334074552766
2332,37.177190413321256
2333,75.44907452888089
2334,38.29689455786743
2335,28.070197822240917
2336,41.87346012032738
2337,28.74915652186933
2338,29.447327106889983
2339,70.06113879938191
2340,33.76064448311149
2341,36.32739502790365
2342,72.47718199928529
2343,61.59272698522593
2344,62.752874449351616
2345,53.15581377650651
2346,50.598447285078656
2347,27.913633293527457
2348,30.25500802140819
2349,65.04065450046309
2350,31.073681348687316
2351,73.11177981267694
2352,32.686640742769114
2353,30.63326545880127
2354,38.301323064363004
2355,69.75715773037203
2356,56.94455485952361
2357,36.88286406512776
2358,70.44871104749562
2359,29.657576022532353
2360,28.57343750740222
2361,31.723667409558118
2362,57.14539457941463
2363,26.811631418481504
2364,30.252765123153843
2365,25.688069703413543
2366,61.013821921377684
2367,53.6225414013509
2368,79.38286135474692
2369,35.54053451150311
2370,66.8901041930751
2371,43.3155051916246
2372,30.58387294938714
2373,77.4859683285225
2374,67.13765805667107
2375,51.08562896379034
2376,26.81229495036998
2377,31.45403163635097
2378,50.19473540857861
2379,74.30394984283451
2380,64.71742553973891
2381,23.093558094890284
2382,31.593665186617066
2383,37.212046533256085
2384,41.42849801461432
2385,63.24873607444462
2386,73.5995611639895
2387,32.067690080435625
2388,37.348663626221295
2389,44.280617913227545
2390,40.323094580213315
2391,58.75072705151493
2392,74.03276454501135
2393,42.9580478675397
2394,62.106537059015096
2395,52.90544662739376
2396,42.524462757348275
2397,29.00041299326886
2398,31.104788587593113
2399,51.40964851177422
2400,26.332562781195254
2401,33.0714131133831
2402,66.61533259354937
2403,62.846593034314644
2404,48.1554458091397
2405,64.40225822536158
2406,33.79705311094592
2407,68.09988802923033
2408,60.56366105511322
2409,42.05205210480982
2410,69.63325262690374
2411,56.46323188298073
2412,29.618806073850504
2413,30.455737943381834
2414,35.95466825677006
2415,33.64292449267534
2416,42.11544370123673
2417,27.57263947296856
2418,69.40286111526727
2419,50.4554637419154
2420,49.94007079629952
2421,74.12449085094578
2422,30.067223762805618
2423,67.75160120751471
2424,69.43452632804687
2425,69.3112360416678
2426,52.00203996725864
2427,37.93019983805286
2428,59.3839283774862
2429,43.75019249785829
2430,51.69146787907696
2431,94.24658564705943
2432,89.86625341416821
2433,33.930394079791085
2434,37.90022548044869
2435,49.71616336348619
2436,57.27749435981573
2437,24.3649698892403
2438,72.43813041383835
2439,55.67212849249518
2440,24.672407578180206
2441,62.29333123132873
2442,33.58304785064536
2443,34.82646536999091
2444,40.2893272304905
2445,32.324247956292965
2446,75.11137233534558
2447,70.35294712189567
2448,37.439602823589254
2449,57.52486445174099
2450,27.693083051285182
2451,36.0825549142859
2452,67.69007658548486
2453,25.84293542149159
2454,39.52420835936941
2455,28.979904728045483
2456,51.125602531258046
2457,36.749878107277155
2458,53.209404001757385
2459,36.35019500406191
2460,41.33156892624997
2461,71.66571885688512
2462,53.75778596512967
2463,52.553152656512104
2464,48.72698093246387
2465,30.33733912998231
2466,72.8011225324673
2467,32.77980372113265
2468,61.9278019078335
2469,69.43785170148257
2470,79.33291684058722
2471,61.46147626917615
2472,28.692265072983265
2473,26.15492628842809
2474,29.502101129429594
2475,59.36501052358729
2476,30.832376588882884
2477,68.88185560550312
2478,65.60664464697234
2479,27.854725655134065
2480,20.653532681944913
2481,67.41989818609574
2482,28.299769139157952
2483,29.17472892275594
2484,31.227374310951415
2485,29.10712521436977
2486,66.05866115385626
2487,42.062412528554304
2488,64.0312356397974
2489,34.19399469512051
2490,30.66932126195608
2491,52.39174104938792
2492,40.811730822870416
2493,74.71977274630171
2494,50.742556486865574
2495,56.58588784016977
2496,46.20769169791872
2497,71.70354551145779
2498,46.62154339724298
2499,30.797062659617463
2500,41.29949431023432
2501,35.106991848049134
2502,33.54154448547189
2503,29.923859256227068
2504,62.30844050129971
2505,76.83586676922302
2506,70.85153361983109
2507,27.867874430836263
2508,40.34598709941945
2509,59.06549823972807
2510,71.58478215284157
2511,23.828669587095984
2512,51.8015745665147
2513,30.995187269148452
2514,29.983929766892306
2515,29.49956906066031
2516,74.13183329988452
2517,55.72366643416687
2518,72.10283877056733
2519,57.02331966644223
2520,39.54938817031463
2521,37.46061947921725
2522,35.04840059243512
2523,32.67367245145555
2524,76.61295209246937
2525,34.117245875211495
2526,27.146960748634093
2527,28.66868180831251
2528,71.02458773643279
2529,40.36464395975326
2530,70.02021354210362
2531,64.5901169077921
2532,38.82669204981897
2533,70.59944934493913
2534,29.1987458186313
2535,38.42623655145936
2536,31.027739957102344
2537,28.93290611629809
2538,31.899396061098486
2539,30.40692719679184
2540,32.350614413988275
2541,49.39819809916626
2542,26.261053070254313
2543,23.501336756448065
2544,33.13345547303682
2545,70.00856435644172
2546,23.904251436212785
2547,77.50810857279114
2548,56.67071985121005
2549,32.09406846775954
2550,42.69057347803212
2551,36.824133697116125
2552,37.807644595352755
2553,37.20304201440163
2554,37.234863189397366
2555,83.14787196660387
2556,40.94741778484871
2557,69.88724861111214
2558,67.43979642564454
2559,55.61706606949825
2560,71.36892081424531
2561,39.811269212265316
2562,59.4745021496255
2563,71.25026972888287
2564,22.318728063332212
2565,64.20540881514891
2566,40.49955104995204
2567,33.29781285068289
2568,31.324487228442386
2569,31.929238951325317
2570,29.17856683625628
2571,32.046196634468885
2572,66.6459612811301
2573,60.59837731086499
2574,66.77891250661375
2575,54.2838806863031
2576,30.808958140705396
2577,66.69935468418545
2578,63.24337754898207
2579,27.532476963393965
2580,30.470028172232023
2581,34.02185550521974
2582,25.33728216132229
2583,56.048364552021745
2584,73.67796751507844
2585,48.50340705153967
2586,66.44071249693206
2587,82.12829875510661
2588,67.63033133969391
2589,54.200487978359575
2590,25.71419172712337
2591,65.39982817350032
2592,27.88323896114884
2593,71.90810468535624
2594,64.83555894508729
2595,61.30927422233485
2596,58.72376188828879
2597,57.63094493856229
2598,43.79544241564813
2599,29.433028312725714
2600,46.39611390132042
2601,31.401997472762055
2602,25.000494572683717
2603,62.34450121906745
2604,36.78181750289125
2605,30.707207850966604
2606,54.84479971211851
2607,66.85991639518437
2608,51.44252106023356
2609,67.91980586347556
2610,38.354302359973374
2611,57.359246511496735
2612,71.5066684051028
2613,37.293054835735404
2614,47.81078282748038
2615,28.16384632788434
2616,27.28461398842959
2617,13.728476729917418
2618,68.2303986848465
2619,54.11971621520612
2620,59.24372046735226
2621,71.31644980692846
2622,57.6546485660822
2623,68.70101329935885
2624,45.397599388798106
2625,32.8658442947595
2626,32.33247409963044
2627,31.567160295949908
2628,68.13039373810778
2629,35.221399415492854
2630,36.58671119109778
2631,33.6745430903988
2632,68.26782430900568
2633,32.057608741747806
2634,55.850488767643924
2635,69.2875079708599
2636,59.26270118602844
2637,60.57159111344558
2638,31.03447190635156
2639,33.77473106051643
2640,60.684860570567125
2641,28.888838029460356
2642,35.75083632022975
2643,46.25169753777068
2644,72.595443645436
2645,30.590065503697428
2646,63.3180031081582
2647,44.39449538836601
2648,59.63797383434073
2649,35.07670371109172
2650,63.592201581384494
2651,33.33248013013066
2652,30.021367699269412
2653,28.161537172959896
2654,28.587623235348975
2655,63.28218852266345
2656,71.20020072640965
2657,61.81851438694102
2658,62.8330168829781
2659,32.54238140173109
2660,28.359638614166396
2661,18.51378428189715
2662,54.58362621222286
2663,69.9742788765778
2664,76.16146214536668
2665,49.83887529160223
2666,68.97839601127313
2667,34.676237898862155
2668,38.88612424016444
2669,41.10524583196727
2670,27.249225014453554
2671,55.05438740551904
2672,58.914538410844266
2673,30.787558247817937
2674,72.27338107386403
2675,48.45717582030053
2676,43.18417574379029
2677,75.41514044789957
2678,38.40046360788961
2679,64.01786382412294
2680,26.848064736264483
2681,50.10733779351945
2682,36.010366730900834
2683,31.853668357214982
2684,63.61008553384745
2685,75.30515556868495
2686,34.09665728972895
2687,45.40439533536
2688,34.55197525923906
2689,66.76044523942446
2690,63.913448957516906
2691,36.96102061014564
2692,35.18914215913729
2693,38.5037239595847
2694,54.877319395482964
2695,28.111115440054952
2696,64.92418230521105
2697,42.9749196049794
2698,67.62984719411583
2699,39.55233150638278
2700,32.66667344331876
2701,30.905543753225768
2702,44.40335752442453
2703,52.27754862135462
2704,81.17346881823613
2705,94.37741163151284
2706,53.23642379303951
2707,67.93410863840674
2708,34.666295711478526
2709,33.183702560766854
2710,66.13138071890516
2711,35.300447403150514
2712,40.316964063202555
2713,49.498369763928764
2714,73.12484404855822
2715,67.77119673601746
2716,67.47179229933117
2717,22.99796657575426
2718,47.42539937262453
2719,22.899488103815276
2720,32.28656128194843
2721,31.712477605840743
2722,66.3171239115249
2723,28.189817666263647
2724,73.76052519210472
2725,36.56955277178121
2726,70.13692906766175
2727,20.19777998885504
2728,49.01926201012123
2729,47.424191943228315
2730,33.260834180467945
2731,35.2471568596832
2732,46.66548150261078
2733,38.06069122468984
2734,30.733510995733372
2735,72.3151440691177
2736,69.64606830737281
2737,41.21142457231528
2738,24.080191927054475
2739,71.60962568671209
2740,66.19805705381559
2741,28.748068431004047
2742,46.37493825075169
2743,41.903705176067255
2744,50.4856896409749
2745,47.387035509432536
2746,45.8379475633046
2747,73.95667222026778
2748,56.741048575693156
2749,42.56130002869699
2750,45.114070205158654
2751,71.05643874724686
2752,54.61105488933382
2753,44.18298820814281
2754,38.496292244919374
2755,60.56277955235266
2756,27.391826305517178
2757,67.48957664046519
2758,68.95292511930579
2759,37.366878273318044
2760,39.32116302493084
2761,33.78459358238334
2762,41.366295977064354
2763,26.5325705985697
2764,60.07707603542118
2765,65.88529356473026
2766,73.71807517867833
2767,81.35618387302797
2768,61.57533641182806
2769,34.69594510213321
2770,27.316084646189314
2771,29.829520890081636
2772,50.91004853885884
2773,70.0455700835239
2774,38.98949560560189
2775,36.87860859850767
2776,65.59716385573763
2777,37.434166711960856
2778,35.9552498435536
2779,66.02040881763807
2780,33.88289402419524
2781,72.01094855291527
2782,38.787880342791816
2783,72.58300856006768
2784,66.47710823569905
2785,37.58640231313879
2786,71.79512891046474
2787,69.57790761494337
2788,34.93761986547128
2789,74.23550325605112
2790,69.94022103527789
2791,47.69150513630283
2792,37.84873822152268
2793,44.08905730497567
2794,63.219160099944695
2795,38.63451484087347
2796,41.08791241312734
2797,29.08427406285552
2798,27.9099416624337
2799,70.9124129018224
2800,42.58929553062919
2801,50.65555186873739
2802,49.622487825910916
2803,69.86258262818478
2804,41.21874910352201
2805,31.694406150345035
2806,83.84808225043705
2807,38.37558122343917
2808,42.04757440542314
2809,56.744341992339145
2810,33.678232714141174
2811,68.8925253478123
2812,34.58968872340124
2813,70.10271489403999
2814,51.24564133762336
2815,30.336612035456024
2816,63.35278250145084
2817,40.91090367594864
2818,36.04759879674225
2819,28.001558853923484
2820,64.91868441876412
2821,65.5679552230697
2822,29.501839928751913
2823,40.00048681142154
2824,29.312440706812485
2825,31.38512079139088
2826,75.18973250475615
2827,46.90910214869045
2828,38.37691539403757
2829,67.03355582008888
2830,32.62768527111606
2831,68.54076561189981
2832,68.37072770850983
2833,42.117836956447405
2834,73.68946971599051
2835,34.8963748268607
2836,29.63012491067171
2837,69.23480786209633
2838,55.05339223030521
2839,76.68844803149145
2840,62.760460056255525
2841,25.512222072013472
2842,62.916644891234256
2843,70.54764841027782
2844,32.73362250710632
2845,41.109981529965125
2846,49.09214524216322
2847,69.44322852855353
2848,45.55415498784388
2849,61.06267726211026
2850,47.311035512122935
2851,65.72248223067959
2852,57.43422742673637
2853,42.42595806349824
2854,28.278102902927593
2855,51.8658996444354
2856,66.76282655503243
2857,62.48493018145529
2858,61.28203172825455
2859,36.6912966311651
2860,38.70911890795053
2861,36.26756330151717
2862,30.244366303276543
2863,62.72197571198419
2864,36.15906774466678
2865,26.48913321304309
2866,61.00405975930787
2867,28.32467704881052
2868,54.12711918525916
2869,33.4113902604358
2870,26.642064312090888
2871,33.42434355710163
2872,74.87211120933917
2873,22.47551034157634
2874,71.46088729419422
2875,37.25090923586268
2876,36.79833707905772
2877,36.50945483106922
2878,61.420491533261846
2879,61.23121063301482
2880,46.75717568929118
2881,61.29090616260489
2882,76.01649154266251
2883,44.1922312151312
2884,74.3450711546124
2885,49.79599481918966
2886,30.81644405653506
2887,34.12863387354605
2888,61.71848957036839
2889,29.83102962381806
2890,36.425956265075556
2891,48.16385628925149
2892,34.060694521029106
2893,76.84583653475778
2894,33.15933902170723
2895,48.547814862293826
2896,34.36884622919961
2897,28.124751682914294
2898,64.87344070141796
2899,41.62837217152922
2900,36.760860164359755
2901,32.68707009374316
2902,29.990471748917287
2903,76.96440350936648
2904,32.28606112293208
2905,55.61043008730639
2906,44.26893880313034
2907,38.56980212238265
2908,56.9628433507618
2909,69.35080277176652
2910,40.123119903198635
2911,62.888142457467
2912,68.37540926373461
2913,43.78093897132091
2914,41.54290078532774
2915,67.6208368510141
2916,48.22637082686497
2917,27.402992074764665
2918,28.779278846644175
2919,38.24865820468923
2920,28.126291424067148
2921,24.692900114792856
2922,19.650159465842755
2923,60.98260107752711
2924,33.27388056733486
2925,37.763801174255406
2926,26.373940697317977
2927,68.27341390511816
2928,37.708971918876784
2929,33.85224618992467
2930,43.90218696518744
2931,35.48107006446838
2932,29.653682100606368
2933,40.223043780942405
2934,40.101825831639786
2935,47.55904002915282
2936,75.93788337060288
2937,26.607790598870654
2938,65.06480068862439
2939,33.151459919164616
2940,32.311206830590045
2941,29.25581551364765
2942,58.86722898440526
2943,37.93411226334788
2944,73.7873963442166
2945,69.09462087762962
2946,47.98431245228923
2947,28.672504951234153
2948,24.82746675005207
2949,58.214486092933875
2950,34.25523772504325
2951,36.54792849341858
2952,67.3392504270536
2953,30.53741464620821
2954,43.37514964988934
2955,35.1203861772015
2956,52.27408568012514
2957,67.68514596118317
2958,27.087271432632832
2959,26.563188498666896
2960,38.08855499115182
2961,48.47520314773652
2962,75.45093494696037
2963,37.03245130353153
2964,33.54003021747399
2965,68.63354953855522
2966,87.17977844715051
2967,31.04918674300251
2968,47.72908002098176
2969,34.41226128540476
2970,31.047761256345954
2971,31.944301281142586
2972,40.129530171658914
2973,33.82620434334804
2974,30.896124666771016
2975,34.775753756420315
2976,34.72526803134002
2977,41.30247307601843
2978,29.51371624945892
2979,32.20165147786947
2980,65.91181228103062
2981,68.53035029746253
2982,71.83320503318001
2983,62.92323041401994
2984,36.682699849447275
2985,42.948308419513225
2986,50.39340964523477
2987,25.94122883908305
2988,71.5007078561901
2989,71.53301346199532
2990,69.6162323300619
2991,28.39293416483408
2992,70.874899256203
2993,46.67973875774247
2994,69.50392380907226
2995,32.15042429525667
2996,50.4668840229021
2997,36.10113163842734
2998,71.61509012261232
2999,37.83647379384084
3000,76.80462665729951
3001,79.13709607613934
3002,47.463077704736875
3003,31.604693141183223
3004,39.662694536697344
3005,32.64506329597866
3006,28.162441511383676
3007,74.63847793996942
3008,34.02697331031626
3009,34.260256739897606
3010,37.90897090875258
3011,78.88946573703777
3012,72.18977945922185
3013,61.62532233568843
3014,37.35397228552071
3015,67.92537791733213
3016,71.15073088577728
3017,68.85157287678585
3018,34.18748214123937
3019,33.06406411955748
3020,36.15972319894291
3021,33.24080203205186
3022,56.53828589769891
3023,45.08539324752799
3024,69.76500779577547
3025,64.30595312923955
3026,53.032423284404494
3027,29.835253993603395
3028,41.810808181711344
3029,48.61995023733686
3030,76.14723680625778
3031,32.26745056773517
3032,43.45727260356047
3033,27.79915890350574
3034,57.49307226372738
3035,67.45174654115786
3036,69.26837919399026
3037,32.73140262130235
3038,69.21131150019113
3039,27.2622059584066
3040,66.92699358663972
3041,72.31487917546653
3042,33.73623803966283
3043,32.43945178888838
3044,42.022953691091
3045,64.32211138685284
3046,41.56347579406018
3047,44.02193087757688
3048,32.45289873105223
3049,31.01829621532089
3050,24.461713186506827
3051,36.2948001841157
3052,71.31899519494004
3053,45.52447367447253
3054,60.61083495704443
3055,72.36841840137429
3056,36.65407302717526
3057,31.56757784858213
3058,35.51864927596316
3059,86.7414405483243
3060,51.0204720893268
3061,70.33891554622923
3062,36.37262158101028
3063,29.207799745428723
3064,30.696319089719022
3065,76.94249679726998
3066,32.265004600799585
3067,65.14042748591285
3068,29.20703731579635
3069,35.14707263503385
3070,27.512231756286663
3071,33.629244012729096
3072,62.29413197392536
3073,30.43993926147046
3074,57.681699912941276
3075,32.35756729290566
3076,45.82667993385853
3077,46.2181888967593
3078,55.214651839595575
3079,69.64032573394603
3080,28.36943345680729
3081,30.25991041530949
3082,71.28059056601077
3083,61.915692422806316
3084,61.41412960210177
3085,34.49078965710625
3086,30.604799049050644
3087,26.544757246124533
3088,40.35404525659263
3089,42.01379942426227
3090,58.83472717519574
3091,59.30212591677295
3092,34.11888516632331
3093,69.02348374667775
3094,32.005198623305276
3095,58.888647893300124
3096,72.90592359915284
3097,35.00628918749317
3098,35.239346163776524
3099,56.811290845670285
3100,37.08461858515822
3101,69.03198655332358
3102,33.92996915295133
3103,67.0228836188192
3104,42.006038316243504
3105,36.34726919764209
3106,67.18844885438693
3107,47.663422621583734
3108,86.04472298154849
3109,69.67385223148676
3110,66.34286323169707
3111,69.59717887601524
3112,45.47420349361826
3113,36.533241981731116
3114,37.7401579148137
3115,23.486254637260842
3116,47.23298175305026
3117,36.2924134065786
3118,42.89551101159908
3119,61.797069275118524
3120,55.05210077093922
3121,47.14978154117877
3122,46.702331111397065
3123,33.746855562933
3124,54.463121397473564
3125,45.54917666152486
3126,31.417032304400063
3127,33.69723249032456
3128,36.61201611602844
3129,29.78293289282842
3130,24.931956600431604
3131,48.728249148841265
3132,18.737062808212087
3133,74.81869283377925
3134,72.62768477801015
3135,48.02814412930833
3136,75.06713208039235
3137,34.362953383389254
3138,30.826451603647765
3139,35.322757122878315
3140,22.5868163659185
3141,65.52488586696762
3142,54.34329570481246
3143,47.141137963214156
3144,51.7401311384938
3145,25.657789214408105
3146,31.225421610157845
3147,45.50514607284779
3148,26.517454570606727
3149,41.47060358202831
3150,0.0
3151,33.904804743787054
3152,31.9625719723501
3153,34.96773801700159
3154,36.501850658953565
3155,60.87464123757795
3156,28.504894499811343
3157,27.126747772904835
3158,32.61067387790384
3159,40.40144428607789
3160,71.08979992499746
3161,33.17696331721329
3162,62.39631551022609
3163,56.93466276644886
3164,21.202964543355606
3165,54.36964809226021
3166,71.73875490780445
3167,42.01896681804826
3168,40.31222447518299
3169,27.97308520366319
3170,45.268071131942676
3171,35.22676496078694
3172,51.7692865050402
3173,32.78254605127268
3174,27.145021159250806
3175,54.35414597229222
3176,27.535695900648705
3177,71.09178057264381
3178,41.42732055157876
3179,57.575993797297414
3180,30.41812730906594
3181,76.41733877714535
3182,28.924297681221613
3183,36.581383089420974
3184,27.983076299708323
3185,31.96554085575838
3186,29.303526530099838
3187,71.14118853609574
3188,32.97010809724642
3189,41.1546888157187
3190,65.61952751659331
3191,66.87418955825069
3192,44.57320466646813
3193,78.94651115666007
3194,74.62311743400883
3195,30.78445407616102
3196,29.157245607459732
3197,59.18032527363863
3198,73.19052721757268
3199,77.46425793604786
3200,39.137595788778164
3201,22.13866472097135
3202,25.473153565723422
3203,53.58975290162465
3204,64.83736829064095
3205,58.29512082920649
3206,37.92807893276767
3207,22.909872994565283
3208,31.400005138788465
3209,66.22156682067626
3210,51.115003165991546
3211,36.203231854327605
3212,64.34242151067845
3213,69.42398876282779
3214,24.947073940289073
3215,30.956181784811047
3216,31.93932304159885
3217,43.536917845718534
3218,34.35738594281537
3219,64.22688740778803
3220,73.14235621695077
3221,67.11993366473293
3222,34.38473520420663
3223,41.177645169663336
3224,34.27871331519942
3225,31.72319180771543
3226,31.12994205677851
3227,61.18892980119449
3228,72.28809247608228
3229,40.17833127928189
3230,32.54607305916403
3231,29.85179059843192
3232,31.15430240908303
3233,66.74481429143684
3234,35.02162928071455
3235,43.443545117919
3236,47.216298582082835
3237,63.81031463400402
3238,59.147456997870094
3239,27.49066148992287
3240,29.59817991443251
3241,24.445271666306265
3242,65.24286774536576
3243,31.337263986816073
3244,28.745750581015127
3245,34.28267830250637
3246,73.90817673646038
3247,53.73258312721117
3248,57.9875857750623
3249,62.65578915726846
3250,62.19480305466069
3251,64.09349722068455
3252,31.205893353415302
3253,88.98046275484396
3254,69.62432851618142
3255,47.38452520203625
3256,74.30628489964099
3257,35.969367344107944
3258,28.511389987178326
3259,40.850401342801874
3260,57.95929796087247
3261,34.64193002363274
3262,57.56884688520864
3263,32.227560763421124
3264,28.360630823707577
3265,35.380024137887155
3266,35.28616930205355
3267,57.44006569902936
3268,66.96038653111104
3269,75.86352967944995
3270,66.31504465642745
3271,35.57676633607183
3272,70.26607809779614
3273,32.24719576497151
3274,29.82356159015416
3275,31.217875740875385
3276,56.954436597121216
3277,76.66689149491378
3278,36.107940084574466
3279,26.121106606168983
3280,71.09628057252706
3281,71.0608884053888
3282,64.06552361719358
3283,27.13362863652829
3284,28.918588299233615
3285,53.86853702967815
3286,35.033502530206114
3287,31.8952008879647
3288,32.768899698956076
3289,54.72278739271197
3290,67.95864754504586
3291,67.15301617245652
3292,30.617047377784587
3293,70.42334753634698
3294,53.433034618973835
3295,29.37679938846337
3296,36.61086769659734
3297,62.90615002493776
3298,68.59378611651968
3299,61.99212167232942
3300,69.32866152531324
3301,75.3393953829183
3302,80.55159571646607
3303,29.281001739844463
3304,30.619410130219133
3305,70.75146615112152
3306,59.34878381020163
3307,45.00369288868978
3308,24.86155034685714
3309,30.83103633880063
3310,27.76721166376743
3311,61.754915486470715
3312,31.46968785821392
3313,50.83733714255221
3314,33.46398652293792
3315,50.132527944085865
3316,65.73928590427913
3317,60.968420905937634
3318,28.131242317824807
3319,30.157054588821747
3320,41.95791566279686
3321,29.394502432662737
3322,67.73988117924371
3323,29.72266147073895
3324,60.468793980797045
3325,32.82938481816998
3326,48.0479684089146
3327,28.026212019225657
3328,70.2749158626132
3329,68.02551453085974
3330,73.89339421848368
3331,33.06684242374938
3332,51.213885247133106
3333,68.61564526798361
3334,65.37369116468
3335,33.12142557593741
3336,39.53736633224073
3337,70.04074052244398
3338,62.63448003705754
3339,30.848932877906243
3340,42.23119166366975
3341,36.48678710361452
3342,85.89191191321052
3343,66.92619049536742
3344,71.4195569528586
3345,68.1223204284255
3346,60.292783407636335
3347,32.139572850920686
3348,30.620777816401514
3349,24.394215321667406
3350,64.83694341393084
3351,51.203998817520386
3352,66.24534477902012
3353,30.13194710273883
3354,31.70927042468578
3355,29.415737222759752
3356,69.69991694294932
3357,56.953454958432175
3358,53.832075636817564
3359,39.56980218028576
3360,40.7472209568107
3361,55.83187517516377
3362,60.278097469992915
3363,77.55776665883532
3364,38.97831496603901
3365,46.29413663067655
3366,28.89829936427076
3367,52.171101465209134
3368,36.636246238228836
3369,49.48844043379721
3370,35.74944950272204
3371,30.220694278825544
3372,37.23669027163049
3373,65.08285719360111
3374,22.19486564149514
3375,52.16408330742413
3376,44.56478565430243
3377,75.89908354223776
3378,55.23057507502139
3379,28.40766510431079
3380,32.496648187401874
3381,34.725911729153026
3382,64.71439043391808
3383,27.95595571887073
3384,28.17070149131264
3385,29.631447212265435
3386,29.88546265900886
3387,69.56633356265203
3388,60.99861518678599
3389,31.793248505112174
3390,40.03604217050944
3391,35.598486372688406
3392,27.585929579168734
3393,81.66280319845231
3394,75.33655489073647
3395,63.871308663318715
3396,35.20181379910065
3397,33.838416926872235
3398,32.42318489333964
3399,60.71552866404274
3400,28.868347706312253
3401,40.285003997552266
3402,55.05928691966517
3403,40.838035255362726
3404,61.78500773476506
3405,76.33886421282679
3406,40.418964661724594
3407,30.618247046898166
3408,29.485320695128973
3409,68.74336554946416
3410,58.70633594091555
3411,58.30170670928554
3412,45.96909181087179
3413,37.141720855559335
3414,43.783815814738425
3415,33.859577612065316
3416,76.39428847284586
3417,70.32008026747638
3418,32.050127813753065
3419,28.754425967922806
3420,66.13152169674076
3421,33.69124735911076
3422,55.363652282912994
3423,43.425173659492394
3424,50.2525277361479
3425,33.42203064183547
3426,63.66709370249784
3427,29.232824209836902
3428,36.27754478328562
3429,49.94981762646738
3430,28.594173677697558
3431,66.81499796649227
3432,49.909980956220906
3433,55.74722322427505
3434,34.94894103996474
3435,71.20287399552916
3436,44.27516191706265
3437,50.87675598828951
3438,19.66791987212636
3439,69.96750472172856
3440,35.534518801609956
3441,43.94853643937829
3442,31.45188104417071
3443,30.04088046258176
3444,73.76456330783724
3445,35.67062899114118
3446,24.56612369787063
3447,47.75689630321499
3448,55.73399612241059
3449,43.554137987951954
3450,27.395735078326986
3451,35.23698891986328
3452,51.01665085135871
3453,47.5412235050191
3454,73.45977706984146
3455,32.56556300892896
3456,41.32085199387138
3457,68.55573827915791
3458,59.123583557916774
3459,37.94091743970195
3460,29.799329265622134
3461,36.60618132188786
3462,63.28258941388587
3463,68.4305541810816
3464,33.5612215443009
3465,29.621151770285095
3466,90.3999947038586
3467,58.1202605282307
3468,36.95428097738965
3469,31.403849765533234
3470,30.45484788758903
3471,41.98180820491609
3472,56.29236806070467
3473,64.84351370153459
3474,67.61149962776284
3475,72.3909509311868
3476,31.092490033911897
3477,50.79766165398967
3478,48.12773953451825
3479,34.90612057746874
3480,30.70040759365539
3481,33.27710674221154
3482,34.04532583959038
3483,57.111784447157575
3484,26.95475095680373
3485,61.77864803295187
3486,44.5872277045947
3487,27.030951207831013
3488,29.430596600019403
3489,71.69280298996155
3490,70.5542746016915
3491,42.00030209629236
3492,59.609600528064306
3493,76.18536870750603
3494,28.177307748492154
3495,41.91649134130411
3496,33.39145603719114
3497,28.696363886578855
3498,41.55135646932585
3499,48.808285743096356
3500,33.01994287643903
3501,28.370585864655315
3502,72.52698464256814
3503,57.67011106431363
3504,33.13939089390964
3505,39.4381454269771
3506,78.21066992479939
3507,29.680246291355342
3508,33.586455491287474
3509,30.913022942474704
3510,30.43970903412999
3511,59.96082516440844
3512,31.329515913771544
3513,25.70948764070642
3514,17.05939650682156
3515,73.97770915408896
3516,72.93758544609554
3517,27.55592518977623
3518,32.730081347566085
3519,70.38635689503731
3520,73.31099070348947
3521,41.25993046317274
3522,49.181833140881814
3523,31.71024469864346
3524,54.794562303829984
3525,30.98532539148225
3526,28.85063378924985
3527,31.44431177808408
3528,30.297125613375474
3529,42.75945987927389
3530,66.97212989542564
3531,30.205009776179057
3532,56.567067243038565
3533,41.47395359901424
3534,26.901592863314786
3535,75.78150460833446
3536,47.16694012331456
3537,27.813003201990032
3538,31.99434773263737
3539,33.537161744690934
3540,38.44493372927718
3541,33.06189257563401
3542,40.54493911193556
3543,53.54093917226649
3544,33.028012399111304
3545,77.90009976110947
3546,63.95518121023989
3547,44.93669059503159
3548,23.41598576404375
3549,60.42417594638014
3550,44.53370454923308
3551,31.11287749761387
3552,37.5977478973886
3553,57.30003160120506
3554,36.68013292631579
3555,46.88792111057218
3556,42.05125529190946
3557,61.035066003833435
3558,73.25471781407722
3559,42.24609272417853
3560,72.28442347584934
3561,34.903772988980634
3562,77.40098235300546
3563,34.90967312249139
3564,36.670861243746266
3565,60.807923190865566
3566,44.76702946223281
3567,45.071282944729155
3568,27.849724680140294
3569,60.79613136649269
3570,45.708597834623454
3571,48.938179857365114
3572,38.64964111120369
3573,57.049999847853
3574,65.51185265859434
3575,54.30748944944345
3576,59.58305851182322
3577,48.03022158410987
3578,30.34194416258804
3579,36.538919973975325
3580,70.18930940537453
3581,40.999853709875666
3582,30.134865480262224
3583,33.04864560934647
3584,45.814773656632305
3585,30.121484027819285
3586,78.85740812211178
3587,68.24416306220856
3588,69.16186828394626
3589,71.97460976457673
3590,38.38187334089656
3591,76.42337286244904
3592,70.41094794680303
3593,28.42986038867087
3594,28.016404903058067
3595,56.63702228154516
3596,26.08783616703229
3597,34.87960578872398
3598,31.656242077776113
3599,75.6508149047012
3600,69.6894076709574
3601,36.538512454987966
3602,40.8550189876351
3603,69.06782251768918
3604,37.72806256496526
3605,68.22538977087763
3606,32.64266022966997
3607,37.464007483204455
3608,64.41010308566567
3609,37.40859710874777
3610,31.229678971080837
3611,47.26952751763208
3612,59.200947309656115
3613,63.099195068111634
3614,49.6296664123296
3615,61.36718472798073
3616,29.781905645372397
3617,62.5088369313789
3618,33.166759229375174
3619,41.143690814215574
3620,54.980925340741535
3621,55.375038680441335
3622,42.60319823856994
3623,56.67684910950439
3624,43.70650513862145
3625,30.0075934858801
3626,42.08421486655434
3627,56.071227769293195
3628,29.684948390441754
3629,65.82148306062506
3630,69.34360443202951
3631,30.869708606239605
3632,47.57905911688528
3633,23.000592243715726
3634,69.7226585252446
3635,49.500123229359666
3636,53.424414907128764
3637,59.68420672818249
3638,62.60706379329906
3639,77.51478645679035
3640,36.99264231123957
3641,52.38775782221669
3642,39.2102659685521
3643,52.306417513136374
3644,29.757305678481142
3645,44.198183312340475
3646,53.31471267921877
3647,60.141479707937634
3648,26.266079333179093
3649,34.044895885557764
3650,27.33595916957516
3651,30.111682722239514
3652,46.01909673485541
3653,30.752995124126908
3654,65.14825238518449
3655,70.55554117221767
3656,40.17465628918059
3657,31.600416120425756
3658,63.785489290226316
3659,48.31233376928289
3660,38.59811368239979
3661,68.61512903155982
3662,28.89174271181833
3663,32.60230032646534
3664,70.68037967627464
3665,29.302037026219153
3666,67.57316841386879
3667,37.069354932544066
3668,52.126834382007786
3669,30.645227281835314
3670,71.19089298967418
3671,37.876949763755455
3672,28.62941985639951
3673,48.35583015384013
3674,29.63832624415887
3675,64.83962555775105
3676,59.38891002392653
3677,65.32870287167206
3678,67.4682790890466
3679,47.13790919207864
3680,75.47816331187721
3681,43.64933536117494
3682,49.900302761152034
3683,33.16575059181565
3684,59.641863995828025
3685,27.734918502258004
3686,49.156881557092646
3687,65.55012436806882
3688,65.15557757598283
3689,69.4461895385586
3690,56.914611108812714
3691,24.56810663742339
3692,74.39335640996642
3693,31.582279863330292
3694,48.73159269406017
3695,38.725859113463095
3696,84.81054966847957
3697,54.09899572516145
3698,28.275177930049047
3699,39.06522291561877
3700,33.89749023461941
3701,53.46161391132665
3702,66.34200401079096
3703,37.93887480564497
3704,72.32719141288855
3705,71.49802800586951
3706,55.30253973708156
3707,32.14778589684126
3708,36.99993653072985
3709,63.829577674292345
3710,44.619570721166944
3711,35.546204159522475
3712,31.146283393050723
3713,71.2063908218835
3714,66.40397012722697
3715,25.429551777405695
3716,39.00935700985833
3717,72.203153664923
3718,69.47701142739078
3719,61.55445046626725
3720,32.216558756373935
3721,69.87852919929375
3722,57.66302106099876
3723,69.94058700771481
3724,31.09194377611866
3725,36.363537723207216
3726,35.979903737235134
3727,53.540070523301324
3728,15.876608948606027
3729,69.16834727487287
3730,35.098966470785825
3731,39.755044903446176
3732,52.57510451205409
3733,69.88301057450691
3734,66.46210033421661
3735,57.99151365031712
3736,39.48604057122143
3737,76.53959511776793
3738,73.3995216389767
3739,65.66382209736028
3740,37.97525840648979
3741,61.918530414527254
3742,64.71786552236003
3743,43.34433104198271
3744,54.961181171575284
3745,51.04563907585924
3746,67.6903949540066
3747,62.43698177502989
3748,36.060235634089224
3749,42.617287831940715
3750,33.91127069491516
3751,40.41175998965859
3752,32.43977984760819
3753,68.97979170529297
3754,61.186366520982546
3755,35.129302972742686
3756,58.91818627960927
3757,64.21204169285552
3758,42.041684079615756
3759,69.96286050071691
3760,69.65186943696898
3761,62.63892436399864
3762,30.08836258289123
3763,65.56334732418424
3764,37.8451151379781
3765,64.45669982946232
3766,54.007011307687776
3767,35.890185656633044
3768,34.174157439067564
3769,31.063257245903245
3770,29.228692393930395
3771,72.30005627935031
3772,48.05803158119939
3773,51.12394310958833
3774,33.16553511771863
3775,66.09849496553396
3776,78.2976049670632
3777,26.869305915984476
3778,75.99169558177526
3779,43.73346176502582
3780,26.24951497443562
3781,55.449071857274014
3782,35.767521899301975
3783,63.59407787849857
3784,25.500916932942353
3785,43.88936621422948
3786,54.8585380761393
3787,58.84588237877409
3788,72.0616799304708
3789,73.97706365069071
3790,39.23987043741893
3791,82.55352835749198
3792,30.813394931551656
3793,69.51860793984027
3794,50.20182892867175
3795,33.486649020185695
3796,67.99719195212072
3797,71.83268862986506
3798,64.88818294614846
3799,31.442234172572658
3800,42.39089273731404
3801,72.12870037435582
3802,24.277085185484218
3803,32.35288836104356
3804,59.05234489074742
3805,43.85563104404588
3806,75.82993680996894
3807,73.88119477900277
3808,67.86738112838735
3809,75.00554960356003
3810,76.91680006833033
3811,34.242764210815125
3812,63.88314452522529
3813,35.64997277725028
3814,28.36067395009429
3815,71.61492107751907
3816,72.12206533036525
3817,32.50211550081863
3818,45.911665900974775
3819,50.63078148669262
3820,66.77168145521888
3821,43.14609629026534
3822,32.02380581438486
3823,29.40415397167387
3824,64.37008053874752
3825,36.65981920094705
3826,48.030795833689666
3827,64.11974940236091
3828,43.01045339585151
3829,27.828747413618988
3830,62.947204970146196
3831,56.88613965987839
3832,35.521696100978225
3833,28.160764412753263
3834,40.106427083485116
3835,74.56463631924558
3836,52.48946491138774
3837,39.65470114059377
3838,63.03905776285728
3839,31.794531974671322
3840,70.28270298668605
3841,57.23875598091949
3842,38.59878547480835
3843,34.10543951585821
3844,69.4730238862651
3845,42.06910827835039
3846,35.28932603152099
3847,45.15389840472842
3848,35.96926487006803
3849,24.016673810409984
3850,46.60490108209737
3851,38.05767653442051
3852,63.81443870575304
3853,42.97203362822126
3854,45.00137536282339
3855,28.221952081006844
3856,29.50932380633973
3857,64.59450447176891
3858,36.184410459596826
3859,61.170444958993926
3860,44.06146570092285
3861,61.86281447678966
3862,59.2966981532781
3863,32.66831973679371
3864,54.02701602967271
3865,64.10963537289189
3866,31.848643149762037
3867,70.49199988040905
3868,27.79833248315751
3869,45.28842156272257
3870,71.69566675021437
3871,37.11998807477921
3872,33.9148631770895
3873,58.175236705602785
3874,32.39884887853247
3875,33.410316042631806
3876,26.477581329819866
3877,55.47723556086653
3878,67.03230038919632
3879,45.76224785671792
3880,54.09862033458809
3881,34.227060566273124
3882,50.515479196886474
3883,32.174901489666965
3884,43.040123300386696
3885,92.69221848577197
3886,35.96049443076116
3887,29.164070060582706
3888,30.326642373084653
3889,20.718937574416177
3890,87.12866444740688
3891,73.59981412019117
3892,34.8641080340126
3893,29.49472241057595
3894,31.674254225697236
3895,54.56435348829993
3896,32.41575617922513
3897,28.129329428763313
3898,30.882377979795375
3899,44.057081125949466
3900,28.132796383416014
3901,48.140040508983134
3902,70.17848568607388
3903,68.75385642102749
3904,37.82336384755706
3905,29.217338397999672
3906,74.98756928167131
3907,48.8045247769525
3908,32.12071517315853
3909,59.24691014653699
3910,49.91450053066191
3911,52.94344146929509
3912,31.09758619985385
3913,56.67761323347279
3914,67.14226718439045
3915,61.75306842407613
3916,68.69321102599162
3917,60.55248815392447
3918,45.472983769664296
3919,26.29539612451239
3920,27.53733024028725
3921,30.88480339337487
3922,49.767762387750295
3923,71.47404814361032
3924,69.23992184834306
3925,29.89988986544436
3926,80.72487399889714
3927,66.36821570931977
3928,41.42925546890478
3929,37.1178890453923
3930,54.35722859272392
3931,52.64507698771472
3932,37.83932982649178
3933,34.311711586242815
3934,45.846611915292925
3935,30.642836638763985
3936,32.35225819765
3937,80.0822591462815
3938,64.8333693056884
3939,36.95519091555913
3940,75.97416134973709
3941,32.196761219205875
3942,67.73474856388623
3943,26.986260636279447
3944,62.672524317912284
3945,56.59755260037058
3946,46.44284469170114
3947,29.278564765815542
3948,45.231348271063524
3949,41.89534852239338
3950,59.159528982588824
3951,44.58443042417794
3952,31.529750924339112
3953,52.641399277181826
3954,28.84295950492116
3955,58.21569081549444
3956,40.162836114398004
3957,71.51637909849715
3958,29.058988825609653
3959,72.86193135074973
3960,51.01116519595755
3961,39.306116810492135
3962,68.43755108323737
3963,30.649366778238438
3964,43.557007544872214
3965,30.176562452716368
3966,60.58036441397354
3967,38.23211307121123
3968,39.561446934558525
3969,63.53739841856798
3970,31.093097751045335
3971,36.45006128456042
3972,67.04210610948256
3973,38.45973667200214
3974,45.646433422850045
3975,74.59050347021632
3976,72.143015076403
3977,58.75557240881421
3978,70.40289909877741
3979,58.01772770631362
3980,64.83187298235404
3981,64.64293648368125
3982,44.841242181962755
3983,52.743326061589244
3984,56.01992721016293
3985,50.392812757275074
3986,34.66772698244061
3987,34.493917819053635
3988,40.350601181814675
3989,41.86647551115735
3990,32.91766998012764
3991,33.36336962609157
3992,64.01460179129614
3993,28.299975538383205
3994,62.12980564145006
3995,25.112863755981195
3996,33.72125601978863
3997,29.55710263273712
3998,40.70940447055626
3999,42.53168666535876
4000,62.01998505725711
4001,37.69407868572507
4002,31.17408320555493
4003,63.5098736127478
4004,50.111039509934855
4005,28.605421373813478
4006,26.827660005768255
4007,30.348153338075313
4008,36.969502762104895
4009,63.47137292938429
4010,34.079593236817885
4011,67.94272691655343
4012,30.367228904979036
4013,34.33175711382258
4014,30.0703756827355
4015,44.67018658982066
4016,51.80169904821863
4017,41.83188985434595
4018,28.193696873938414
4019,74.52128699298092
4020,29.167885012010316
4021,58.775172035683184
4022,28.51016984896421
4023,31.17204407281767
4024,62.642972422509615
4025,33.21328507653649
4026,61.369652925349605
4027,70.55554716031543
4028,29.93157996258911
4029,65.15014305078657
4030,26.909412394945125
4031,31.926866729669804
4032,42.03491686849051
4033,38.036095108837074
4034,35.223783103286614
4035,51.716272724236944
4036,43.40549440982546
4037,31.921335278889096
4038,62.40586404782441
4039,71.59022288602425
4040,40.160994896258195
4041,59.83615023931627
4042,46.94912337280263
4043,65.12967771115439
4044,51.85864437878676
4045,73.93953400116798
4046,64.87524654194122
4047,40.81536085122522
4048,72.06004821316537
4049,69.2301646860925
4050,65.55372148368403
4051,34.48534315101803
4052,55.97862326804299
4053,32.90950617666249
4054,69.21940678273438
4055,42.95590834527905
4056,34.97952255516874
4057,37.51419086811624
4058,23.440498413268514
4059,62.90496436493384
4060,69.35737930423863
4061,42.382780096683824
4062,70.91530514360967
4063,67.55736074068452
4064,28.756621571525773
4065,53.44209315150158
4066,63.157606287181096
4067,30.98221052379632
4068,32.293877613102204
4069,24.267015426285255
4070,32.96787303591614
4071,38.35163325792752
4072,29.76959969891888
4073,39.510205737088924
4074,32.337279224594106
4075,48.79990298515671
4076,28.005014839396324
4077,33.4775052078379
4078,44.85799916218988
4079,35.42066263793611
4080,32.179453226489514
4081,31.565284860306196
4082,71.35530840323476
4083,37.42444739208024
4084,33.36574612135998
4085,70.51407567012564
4086,60.04354719184134
4087,32.095949623977575
4088,52.1767193797029
4089,67.71641300532859
4090,36.21437600498602
4091,67.19422076818567
4092,35.35524533982775
4093,25.685117112242263
4094,57.11435706954376
4095,34.738124881079685
4096,52.895585045816944
4097,34.64399723874072
4098,67.90758544079917
4099,73.1718192526362
4100,66.8138573761881
4101,73.17314344024659
4102,52.16984273468161
4103,29.880096926694392
4104,62.59072438772834
4105,63.135253751404406
4106,70.05456121866962
4107,70.4438011479233
4108,35.56171748609404
4109,68.85379026303795
4110,36.552336739339985
4111,37.68992227703329
4112,48.05666795236563
4113,34.384873977029116
4114,68.53556663230479
4115,36.22540407973237
4116,48.834180502084195
4117,44.47671075315605
4118,24.904032038353108
4119,34.06783453937447
4120,70.06608738191173
4121,26.37606371293231
4122,57.83717584617106
4123,36.013836817021776
4124,53.778981971250346
4125,34.26366456456013
4126,38.09692578971725
4127,49.64683032184989
4128,38.08062080845328
4129,33.8694153939238
4130,67.23126141707044
4131,75.95553828150993
4132,31.93588253671559
4133,50.072310485010554
4134,61.0412464247171
4135,26.204355192245224
4136,40.40213798312989
4137,72.14015755453023
4138,34.521514222909104
4139,83.2405319559594
4140,43.35324750681162
4141,75.81232870880483
4142,27.514556675925466
4143,56.08044676261012
4144,28.91310878922973
4145,41.664516066506344
4146,43.01765110526377
4147,37.172216001597675
4148,60.44038649178872
4149,60.81875256984644
4150,51.15863067212782
4151,37.811075962699306
4152,35.10259373057116
4153,34.10157427280521
4154,35.43368965103354
4155,54.646398847339974
4156,66.84326034773318
4157,73.57128893221655
4158,67.36633835870923
4159,65.73138110147765
4160,46.58469309670119
4161,44.27994309216816
4162,43.195147671375324
4163,62.622143386861225
4164,72.64704879082271
4165,27.064380366994136
4166,25.118625585137362
4167,64.86122633594103
4168,34.27125990048272
4169,40.50665880819379
4170,39.71765560126483
4171,29.35297230116444
4172,39.22163284645693
4173,48.11946217328918
4174,35.24175920607113
4175,69.54779105703182
4176,54.252528112878665
4177,66.40737973397815
4178,45.81578178149523
4179,61.95282106341107
4180,46.53106023307465
4181,50.764295893024695
4182,79.87040230611044
4183,47.24940258507303
4184,26.284550348957413
4185,16.65198117242672
4186,25.599761949158786
4187,57.130716238788644
4188,30.10132372830233
4189,64.86056751274299
4190,73.80503414780145
4191,32.48472761327744
4192,54.60700874105906
4193,38.625613514895534
4194,51.64003956186966
4195,68.86032206058673
4196,61.22243359890987
4197,57.48606833348703
4198,52.74326927173893
4199,67.05511284340324
4200,27.960047107574447
4201,80.71785421213485
4202,57.10342348825994
4203,65.90835437074477
4204,32.01453273964827
4205,31.853385406411444
4206,67.39152703510192
4207,32.498327656044076
4208,78.18384352627626
4209,46.948979697075636
4210,49.920005691003944
4211,53.96730178664862
4212,73.33836387574075
4213,45.551011808130454
4214,40.279089127930824
4215,54.28901554099803
4216,67.58207413825524
4217,29.383808600979293
4218,75.59248039003681
4219,32.56813962402157
4220,49.07661817047768
4221,29.338438383685364
4222,71.53037608908313
4223,70.98576058664742
4224,35.07078998934408
4225,32.42869477265561
4226,40.61753834519379
4227,33.28036533461707
4228,29.439324317654346
4229,69.2242524832137
4230,26.307739625901455
4231,37.351045030510676
4232,26.263924416252156
4233,75.77360593919484
4234,71.27652448137252
4235,53.78018767476987
4236,55.07887638161897
4237,36.75761090369436
4238,74.21895974979375
4239,73.42318940067113
4240,64.07494984703868
4241,83.94116201480081
4242,85.11203080359853
4243,37.32995900427666
4244,34.9170188202684
4245,64.64780685244735
4246,48.74648650723256
4247,28.46969755295612
4248,31.179467288862526
4249,72.94468196447846
4250,36.77153733809829
4251,29.539734271257853
4252,30.493338275496733
4253,32.270508518625334
4254,65.30832553689253
4255,68.38981558056851
4256,27.250420850711382
4257,67.62204071515873
4258,60.151311804850465
4259,74.24432545402556
4260,71.54183529474913
4261,36.077401302080105
4262,29.557582127392987
4263,80.01799330392453
4264,58.55910102505214
4265,32.62295943694781
4266,36.174209495668435
4267,50.40248710398579
4268,39.32172244852151
4269,34.29863860701223
4270,78.57222375659937
4271,42.74152937291585
4272,69.25078447590548
4273,41.32553448340829
4274,44.61672955351629
4275,51.58420558977527
4276,69.3945550855874
4277,31.51008985768195
4278,63.83923304086071
4279,32.943744059405525
4280,74.432434190982
4281,63.941353774633384
4282,30.276401107392424
4283,22.134655818905756
4284,67.78982668439565
4285,31.98146040685113
4286,31.568236078515984
4287,36.804467221680525
4288,37.12824625468396
4289,34.970608836933124
4290,49.30381386000391
4291,44.45649776044861
4292,37.47259071123347
4293,60.91268714794219
4294,35.3559344467507
4295,51.82835550143241
4296,69.65461250808409
4297,44.304920284095154
4298,29.223156384350293
4299,29.184175211667316
4300,53.60080232298565
4301,58.25231955359985
4302,47.94041363885292
4303,30.974843513139728
4304,30.814717816559536
4305,56.21118569772957
4306,29.802248114885522
4307,72.96555944335992
4308,34.78312026780813
4309,75.55559847818796
4310,32.03880481184414
4311,30.594110510523784
4312,57.592368835737304
4313,42.86231241964022
4314,25.6331934388733
4315,61.80493731050581
4316,26.49595272720865
4317,62.127007033733
4318,58.35714155342327
4319,43.59965865898955
4320,48.534893032324916
4321,56.372310584398804
4322,27.110315424996585
4323,66.21525457919043
4324,70.46801528215943
4325,31.891250303935962
4326,22.954092252338885
4327,38.99178204816567
4328,30.499911613352385
4329,70.05355728901019
4330,63.242552060922705
4331,30.055340842299415
4332,39.191389946360474
4333,39.769057121998756
4334,26.6689817327602
4335,75.32491906404044
4336,35.23854060177106
4337,27.30186403911607
4338,24.499849406979923
4339,40.54840100320274
4340,71.78816129629321
4341,30.314477105729285
4342,31.446599518060687
4343,32.9605258025868
4344,60.59877829784593
4345,32.35347441845424
4346,73.45829427861787
4347,33.87126202253715
4348,50.870664825032975
4349,69.01901002543379
4350,42.72401185225346
4351,70.01858681550712
4352,49.74398155802615
4353,37.108845652065504
4354,34.45106720741322
4355,41.568535026238514
4356,70.73727769192979
4357,43.179086980928346
4358,33.27852041684858
4359,53.62565752747708
4360,39.716107745050195
4361,33.110729586612905
4362,28.40284338574383
4363,77.18059139956924
4364,25.824052657024005
4365,43.199620452426785
4366,37.408002447925305
4367,72.96776997857248
4368,56.967090218124895
4369,43.293677496671336
4370,44.42892308346725
4371,37.444803697666316
4372,34.985188049459495
4373,62.41579658051982
4374,31.937270745913338
4375,41.45753425159045
4376,56.60305056790222
4377,36.71568330505263
4378,57.11921496477772
4379,73.22758990403302
4380,32.29893526115861
4381,36.44782382090124
4382,47.45338470621717
4383,56.15575072821752
4384,37.54162468163193
4385,37.00279554114743
4386,51.40499175712916
4387,57.62398698850451
4388,29.5600921301768
4389,73.49260971952131
4390,39.8644198520009
4391,73.57383131127952
4392,37.54009901052928
4393,48.336170872962114
4394,73.26880945121194
4395,23.244648823057318
4396,28.644755233870292
4397,55.87154242399343
4398,69.73726246021701
4399,73.37055252252678
4400,34.72312513637833
4401,63.61582655178492
4402,33.21463623061951
4403,58.621552026609194
4404,37.3528031476687
4405,71.82869241490945
4406,34.172910588429005
4407,69.85693635075421
4408,35.638658362340735
4409,45.13987027449033
4410,71.772871614617
4411,29.30904971458817
4412,35.936458973326495
4413,60.28228895937385
4414,52.887798161875004
4415,57.80354147255404
4416,71.13668719070256
4417,33.672558040975616
4418,49.66523846826514
4419,29.258391305765954
4420,36.45832698870678
4421,30.491876242526693
4422,74.72888423469223
4423,32.420697769137405
4424,54.11350898447613
4425,43.38586357702026
4426,45.45421399681252
4427,26.108115908434534
4428,52.94863903203811
4429,59.08256995273247
4430,50.875709186764155
4431,33.52198521188305
4432,41.16114265338722
4433,49.42420269728651
4434,68.49145068818544
4435,27.496358165866276
4436,31.33393444911734
4437,74.32413619588563
4438,30.095032700795905
4439,40.940968949335485
4440,32.66346149667961
4441,31.441782534908835
4442,74.53963595742374
4443,58.33856460265359
4444,50.37046755675107
4445,27.344440208049207
4446,47.85715735904089
4447,74.04002245632985
4448,42.14590091759092
4449,28.764988031655424
4450,40.90699667543189
4451,43.50950910630468
4452,72.1250123261751
4453,50.84401177853931
4454,87.036528817923
4455,52.71067850462592
4456,59.59804149222292
4457,31.096587198306445
4458,41.319489977135134
4459,34.410752861244035
4460,73.70286759352854
4461,75.6670653228975
4462,30.450722866194475
4463,76.62703598114368
4464,74.12414650766692
4465,40.06701761773661
4466,34.577723592709795
4467,31.121090782775312
4468,63.57566410067578
4469,75.99916539858498
4470,24.257015187081517
4471,56.80084377278061
4472,37.472992233366575
4473,24.41007806895389
4474,31.511069481841254
4475,57.02915652365954
4476,33.11417798047182
4477,37.657592406510076
4478,53.8700241476985
4479,35.7225311853212
4480,27.072816099150995
4481,47.51616715516752
4482,47.51690446082419
4483,65.70792286807325
4484,37.15354649884684
4485,31.44157557294207
4486,26.930064741325324
4487,74.59207799788958
4488,69.87968722128439
4489,30.90306361001053
4490,22.227999316861318
4491,50.62718501622105
4492,27.16903042140003
4493,54.08763238580536
4494,24.339554116067394
4495,53.54091807512358
4496,28.02188410238852
4497,42.708852544632315
4498,31.82523828896899
4499,60.94468985994581
4500,21.905721167956628
4501,28.188415034584757
4502,70.80738985944188
4503,63.53578379939731
4504,72.13763709021305
4505,30.269698601350573
4506,57.631943417859304
4507,50.08958041955395
4508,35.18865189946472
4509,74.22539134082487
4510,41.3723348975656
4511,53.68823438728826
4512,32.307972328860814
4513,51.76056713961968
4514,53.33916389226348
4515,48.89185137156583
4516,63.0220112250166
4517,38.5563772816473
4518,23.73896882753212
4519,28.731514496821056
4520,28.77313777670206
4521,39.30493246477856
4522,43.7356428901977
4523,33.60654656649979
4524,49.12411144582363
4525,30.63439906494713
4526,33.519710648847195
4527,29.563021406183502
4528,30.24800014825864
4529,66.66249189402777
4530,48.85527336697385
4531,54.027950311648354
4532,73.58142974372731
4533,30.773235669531118
4534,37.06495864541044
4535,33.36737060254565
4536,60.625102998726874
4537,64.11116867207464
4538,29.964325026909123
4539,29.98986811936153
4540,65.38113503087905
4541,65.2737357744732
4542,27.81334451314934
4543,26.32949686906435
4544,31.289376727976375
4545,66.85563876264077
4546,79.52638325107415
4547,63.1655197471771
4548,70.36357323701054
4549,73.93879210196798
4550,48.62454222541891
4551,52.27632457641982
4552,35.42418971708915
4553,30.277593001927197
4554,46.68226064145379
4555,42.83096055646901
4556,71.45733551020675
4557,46.13733885774633
4558,31.340600975528595
4559,52.36075245153279
4560,30.358637593223374
4561,31.94003221966783
4562,62.82070671308001
4563,36.861278330332595
4564,29.325237786143113
4565,57.27218309639206
4566,33.52535730090401
4567,53.81376181261247
4568,54.6307095515109
4569,55.38069270677132
4570,30.019486790394517
4571,35.18838460905066
4572,26.068039103860997
4573,70.95174131167491
4574,28.875582759765834
4575,31.97925012379585
4576,37.47510550611818
4577,63.45253875364342
4578,73.59214396806065
4579,27.657021172150575
4580,37.076232310574426
4581,52.69852686115356
4582,44.60521228101451
4583,80.08624294429265
4584,32.77649361356451
4585,60.78742237208519
4586,24.720217597911997
4587,33.63973068960645
4588,55.0163191577114
4589,63.182692128185806
4590,64.71805738164092
4591,35.51867056564677
4592,66.9932604699361
4593,72.32019917624629
4594,23.708834726376907
4595,28.651769487199022
4596,49.04607353904395
4597,27.07240854157747
4598,34.49390168350389
4599,33.225022401409134
4600,73.85730268595222
4601,32.94769756905711
4602,34.50306546818112
4603,57.347113789539236
4604,64.22089561510431
4605,75.50589363661474
4606,47.62567150710253
4607,33.46033253727181
4608,38.9299326108401
4609,57.98933970602031
4610,37.48817029045021
4611,28.81867411205519
4612,41.02648198063092
4613,34.50425391936513
4614,31.697556710346902
4615,35.43461522203921
4616,64.98119080952428
4617,34.15705944809933
4618,88.04007454979723
4619,39.55287403283879
4620,37.577936609190715
4621,32.36762108432931
4622,45.596417610783
4623,27.31876904853092
4624,40.95005960226585
4625,71.3610695693402
4626,59.696653306118776
4627,76.88323831627844
4628,69.92486188211629
4629,33.153456144056214
4630,70.36122513128487
4631,74.7303844169264
4632,43.81270567863917
4633,34.34333974729229
4634,62.129012720518325
4635,41.363366674402066
4636,34.16522221652133
4637,35.21371480672992
4638,64.62190800653181
4639,67.95680409875897
4640,34.932739600415246
4641,65.32545818862073
4642,34.58563752462741
4643,72.55257766156564
4644,33.6261109342719
4645,29.307357262830088
4646,74.41288736614348
4647,69.45256136428672
4648,33.721943708359966
4649,32.55105309770707
4650,45.95530714270345
4651,38.79004500169824
4652,40.73666953983164
4653,66.73587291025909
4654,78.57561453485847
4655,41.10925200873858
4656,36.14617032703448
4657,34.31341855781891
4658,29.44022404826767
4659,62.378623417186894
4660,31.35716244333441
4661,38.85083924635653
4662,59.465873175293034
4663,51.09499341708956
4664,74.07367899384639
4665,35.545747152135604
4666,75.74419548008011
4667,25.036958936131892
4668,21.14214568342008
4669,42.042148539047105
4670,41.12508778290119
4671,61.735093326028164
4672,42.19945289410549
4673,35.20617745049141
4674,58.048510036245474
4675,55.743671785465025
4676,36.17121132243233
4677,77.19161859917062
4678,34.656602354121304
4679,52.70031797421004
4680,65.70330544997302
4681,32.561751431187965
4682,69.65650304883451
4683,41.925527489197194
4684,63.33676431547779
4685,38.714786524363305
4686,65.64135863618903
4687,68.9659592140916
4688,43.799020722716904
4689,66.34657207116567
4690,28.091257901596983
4691,70.09638674539549
4692,46.67932617397159
4693,28.0384152433139
4694,72.40418017672951
4695,67.86671273139794
4696,59.914144787798186
4697,29.477389275167937
4698,50.27957511685983
4699,61.96238648309436
4700,68.99292587980923
4701,33.7443197656665
4702,41.85293571601054
4703,32.64579361730635
4704,25.545819413608893
4705,42.38185716634113
4706,34.79990354839718
4707,63.194241482354094
4708,30.889588176661203
4709,33.945732586831696
4710,27.78278589340742
4711,33.19440684757781
4712,59.54638554263618
4713,37.48770298406984
4714,41.13441165681304
4715,76.9418723321732
4716,33.598630835479085
4717,68.63698280751535
4718,30.781957970228127
4719,25.954888061915376
4720,77.41561405982065
4721,30.054284670154875
4722,34.8721573114685
4723,28.814256035821362
4724,35.879514062726756
4725,29.96305906232608
4726,34.95919038395862
4727,65.84112743459639
4728,72.84587380987242
4729,59.753217014149136
4730,73.2005541672212
4731,61.669963279801024
4732,38.59204387436697
4733,38.0222248492213
4734,43.461900399092045
4735,30.866803531931723
4736,34.09931704659896
4737,69.00876955627649
4738,28.068233980365168
4739,78.16530009461525
4740,74.35407250663667
4741,27.4869018736173
4742,34.38683224778599
4743,69.2271900872993
4744,48.975659112066005
4745,61.07391903718867
4746,49.948255527578176
4747,63.245851464980376
4748,45.309447282854634
4749,74.10993547658703
4750,32.25310653261214
4751,37.4222629244317
4752,37.52205929539056
4753,68.70189621813333
4754,82.69970973660409
4755,33.90231438944169
4756,58.759026627363156
4757,37.43856448920499
4758,65.30660528129158
4759,27.138060416614916
4760,46.097357489188894
4761,67.35253863016005
4762,33.94943177263757
4763,68.67565904366822
4764,38.11650962699382
4765,24.391610672930053
4766,31.289194379625993
4767,33.3625776281871
4768,34.39036148470405
4769,33.176663626429544
4770,34.013218540333924
4771,31.86226855724231
4772,40.85648375430961
4773,71.50309100749587
4774,47.960540277501046
4775,55.9744770406069
4776,67.09356874794948
4777,29.588788015855183
4778,33.338524784689916
4779,59.768318051929576
4780,44.1306828892681
4781,67.97375607181613
4782,32.151411606927866
4783,36.95895331035409
4784,34.55408990250795
4785,38.100176392657566
4786,33.029322329177134
4787,68.02690129638346
4788,62.49222153588683
4789,76.55297247024768
4790,26.57714428755256
4791,67.04106833845395
4792,56.10146874793931
4793,36.587021693736276
4794,29.220408437320554
4795,36.223136549984325
4796,40.99975092746412
4797,25.671376602613268
4798,36.41187413842612
4799,53.393212156114245
4800,61.63863039476378
4801,27.433265769602656
4802,26.88371961942811
4803,31.53121854200044
4804,35.47115125665502
4805,31.323309066289436
4806,25.22587101355479
4807,74.40913493367529
4808,30.89627982532498
4809,85.66250912334829
4810,61.26972288160637
4811,68.95209172409156
4812,28.18450645615356
4813,33.24993123240143
4814,64.25544044711444
4815,53.574771867285556
4816,53.919503988854004
4817,58.78382484052101
4818,36.360517007556204
4819,83.34988001591928
4820,32.56653308278319
4821,37.88925391429029
4822,50.00857153261386
4823,55.211564549324876
4824,36.03100668793761
4825,27.026383576316853
4826,50.119939901507706
4827,26.205865275751854
4828,61.89814197391177
4829,33.05806214050494
4830,73.8858540614087
4831,56.116283609787246
4832,72.84229599594154
4833,29.955022306378783
4834,25.67596945133409
4835,28.20306641269427
4836,23.461945175900436
4837,26.860489831420388
4838,58.176474257678834
4839,82.61732694234679
4840,45.52346266146985
4841,57.272111478576406
4842,29.897880099478442
4843,34.03551868105622
4844,41.02360600649477
4845,26.583874743733944
4846,48.67693351422928
4847,69.62397076126368
4848,72.01834233589786
4849,32.694646142508994
4850,28.534933928742223
4851,33.31194215593364
4852,60.20831716687027
4853,26.28785006124972
4854,35.1084082701568
4855,45.653941494750924
4856,70.21437859945823
4857,40.972521616603096
4858,39.92400953292529
4859,36.078793706623756
4860,37.96883590042349
4861,37.638622588772705
4862,29.835102367405856
4863,32.844820360871
4864,66.53431279481596
4865,37.23698050673908
4866,72.30668831061884
4867,39.19650600291979
4868,39.07877909170171
4869,46.11607681543984
4870,38.45483032926789
4871,70.78829366789292
4872,62.80893264339232
4873,38.157640442376355
4874,30.420705438780235
4875,58.07264154697391
4876,62.42682234622975
4877,32.14288727460769
4878,75.30136639984165
4879,72.07013344803413
4880,34.11977654582567
4881,49.38872626991845
4882,37.720822141406806
4883,31.748422794641478
4884,36.85147990547524
4885,62.628494827282765
4886,74.18632907498541
4887,44.06381379317401
4888,41.48027087186912
4889,32.01079976487767
4890,42.82003853162532
4891,45.24587944316087
4892,25.475091497602165
4893,71.2560657014825
4894,33.80568228007175
4895,32.64933653039711
4896,37.91605426166263
4897,49.789889553519984
4898,41.20292229581331
4899,71.58731686317203
4900,40.706673141275765
4901,64.01433579832907
4902,45.75097490782837
4903,64.21714216749088
4904,54.33245011179041
4905,62.37028576153412
4906,66.77302532253312
4907,36.77631618063077
4908,26.784075142488028
4909,74.91656461203223
4910,44.281411191652786
4911,27.34423136746312
4912,32.825869249303295
4913,71.83735802571012
4914,22.958085719853802
4915,39.217172006281565
4916,42.48585969124663
4917,49.82113068674149
4918,29.345180851853517
4919,69.01941234173628
4920,26.02988501047944
4921,37.56913293758172
4922,32.43876276119967
4923,58.57988801236646
4924,34.32440548761769
4925,45.210785480500476
4926,76.88342014121156
4927,36.539267021236824
4928,72.88166477713557
4929,81.25980894606388
4930,31.546914825524947
4931,47.55575841079705
4932,41.1807890841919
4933,57.96530629922529
4934,34.49601970509832
4935,32.74329542597455
4936,62.607897973444395
4937,29.48115454120944
4938,76.28158575253096
4939,34.26576826603238
4940,43.47002872634182
4941,64.19633298287343
4942,43.253100439364744
4943,62.52656165173981
4944,27.36176844566342
4945,77.81394196801071
4946,27.381884741821494
4947,38.672183338455156
4948,29.391807531475656
4949,37.327949483874214
4950,33.93477667604128
4951,21.553034191706473
4952,39.881821208272605
4953,60.03359416145737
4954,39.48635439843392
4955,70.41319712804372
4956,41.9202413983653
4957,30.715584100385723
4958,59.8173796572122
4959,37.220727266616294
4960,35.13566783501175
4961,31.199639097865095
4962,72.1830115754413
4963,41.90725624571188
4964,43.96640796638302
4965,70.14730829320243
4966,34.18639642703354
4967,45.0318502534714
4968,75.97564412295533
4969,71.1691340074586
4970,73.71558476250556
4971,62.09566164992638
4972,37.564885187361625
4973,25.707650720215664
4974,69.48796316342954
4975,32.553631861875274
4976,41.156025883062846
4977,28.684460617616143
4978,52.05084013893205
4979,43.778578815896005
4980,69.9437275126007
4981,31.654895494908466
4982,32.716301218578636
4983,38.55907597166025
4984,37.532759792301135
4985,62.52931872250099
4986,71.49003805204563
4987,27.815379614590274
4988,50.6364383439364
4989,41.973876946084886
4990,60.29599441267068
4991,70.28722442891288
4992,38.94848039038036
4993,25.213533155246047
4994,49.74532386417259
4995,34.13930404571144
4996,59.47062308846889
4997,59.09839739596981
4998,43.23252442580536
4999,65.3043714257064
