ID,RiskScore
0,32.27952598418801
1,52.19619229444026
2,30.17430813643263
3,36.14133519568925
4,33.466784225755426
5,70.11057494313155
6,31.051172542762828
7,33.402299582018756
8,35.32099307609582
9,69.87803107138822
10,32.676761009662776
11,30.886102292729262
12,67.71648258851825
13,38.23072099301656
14,31.9956010947652
15,59.71773183156763
16,24.332830387582252
17,33.85611125997797
18,66.0703790447549
19,43.223840660601354
20,73.29284080475462
21,31.882906823001125
22,69.87253041034596
23,41.89600164864166
24,50.772331564074236
25,29.8761415999991
26,33.725917079445104
27,28.382901219259026
28,55.45270393383652
29,70.33963298071377
30,30.102040322725735
31,67.04287685004117
32,32.13167915185692
33,30.222228321320138
34,39.55333445876694
35,37.511008506064634
36,66.02765497816588
37,56.49142759114601
38,48.38513916559313
39,75.4044126209091
40,71.4930765688977
41,48.11968349695832
42,80.4621487555284
43,20.786292047023
44,54.977569948599225
45,29.554845041817174
46,33.54516097784686
47,70.08961102020223
48,30.297338106147688
49,36.43768380569216
50,67.19030507678308
51,57.756284280551924
52,42.07062100557404
53,26.278599310521834
54,31.451191029715236
55,40.723564900193765
56,73.35032019936692
57,36.051051371375316
58,40.62542439568987
59,58.82056201730789
60,69.60540293453877
61,47.113906535608514
62,31.579785432962247
63,86.19678456492159
64,26.154348345959384
65,32.310434258074764
66,62.687836082793176
67,63.12015521147424
68,37.08641233022484
69,68.72034610440244
70,36.46655474762136
71,39.68437150038324
72,48.8880714594118
73,58.25790326124961
74,49.3607377022232
75,66.78431810831968
76,69.45180491312625
77,25.3058816643191
78,53.01596963718115
79,59.51471163936006
80,73.26387702953727
81,51.88126346712333
82,61.23862583231934
83,34.43263246311513
84,69.16533540946669
85,74.90055008997592
86,62.64306166696366
87,25.183196200359102
88,37.50394165016107
89,70.63412961675432
90,34.627489766494335
91,44.14853809030004
92,40.08321392558568
93,31.119047864374856
94,39.82056316369447
95,37.24969078033011
96,36.51431545096183
97,67.44794936531423
98,38.09361963922491
99,62.75235505924519
100,34.50867979212602
101,34.25188807203648
102,68.80951276117872
103,73.85282422238876
104,32.31217431527517
105,78.10976408262829
106,75.22516646119094
107,71.61942741465393
108,40.11715176544473
109,69.84921693526485
110,53.156823704282374
111,67.69232249673381
112,76.25311739457858
113,63.46311167107482
114,68.22098710965382
115,32.12013887015953
116,71.3604804887219
117,54.16938199978222
118,40.62262362263996
119,44.12806192787203
120,22.018848583173348
121,76.11100339665074
122,32.52607619429349
123,50.31840420884228
124,34.09929162602292
125,61.373122896190026
126,16.056163686857012
127,28.228832063029184
128,34.66014193565042
129,64.12611359360055
130,31.98688915322692
131,71.58150273821572
132,71.80186742013198
133,77.45557017496796
134,20.260263848067268
135,38.21173364443126
136,21.93590797760828
137,40.79419827875985
138,34.60751450237501
139,50.81522475997541
140,39.56936319343753
141,35.31395257955462
142,27.155084027096535
143,28.145813678805165
144,63.120634084141
145,31.98945181897549
146,48.83609590643227
147,64.04331213499006
148,69.2989748850983
149,68.59720440936971
150,42.43155669412202
151,34.01960591080527
152,76.9227671109785
153,52.882598205248996
154,68.00757512123639
155,33.608081851342156
156,70.8333573849414
157,62.8945394438379
158,65.44955889674759
159,74.67008409333702
160,37.795107183204074
161,37.515113031088205
162,68.78480935993602
163,40.71608992090842
164,42.93735515953621
165,52.331720815242704
166,38.39537208379816
167,34.47322297227443
168,35.55653432752527
169,28.040443227556242
170,38.47362233117456
171,51.95094450655005
172,64.61293933418781
173,47.8887500242463
174,33.11176876778028
175,58.43684743952612
176,48.10349185663683
177,42.668104117856814
178,48.20167358191108
179,75.5330413602664
180,48.683258928869506
181,34.12744827015901
182,60.92256498949641
183,66.9381486556617
184,72.11172314603425
185,66.874549360783
186,70.9428798953484
187,58.97113428507046
188,34.62122303772343
189,18.48755786305604
190,31.544499212391905
191,72.953622874764
192,51.32004302614477
193,30.34230733167824
194,68.6299310388008
195,25.9111360520273
196,30.302045101038722
197,67.16579511089702
198,63.01987739026917
199,35.57931437090383
200,31.64514370611737
201,52.8516349291512
202,31.164292818430777
203,34.61997422479877
204,71.14362768808527
205,59.14879866553848
206,63.9876764672728
207,38.32265361019162
208,53.64390041207055
209,54.852776774330586
210,29.610342308203574
211,29.31260100427904
212,75.22781968408967
213,65.66388101965845
214,39.82960752272648
215,58.764398534695154
216,61.6765695036158
217,64.83388970143776
218,52.003786730787915
219,31.2982225179805
220,33.008143499742566
221,33.77174314449372
222,29.699175889590485
223,53.25974325901375
224,28.289594581863643
225,65.95226369697451
226,63.156891809073
227,35.678631484681986
228,40.39599714434939
229,39.90924440348792
230,52.01992679662759
231,47.405989432285565
232,37.40089090240438
233,46.31728073514575
234,74.73614486556174
235,63.681574606032854
236,30.806094357731073
237,53.27854729503068
238,66.48153374346252
239,31.858042038639233
240,66.20351232189846
241,74.09150476227853
242,41.73698286810065
243,68.21310281342237
244,69.46191259438606
245,67.24919556815645
246,23.302681396440892
247,42.454099606922654
248,76.27780217676823
249,22.70180689481536
250,67.3483983072989
251,33.590775028213145
252,36.69853216811796
253,54.52478711887812
254,54.537319718131414
255,32.807133008401316
256,52.72529642071552
257,68.2496677767316
258,68.0769447365104
259,33.59357100849752
260,48.63614997563686
261,40.11121546654999
262,28.377347398692525
263,76.09747157862827
264,65.96897774344583
265,26.884035281777287
266,46.89147808437086
267,27.460737169979954
268,64.47685527744449
269,73.99936633195664
270,54.58637133142772
271,77.55318507307895
272,33.67908235142855
273,45.596078887452045
274,28.157471212916214
275,45.000460914232285
276,62.47269911580206
277,34.58941018261186
278,57.841316029058
279,29.28118496112941
280,60.13888546332866
281,62.14467117322235
282,54.02135440116294
283,54.28573423118809
284,34.55187751097452
285,32.47594289045195
286,29.893009240450656
287,69.6052508179381
288,50.000696033989264
289,36.79105319965156
290,48.977480169209855
291,42.149393045772136
292,53.26833745488903
293,72.81826109407743
294,32.57144794307738
295,69.40799960451822
296,68.74179728854803
297,31.27280262118726
298,38.26392673386712
299,70.75431844082084
300,46.06955011051669
301,75.17667287348566
302,55.48852835307303
303,36.557758428553555
304,57.91283684973199
305,31.584221435540528
306,34.00504115906705
307,70.71660185072749
308,50.41763005562608
309,29.887268678784984
310,72.06510298111024
311,53.77806827057668
312,47.28516627927995
313,46.310440885544715
314,67.57104948994261
315,75.26878676483079
316,35.68566855968339
317,35.568176582075395
318,58.60461112504662
319,29.74572140185083
320,29.547561458185264
321,40.71766593432807
322,71.39522151687474
323,62.48750709961535
324,89.83782389702058
325,37.38993026969037
326,69.7951706937761
327,32.63165338956658
328,42.182358936025345
329,27.68683292812714
330,36.98799019666942
331,81.20442114530748
332,23.34367801939676
333,70.69670044509697
334,57.54410596719362
335,66.74235579021595
336,59.5957704928134
337,26.931752682686103
338,36.11771430193784
339,43.743118323801745
340,69.3824758833018
341,75.05424357716252
342,72.60038318589167
343,66.12604046066457
344,33.06079790413931
345,32.065114599180475
346,37.8324936192747
347,35.93846256291916
348,39.38023299893825
349,23.451389787138815
350,46.365828493753654
351,32.8729943138531
352,58.23772446073315
353,25.007481701177618
354,24.894794391226327
355,30.796159876502102
356,25.994098055985184
357,29.077890280895215
358,29.804030303844236
359,68.63412882444825
360,29.442355879778308
361,25.503155217170466
362,33.90879841950534
363,66.05532395241627
364,51.10684300224989
365,46.239958215964876
366,50.83637749921157
367,30.786206744242072
368,61.37958766639679
369,50.91483313139089
370,36.547403680870445
371,25.49222867290914
372,31.450703098243117
373,71.82766309749775
374,55.62763833739304
375,37.9885137063911
376,26.39501309635148
377,61.16969470149071
378,54.15013466273887
379,65.6552532826847
380,34.02302323275132
381,29.924033526284127
382,64.65584758920355
383,69.49237356323454
384,42.30028972000707
385,62.01225018841294
386,27.96360200594532
387,36.70088903716439
388,53.91802724900478
389,33.482055393399015
390,71.62767169239643
391,67.06938050330207
392,62.24285771529897
393,40.03916709821686
394,76.47960852123558
395,70.15015291473816
396,33.48342955232546
397,26.510694197987583
398,70.06003560922993
399,32.25217821547526
400,48.84854824716957
401,68.60358262341757
402,28.0557151998584
403,69.06346486273601
404,72.3237208228161
405,48.25068407777933
406,31.554124813459378
407,64.14402934933153
408,44.11327568656056
409,33.386255178490885
410,36.03167512185743
411,43.02048199797156
412,37.710369211176825
413,37.864308296901
414,63.46651204430341
415,50.09229294885146
416,41.00226480251055
417,36.289845015870206
418,29.080171442699257
419,40.96997125946342
420,23.526080854332665
421,40.33593400811079
422,30.15157721156371
423,58.34198121809235
424,25.36855266214978
425,51.11689980006142
426,29.930901288594335
427,33.71183866071518
428,51.63867083813189
429,32.66329684284596
430,62.952737025687824
431,32.55434477507023
432,70.50432046978982
433,61.07930837214474
434,68.92210891676405
435,58.377984826352645
436,28.550585399897106
437,73.9415766390646
438,40.498107906410894
439,45.23242491230397
440,71.50732954246882
441,31.66025842364664
442,68.26448134107162
443,65.2286128062493
444,66.70856630604685
445,69.91736487422172
446,72.24807898120389
447,56.10848771897663
448,61.15890268588548
449,69.41301111091107
450,65.69753622095061
451,74.69047904119768
452,30.25401062698572
453,59.31137100975148
454,56.95584712949227
455,49.91373158868875
456,41.26878124697001
457,52.652961827442574
458,39.95346247238781
459,56.28265874573427
460,33.375265135694065
461,37.430531099241605
462,29.995642033331197
463,48.72680424773692
464,26.61094173319908
465,51.08784753618418
466,26.70820531293039
467,61.75076487773408
468,40.63615827418881
469,68.98065301431865
470,58.57097708443203
471,67.24325090929135
472,34.52619022253788
473,33.963078242888045
474,29.495532348447117
475,66.14554583360416
476,30.118728331523766
477,73.88841205346563
478,31.67350059806277
479,58.86605242033265
480,59.93927571558629
481,39.70750000099334
482,71.00426297348298
483,40.04886588377203
484,35.60339512584434
485,64.08282891312146
486,68.61241316724706
487,35.329978805212484
488,73.98444096701841
489,27.948485549800306
490,69.95590005440667
491,38.94368377218862
492,67.63559368603666
493,31.11688509498601
494,67.88706898350006
495,37.037666512597525
496,76.5515378259679
497,70.44750847593855
498,39.272367805043025
499,28.138903721636346
500,57.88368067878274
501,42.435552930741125
502,72.18742407887395
503,30.012857520411103
504,42.65042409639794
505,52.060348338816546
506,40.55991733778956
507,72.53274905223353
508,28.131864252288107
509,89.02259163721439
510,39.242815573015946
511,62.77123665635462
512,28.805480805364727
513,78.97664847055071
514,67.31161001623013
515,39.79201141102547
516,45.78230726410529
517,48.79660933429594
518,38.73955087326425
519,46.56525333135014
520,66.64030234544931
521,69.9958111477964
522,68.7997081348413
523,30.585361321659725
524,38.63472930523241
525,70.86325267315462
526,42.73523597052179
527,51.68124605023882
528,23.589840519662754
529,39.609132545368446
530,32.623174442459906
531,29.08159386043033
532,39.54750338276348
533,58.51241133142891
534,55.13866577349608
535,32.90729313403967
536,56.68780300445435
537,74.03287405594655
538,69.01460895605368
539,74.06629743107194
540,63.04693169818684
541,35.88233491208707
542,77.84800964377992
543,47.39451309160968
544,63.55549319050063
545,71.69634497296195
546,72.62357608458622
547,67.42447052148002
548,63.569426029235416
549,53.775943053917274
550,44.427861725944034
551,31.689966218435902
552,55.5461534290683
553,30.738150346505233
554,76.02619408293991
555,48.81532264774042
556,37.11275824809351
557,35.945535761491016
558,76.11717137478479
559,39.280695788593995
560,37.354061322136474
561,68.21684593339802
562,74.16779980835503
563,68.6205221884237
564,29.23066721850554
565,74.49532460906636
566,63.21409388025825
567,44.11920524640198
568,56.38226645368269
569,34.75730009539808
570,71.61991386496561
571,32.50497880476479
572,72.43950790631077
573,53.8666905102928
574,50.68121609812811
575,36.6139000248023
576,39.21757927378224
577,24.80337137171417
578,58.05507713318513
579,29.830152704654576
580,29.477425533005746
581,31.155710216780378
582,74.83221479844934
583,45.808538881679894
584,35.92484909454908
585,30.11832689037332
586,70.45099421002047
587,41.61008631103692
588,48.187561343246514
589,33.44010928919652
590,64.70980201469376
591,39.68315005492582
592,78.06884162265224
593,58.278866535574984
594,61.742758537018865
595,30.170285219730292
596,65.72064287924341
597,42.15447046248036
598,48.770893130545275
599,58.93510056325534
600,34.320440137605715
601,67.15936674272108
602,59.37356227686621
603,71.93599914664517
604,62.06133588154619
605,37.82723310475225
606,37.48230671401922
607,67.68101258007437
608,33.758177983431935
609,28.73564609333014
610,64.72961210251631
611,45.233664595490076
612,36.923276747855745
613,38.94481935753209
614,34.59300704336716
615,35.60407582981061
616,33.080156338580665
617,29.765936077132316
618,53.19436484197525
619,33.33573357830695
620,34.94124225948219
621,56.23640198174387
622,68.30449400446363
623,63.76277348774947
624,35.4207174994067
625,76.74840997255473
626,50.0477447008153
627,69.54604203405677
628,78.88610314931772
629,33.38209192707588
630,35.55763471795211
631,35.99985026898586
632,72.88813694459694
633,34.50168229639813
634,33.68704564559954
635,41.35155998431857
636,34.16385024866891
637,67.96212988230286
638,29.904909695536514
639,76.32750196655275
640,70.3631713391064
641,41.929365122011454
642,35.5510729365493
643,67.17607987499093
644,60.9162871622411
645,30.41956931385139
646,70.6676786790697
647,68.0445949760297
648,52.731769797180576
649,81.28004307644979
650,31.563218827762515
651,29.388216132956323
652,15.529114403513383
653,31.57688331233475
654,32.22031863697689
655,42.55551596403394
656,28.3892306710163
657,75.90501703697413
658,35.38078826865866
659,40.51541364891755
660,38.5320739620928
661,21.822171968702563
662,29.30996632286095
663,33.807432659798756
664,43.720269062914255
665,74.9759574681414
666,24.87186189008236
667,40.609077780286924
668,64.61368227937066
669,36.73628999214927
670,33.2975667207966
671,28.34972836102895
672,23.150484705642302
673,34.49935940929825
674,35.28777789235622
675,71.9609668208648
676,49.32482499317843
677,31.285561659039505
678,36.35030018006434
679,77.1866155080704
680,65.93478905633563
681,42.83358711675611
682,39.3036533877292
683,53.40971400418032
684,30.636776872938814
685,47.92022590676213
686,68.82409840182123
687,33.746789137374506
688,77.23071828917679
689,57.92759658753363
690,35.76684428080419
691,61.723902682951895
692,51.35600607668837
693,34.341355472742045
694,27.39113815754744
695,69.99517292754634
696,52.74130490731311
697,72.71991801689487
698,77.31599700208733
699,32.40909495355262
700,58.03599143250918
701,39.8280249264902
702,29.165535990827543
703,35.61623762816013
704,31.704496422697765
705,26.160972938277126
706,48.949227574220444
707,68.64493434534785
708,55.897158604807444
709,46.88768418053395
710,64.85698330590479
711,56.97346866706344
712,34.6482289850711
713,69.63013462194426
714,71.11301050171892
715,19.07491657571317
716,26.545713012040945
717,66.8420307777409
718,41.038154157119195
719,43.33495664304261
720,66.40029410713058
721,65.20229036004933
722,32.55710870065931
723,31.290842459493724
724,63.61270033865988
725,42.43841907644797
726,33.83207154306063
727,58.49970018285982
728,74.04472519961445
729,31.18357960425619
730,30.8012994224358
731,51.176301023296325
732,31.750077904751922
733,45.21554297083397
734,42.72886212331418
735,26.453158816170532
736,62.789738279510715
737,44.03246404562471
738,40.488330531023756
739,28.934832562442793
740,33.35464942725101
741,67.12945850864419
742,49.37450362550401
743,39.20037251158915
744,28.546642865068282
745,49.51531939957287
746,58.92463117790875
747,58.34071015125093
748,35.14871635455485
749,41.73980758520742
750,70.11973650705711
751,42.43405413664813
752,90.89110176361416
753,45.25039431446183
754,35.82492588377284
755,47.785339431452265
756,26.722161941488352
757,73.65984958237497
758,67.87809117169824
759,58.22669844669008
760,32.95828331110623
761,44.4588193495218
762,47.520120567289695
763,38.23849691260825
764,68.31644858522861
765,71.61406503134684
766,29.062811608047152
767,91.32000800908708
768,29.04624695915443
769,41.45519742740574
770,31.281585568521237
771,73.90053316608073
772,62.12629806207441
773,27.853994893667885
774,29.772757896073216
775,43.53163670992787
776,36.1398015885248
777,30.584785763976935
778,31.848516553839833
779,33.6310776023699
780,46.12883075843402
781,47.64158884163242
782,71.93212828517208
783,71.50126015248992
784,35.00207392183236
785,27.74825272093871
786,54.163015827858544
787,68.67683332046064
788,67.93918749443552
789,42.594304126152835
790,66.04530696093312
791,33.88195894604711
792,31.38758149143068
793,32.965896399239355
794,72.91818798062249
795,38.37984251230134
796,47.10451980780356
797,31.904167501390496
798,72.61364864536446
799,67.8078980466878
800,65.6990626220734
801,50.74059232617123
802,27.529482307658014
803,52.60830418276177
804,72.13372633632513
805,67.42665211150427
806,64.56239696534436
807,57.176064047404424
808,65.50367001073286
809,45.89632903216161
810,76.47022979386117
811,50.73930116143725
812,32.03060034921745
813,74.12679750089733
814,47.132288179485386
815,74.9981601629837
816,26.748911180546553
817,49.92948945302055
818,70.02425022133995
819,32.454952814050785
820,36.799799866608794
821,51.61885244187692
822,44.27672061571788
823,60.89724955549886
824,72.63048741425385
825,81.69490831008451
826,53.50108502365744
827,40.27528095836878
828,26.530624727970228
829,40.39603139308613
830,33.443336007934505
831,63.97132706696982
832,44.61246594244338
833,49.65054861367814
834,30.169674480649743
835,63.27111427029139
836,25.80414108976665
837,35.278134563834485
838,34.49113266738597
839,54.462373952966985
840,66.93276114097785
841,71.38791376493008
842,64.93960106862244
843,50.95429598484461
844,84.50916704558753
845,35.245919998894124
846,43.30025222653122
847,33.23966076907893
848,69.79543193603338
849,43.3158589375561
850,29.367904492646336
851,59.712333531800795
852,49.07619849923116
853,31.86576670851106
854,34.970231231472205
855,31.02166797931922
856,59.32652630188613
857,30.42200878137069
858,33.46625818371879
859,66.96315660123312
860,30.77981956469117
861,42.06082580086711
862,48.50649745213986
863,31.12548659601261
864,27.71708840490366
865,47.83057726781121
866,74.88227618135436
867,30.529496560214067
868,42.92342548805372
869,62.36900885706547
870,30.012511894314766
871,29.20931104502217
872,59.854021405272576
873,48.29792447681025
874,20.547829903768836
875,68.2345507760948
876,29.346168918496474
877,32.84491741356842
878,41.752950660065196
879,32.39671844193645
880,30.583125609911026
881,31.72460270734847
882,80.71809364701471
883,32.39062904692315
884,48.506829443900514
885,28.618694482619386
886,56.023480518953306
887,48.045081544673444
888,74.80177602122072
889,58.874196416197016
890,33.389151299567956
891,30.092711276833406
892,73.62325705157106
893,34.75701018098489
894,40.45734252728337
895,21.53407589040357
896,52.842017342382256
897,45.98776718486088
898,49.290129701064444
899,70.89837476352423
900,22.963058387117528
901,71.93541325584386
902,77.6956085663854
903,72.87926466756265
904,57.002120824162134
905,84.95696359437545
906,46.11013642266256
907,71.12023159783799
908,47.71799636160511
909,55.50448948449817
910,52.062877952990846
911,71.04430830742035
912,75.31013726911367
913,65.6511928877708
914,32.285236166610716
915,42.542831983834596
916,59.569482649897765
917,48.35369257821274
918,27.744872953255168
919,36.588408999467894
920,29.023922346460864
921,34.496957151638505
922,48.61736088300786
923,37.47724150052172
924,66.35292570229736
925,80.35643870025751
926,55.999412806534295
927,37.79894024730402
928,39.39727126302132
929,32.37183908439006
930,34.25912047686771
931,32.93120448681485
932,31.81122465053457
933,51.78978343492091
934,31.743562138391088
935,48.2501533638818
936,67.10205143432856
937,20.206903866997965
938,64.19086423322335
939,60.8685728178463
940,61.76765769065695
941,40.868266622545775
942,40.121249822143426
943,64.66492632338871
944,27.645758579303983
945,68.86571337434921
946,34.558447823557955
947,55.440873944615966
948,59.03650615858946
949,44.18989275435787
950,28.464606002207464
951,50.12273700996233
952,55.52293122354491
953,53.70192532309667
954,40.66352479734512
955,87.2906566066264
956,63.8994101799606
957,41.19779621176433
958,46.23418543546815
959,30.005216340268124
960,34.89793223576737
961,46.854056500346076
962,29.275940453384923
963,68.47543291150211
964,51.54623904689418
965,39.16318278958491
966,32.133879934172654
967,69.05555276898224
968,30.977702972677196
969,27.46895373186465
970,65.52478306275921
971,33.444530479291835
972,29.986570332519626
973,41.404912878285316
974,38.4841837326641
975,33.77210311022525
976,61.396810692016686
977,69.28209411934816
978,68.84492672149308
979,31.344811090852588
980,52.536631176361695
981,35.5599285359322
982,66.21984205540498
983,31.974642554708712
984,51.80834212214937
985,40.58122213744498
986,29.091309050198998
987,71.98202757323529
988,28.520413284337245
989,74.83098059455128
990,38.16093363831688
991,52.02720273235088
992,37.6626594321916
993,29.29813948318098
994,72.54065733228765
995,16.256882872241462
996,46.86056445642566
997,27.20092244120903
998,73.90806142960646
999,34.1927689201483
1000,31.412561369556453
1001,66.11467604358697
1002,32.90586392881838
1003,59.74609507746233
1004,59.15809082374258
1005,28.136888545192036
1006,75.54187448736644
1007,33.308963429841754
1008,58.98999488062293
1009,32.38405455397495
1010,76.6065141739009
1011,26.707425478554104
1012,34.29650015751759
1013,68.74267941678514
1014,52.52187038394461
1015,70.89722076841362
1016,40.53941116480893
1017,52.70639044144974
1018,31.220620442459197
1019,71.16631398942751
1020,29.132387425017317
1021,40.34941261120608
1022,43.266358576605114
1023,64.89115705900215
1024,65.28532757734487
1025,27.233056505388042
1026,33.88955785299525
1027,33.32884096288891
1028,22.871644402568077
1029,31.682685278902962
1030,64.35975614262958
1031,33.30398342359272
1032,36.28280885475911
1033,32.15179426689684
1034,31.39724915691395
1035,66.97740771252046
1036,70.11904533945142
1037,67.51803680884677
1038,53.61787491597828
1039,66.44363379742066
1040,52.225994035579035
1041,28.270726761942154
1042,63.419072737817636
1043,70.6226536497637
1044,24.99296054371669
1045,67.747879694656
1046,31.575663602011364
1047,35.52598860591705
1048,43.85508167198959
1049,31.2331257541326
1050,31.294166627318614
1051,70.12188475083072
1052,44.43629814694538
1053,56.31922699448917
1054,66.27249641072318
1055,41.853831936894345
1056,30.168688871350515
1057,30.496417144303656
1058,57.69501341487995
1059,30.000388081599077
1060,64.6469369460279
1061,50.63815593037096
1062,66.46168416556543
1063,58.52221993647596
1064,38.9511748924204
1065,48.891666203637854
1066,53.67939803663354
1067,49.350389090608594
1068,33.565456932606295
1069,39.43821769345547
1070,41.84001905358646
1071,24.73336632278262
1072,39.87623749368856
1073,34.07588769758759
1074,56.805812875908586
1075,37.53261953152125
1076,73.19565843122916
1077,41.777673949038274
1078,56.41463647877655
1079,51.2112050960148
1080,33.32806781578678
1081,31.187161097507648
1082,30.42130750026515
1083,72.70063811230958
1084,59.57305871850728
1085,28.63182907479572
1086,34.90425718966362
1087,64.54192850426364
1088,33.432075850219576
1089,41.00225005656231
1090,31.360789170397595
1091,77.9241597344498
1092,63.843858201292385
1093,27.781929685681796
1094,31.491082299041324
1095,72.88446030958826
1096,37.083123135475525
1097,72.4889997865233
1098,74.15161033787241
1099,75.52481568844992
1100,27.284880989194853
1101,27.658558372286745
1102,60.43748456238259
1103,30.844884232520972
1104,62.70654538657778
1105,39.344010855139956
1106,69.43215879892674
1107,59.90955870604171
1108,24.229750216197036
1109,58.508654231099634
1110,46.675430087177574
1111,49.5232618752772
1112,57.15422222595839
1113,33.657667706474754
1114,64.79060384286565
1115,64.28869318284562
1116,49.56674862234361
1117,37.74516792636457
1118,60.64569682616333
1119,41.24039329445834
1120,34.16263525659706
1121,34.067985334868396
1122,34.69889114813435
1123,36.24709662284669
1124,63.60567319069819
1125,27.227528396036796
1126,61.74074843291155
1127,51.26262625418196
1128,40.8887780425008
1129,41.326415205322704
1130,62.63756846245114
1131,80.39273386348472
1132,35.399820406695675
1133,37.68016313241337
1134,64.57690089997563
1135,48.72183247239332
1136,46.835709787800056
1137,52.75173394902443
1138,51.187062060713856
1139,44.09288977956694
1140,47.392233115740346
1141,47.29071883723738
1142,70.45869269814085
1143,26.827978102189537
1144,65.22406511705555
1145,71.32391866870292
1146,30.182004201236154
1147,47.17509410753287
1148,31.205144663094313
1149,69.07927338962243
1150,31.292391617991843
1151,33.45846803447037
1152,29.552950962148188
1153,58.59885700111019
1154,34.71384917505023
1155,36.60392958454243
1156,28.004370208960044
1157,68.87747509280263
1158,65.44697078263228
1159,66.2440943855861
1160,31.42734394521925
1161,59.04448384264337
1162,69.15638972557281
1163,28.238414960972367
1164,71.17079137426883
1165,62.43401301387502
1166,71.75543591702797
1167,68.66492897564616
1168,33.8975801013205
1169,47.48980276683523
1170,25.679890906722843
1171,71.09666716363016
1172,31.09356740104841
1173,58.40549419860491
1174,57.56560054294339
1175,43.26874206034672
1176,57.00726977323549
1177,64.04950533438023
1178,38.24511840171552
1179,31.204236083837927
1180,40.82291251708816
1181,67.6234228563718
1182,52.49763254853846
1183,34.61912127236698
1184,38.008125204051
1185,37.981536901127264
1186,65.57340846149933
1187,51.091710064417605
1188,19.42185545044351
1189,28.86954733930384
1190,27.471239015299595
1191,58.07986392398327
1192,44.11717154356109
1193,35.43280724404774
1194,40.70592126433261
1195,41.12779658916674
1196,30.790130131485522
1197,69.92512189409788
1198,33.66021338642057
1199,54.80947844918927
1200,67.14352700566758
1201,36.207182998586276
1202,75.53622763592521
1203,59.72431918316239
1204,60.22664165219053
1205,30.504630102400196
1206,34.58104857587697
1207,68.48750636877682
1208,45.48298724235268
1209,64.3820125281718
1210,54.08133485913981
1211,45.37477081723689
1212,82.02520738233582
1213,47.091394333067264
1214,70.81153043628453
1215,62.45046440240905
1216,27.376713832743764
1217,51.84335915570908
1218,31.724818164253964
1219,59.648518343486174
1220,35.70003831116655
1221,46.984274903864744
1222,38.50751270406073
1223,36.02655621110487
1224,34.06819808566029
1225,54.116155753997525
1226,72.3342596202551
1227,60.750985468333255
1228,37.85003555166986
1229,76.18041236613894
1230,39.637842264303515
1231,29.822903524906167
1232,43.84669409344745
1233,59.19758642244658
1234,64.9423540597165
1235,42.572157662968124
1236,78.34053334024395
1237,54.67057052817394
1238,46.50109914149938
1239,34.38889050874755
1240,32.56501166690532
1241,72.16649608894052
1242,35.8963631595134
1243,32.07335554149072
1244,47.98023327705963
1245,48.41539448011663
1246,69.13093987064491
1247,47.877301781890374
1248,74.89331973969728
1249,32.168742141621095
1250,46.49357137564551
1251,30.662759031567763
1252,31.659669958657396
1253,29.97247253781573
1254,74.66784621046713
1255,55.227513616884664
1256,44.836369524863784
1257,74.21066540317588
1258,65.19133329235807
1259,70.29161083935591
1260,58.71180095979846
1261,33.49946150528045
1262,29.141384690048977
1263,75.75377016450483
1264,31.46146635225768
1265,57.75909324300868
1266,31.172382812450294
1267,65.51138784684063
1268,31.471154783420577
1269,65.98664888157964
1270,37.612306775603706
1271,38.189195160589016
1272,37.51049416284526
1273,40.997482805871094
1274,68.00478630458011
1275,70.12514609186182
1276,59.16414676806657
1277,31.68427291347185
1278,42.677572490297024
1279,30.701716334320402
1280,70.04321292685009
1281,59.37043138544937
1282,48.34855539566468
1283,33.619479159904614
1284,69.58822373569726
1285,78.29931882374107
1286,38.40676960579137
1287,42.45052761717146
1288,55.10444762827774
1289,60.25735246603187
1290,34.06881286107521
1291,70.82345852171414
1292,54.05624989539808
1293,29.871612180725297
1294,45.208188999369995
1295,66.35393971670075
1296,30.438961763942363
1297,32.69221101789092
1298,37.356721653216795
1299,47.55916283352353
1300,41.471890359116465
1301,78.57278606786734
1302,64.90820637123313
1303,58.933791165949344
1304,67.77355905690946
1305,41.459602272500604
1306,70.78195256733792
1307,25.863067812198338
1308,56.84319497239921
1309,34.470811960841246
1310,47.62162636130203
1311,53.292662360728286
1312,70.2001166040529
1313,39.14434663579709
1314,29.90642247979479
1315,31.692073359555785
1316,27.023334695786485
1317,56.757669508096846
1318,30.699875966350564
1319,38.2073624555552
1320,43.41229566520322
1321,34.229052592176515
1322,70.37833434395716
1323,70.36058997901738
1324,49.679919399173976
1325,61.962789863331864
1326,36.6318926226313
1327,26.58457256373632
1328,72.23220814653685
1329,39.227659387405986
1330,63.876614498255435
1331,47.79060358876429
1332,25.6895496781621
1333,34.76252980615517
1334,73.9670234526925
1335,73.01732717715844
1336,73.31954021026411
1337,30.06752581151667
1338,46.019505660188976
1339,55.54655001501187
1340,28.99975723532611
1341,30.20297362574485
1342,30.51523895121986
1343,31.239021639731085
1344,30.52888507950369
1345,28.32100615571946
1346,52.49769579563244
1347,30.140222152588024
1348,71.63513016417025
1349,65.21566522392708
1350,37.68845282769699
1351,61.37268352659508
1352,28.31586453642487
1353,75.68482271575353
1354,66.80790100295383
1355,32.15627276889407
1356,43.99181761317685
1357,31.795888836553807
1358,29.37124891777155
1359,38.07752266334103
1360,52.53923908753881
1361,68.09331321227779
1362,40.158955469447356
1363,30.235675569601487
1364,26.42502874919054
1365,39.80134891031208
1366,33.518308317975475
1367,33.085831708800974
1368,62.977940514917904
1369,35.336921247262154
1370,36.36754458541749
1371,31.548076476315757
1372,26.920194580774744
1373,74.03941119090811
1374,27.382033377108293
1375,29.22700997729647
1376,74.14718678499233
1377,33.79606513236546
1378,59.94037962709994
1379,31.48441643703515
1380,31.87595293616365
1381,36.10343917521214
1382,33.00964934733048
1383,32.44643810986051
1384,67.56392578625432
1385,75.56872367667975
1386,73.93301580779648
1387,44.193377328873886
1388,29.116231571799094
1389,34.0184318282794
1390,72.74108589105907
1391,34.24601256959218
1392,69.58462413077713
1393,66.10657985408587
1394,38.304046671114904
1395,58.36606334468032
1396,33.939124727289865
1397,34.93707713026316
1398,60.51030018470239
1399,41.939792366684486
1400,29.079625122175177
1401,48.423666319482294
1402,25.39872136119705
1403,28.63727644456761
1404,65.21270968038525
1405,75.85679023772458
1406,35.54403310417535
1407,32.40010718573182
1408,55.816374394690015
1409,60.39256728717031
1410,32.10426231278264
1411,38.17284046221168
1412,70.3844218778127
1413,49.36127748181761
1414,60.411021271251784
1415,73.7835637605448
1416,72.43510618433864
1417,26.233257210587936
1418,63.36167129811098
1419,76.42294716146692
1420,63.707417667403014
1421,68.83420756268505
1422,74.00698987115587
1423,47.99250688766789
1424,36.382401942490446
1425,34.050564415482484
1426,37.133489461712216
1427,60.30832671613458
1428,65.85920859058403
1429,34.07602983012228
1430,76.34030637203134
1431,25.192369485897455
1432,22.472931637426136
1433,73.64668263074358
1434,57.49734824772382
1435,52.121394881061526
1436,29.32404456649873
1437,30.24116863236533
1438,84.22229034749955
1439,60.66726652058509
1440,62.981581079494276
1441,33.16235070247138
1442,40.74602256271555
1443,27.54861019137329
1444,37.79136295598697
1445,34.40225737513214
1446,39.80867985645155
1447,70.90009788301188
1448,60.8097185260453
1449,46.59152258134705
1450,52.10693576716938
1451,42.360157845582805
1452,31.779785708185226
1453,64.03475207953113
1454,44.09314109519269
1455,72.13483035734838
1456,68.50074373463727
1457,73.40981395072382
1458,41.800755650742175
1459,65.76905155889919
1460,33.45335756292153
1461,65.56171443376807
1462,70.47967770191705
1463,40.93355726142483
1464,49.75703536238825
1465,39.70523533768983
1466,46.54881862837277
1467,42.83188480661171
1468,42.115909685408795
1469,34.751891302068486
1470,38.01672275976631
1471,36.841594481656614
1472,28.919760499308953
1473,76.56180225882184
1474,48.323799571444695
1475,47.682900955835805
1476,40.47065653765433
1477,54.443851842514576
1478,66.30289088396363
1479,45.52853262599963
1480,43.720287648037626
1481,50.66430161947705
1482,28.77887160525218
1483,44.45847988197167
1484,36.14881475210031
1485,44.700254748444124
1486,61.57826747763503
1487,30.47775806104147
1488,26.898179182603318
1489,30.58156557433092
1490,32.97623559596059
1491,48.5882023337372
1492,51.200550925513845
1493,74.58529307327281
1494,53.08628924028915
1495,65.63147646248987
1496,66.65681004846624
1497,27.77549856057249
1498,64.58460385658711
1499,60.989444909313306
1500,72.82306756270987
1501,39.99298624184654
1502,64.74251493220456
1503,54.47117111385761
1504,68.30925038302965
1505,28.859337164818278
1506,71.2288995331181
1507,32.16803821498354
1508,43.684897336793554
1509,38.421708126705056
1510,52.28592526846107
1511,69.8101522861684
1512,56.37815554542591
1513,33.387276439419296
1514,33.50202756921462
1515,66.14145598202495
1516,71.04313658316087
1517,33.995929020995966
1518,74.1909010331822
1519,36.37056245198156
1520,38.858718488369526
1521,48.52933619137407
1522,52.670483326125755
1523,38.12208155509837
1524,34.37271696041411
1525,31.800423530135458
1526,44.545496137648804
1527,34.693107433380156
1528,29.688222279114402
1529,28.244316590922157
1530,69.3114740840725
1531,63.04491657408167
1532,67.18056870678629
1533,49.478016202906026
1534,58.639857923530215
1535,48.80493656385577
1536,59.13230372838849
1537,57.03447245454736
1538,32.015023050639414
1539,46.55683335106515
1540,66.27873814768414
1541,49.55627542642794
1542,87.28159059504057
1543,76.02829555646102
1544,52.90485766744371
1545,34.97129769955794
1546,46.19994764893123
1547,63.44453072158043
1548,67.87506193246082
1549,39.10194524262727
1550,32.31980817574576
1551,27.15567822076497
1552,53.125548644765146
1553,62.47354425690413
1554,68.71873082461545
1555,40.72302147510647
1556,34.73454260217927
1557,36.07799159508013
1558,75.89519069955216
1559,59.89321230774132
1560,67.76964465267903
1561,44.02506619247379
1562,67.64156853149905
1563,46.80456342530086
1564,63.28375761433413
1565,34.86912771524801
1566,30.91869445323792
1567,68.35811548797932
1568,40.79380374974169
1569,32.65132980771867
1570,27.880579381606392
1571,32.78911453490635
1572,50.889898008284185
1573,31.538006261114656
1574,74.84869121300113
1575,70.2824122414581
1576,65.2597898880168
1577,30.572182217874865
1578,72.46199133747162
1579,48.69642409424866
1580,66.79304352290649
1581,32.90632836711549
1582,51.141197758257434
1583,46.58919585996083
1584,52.60357311642997
1585,75.21167778359441
1586,33.11394124571838
1587,31.96493894777804
1588,31.251209418656114
1589,41.799199873407986
1590,70.81860820061681
1591,43.03895469378106
1592,28.934577724282764
1593,71.83261077666481
1594,71.27401743358304
1595,47.03468725044344
1596,36.12452515012732
1597,61.14928389575002
1598,47.763188233921
1599,27.678749567332595
1600,32.546413933147775
1601,69.59548472503695
1602,25.730205351328667
1603,56.06955820119174
1604,46.86683688448534
1605,39.595444692581815
1606,56.61114681758633
1607,76.63114596848948
1608,39.469449531719214
1609,49.98157350676279
1610,68.0718071585665
1611,39.10901779505778
1612,52.438472341878835
1613,29.002826402977064
1614,42.42453209961847
1615,71.87421878711659
1616,42.08533741396293
1617,54.41096096409498
1618,51.26803370103339
1619,36.51521620403628
1620,27.826619283748588
1621,45.61713775639317
1622,59.81349179042253
1623,65.73848397017441
1624,74.74550249154284
1625,68.91137667187692
1626,38.88982662801317
1627,50.06196780022575
1628,29.68436128553906
1629,25.573059597078895
1630,48.52774541276088
1631,66.36847226752374
1632,72.41844874257531
1633,38.32343697489006
1634,40.51001326873726
1635,36.337320115497135
1636,44.73324265735671
1637,39.17017341144691
1638,39.2668580381712
1639,31.916033521840216
1640,41.8453094853574
1641,38.23881340869984
1642,46.776982959089786
1643,64.20543532775649
1644,42.16080788310796
1645,58.0035348220293
1646,62.67119278108959
1647,74.28510022596112
1648,21.408863291898147
1649,63.70295235526366
1650,31.489060051347238
1651,48.26904663846933
1652,45.2914184441916
1653,71.02420656337708
1654,36.33657527885231
1655,49.944430364929396
1656,48.19496133795931
1657,61.62850873562246
1658,75.5728817354069
1659,58.055492111371684
1660,56.732191747010816
1661,28.799289257552807
1662,71.57062099381902
1663,29.33637340025613
1664,73.55314155857788
1665,28.430417831075797
1666,46.14005211370395
1667,56.7089905147441
1668,64.61687971522417
1669,36.28044985411923
1670,47.51013174719011
1671,51.99921259847453
1672,69.8882208365346
1673,37.323546115580555
1674,45.29369513790198
1675,58.329158695314746
1676,71.43014631876132
1677,68.32790197569784
1678,69.1741173567527
1679,38.04278123590427
1680,35.19356168783405
1681,62.31563737072564
1682,57.41172499368151
1683,72.1300025043385
1684,63.9166479242436
1685,38.38581250543393
1686,47.39928219124571
1687,24.053539448824097
1688,73.15618487762532
1689,60.68305035164074
1690,57.79761619931717
1691,69.2466370649768
1692,38.50564831898026
1693,42.802920085567784
1694,71.90884772657446
1695,33.137859140713
1696,48.01867337023028
1697,34.24601719587331
1698,76.95734928071636
1699,66.12972210294136
1700,30.171435085560116
1701,53.75851534131691
1702,25.59188510724194
1703,29.693245418364267
1704,29.629068766387626
1705,39.91537086922259
1706,68.5604154815016
1707,58.46044471634372
1708,27.306631014931682
1709,60.09727522002672
1710,57.39675622979651
1711,67.9648527004147
1712,38.38037091484745
1713,32.22143604916998
1714,50.78392368772792
1715,38.95159259232314
1716,58.10548743477457
1717,36.6330439110956
1718,50.40984596892872
1719,35.94500361930254
1720,42.742232512899
1721,26.060643745017487
1722,31.44321345871572
1723,52.622802629261244
1724,46.565231556536325
1725,71.98646614559752
1726,70.01259966332222
1727,36.94613485718435
1728,49.437421833590705
1729,67.85799297891232
1730,48.150252320427974
1731,31.012963874389303
1732,43.667358456101816
1733,73.69351730879339
1734,41.198426473529
1735,52.44085811328048
1736,31.607102948946174
1737,55.16138758263486
1738,29.2785521310794
1739,46.9689602778578
1740,36.06226826378507
1741,33.42917621390496
1742,33.56016211082294
1743,31.955304337594352
1744,81.99405660949402
1745,56.582643174262316
1746,47.82807780822427
1747,69.05635115918662
1748,73.33438817268268
1749,24.127900423310393
1750,43.903435561560016
1751,41.80489345163626
1752,35.61843071583411
1753,56.166702987629016
1754,75.41628792230946
1755,72.45259011379544
1756,61.01508128859774
1757,27.83074153464513
1758,32.10879424492066
1759,73.01800313739302
1760,33.759059163069665
1761,27.294075873024642
1762,61.32708741461505
1763,68.63609925830265
1764,45.83578563101748
1765,32.71974430286029
1766,71.99537812388083
1767,32.3706939133476
1768,73.65404382660611
1769,65.37539326177773
1770,68.7660482269664
1771,38.3106307508099
1772,70.01088992180249
1773,31.207591589064446
1774,28.3826444983559
1775,36.7276531293082
1776,31.79006995428459
1777,30.21168780180863
1778,39.11826777928512
1779,54.98210006695658
1780,35.400052846616234
1781,31.28284386947261
1782,69.40282582374712
1783,29.095258630651916
1784,71.33396634730478
1785,62.52910045648322
1786,33.64367487555119
1787,58.71509561086544
1788,69.47917320523867
1789,32.258537754336885
1790,43.123322467189
1791,55.96400639147413
1792,38.59262448271983
1793,33.102085445478224
1794,66.96092847336024
1795,62.27843635741383
1796,70.59314957409616
1797,33.2595129884517
1798,68.30287338507742
1799,31.716940613661418
1800,29.619484138198704
1801,46.61439322797628
1802,54.9941140654914
1803,37.33527865015447
1804,34.515698966527175
1805,68.69325301952902
1806,30.895969207826106
1807,35.429342735413535
1808,50.51477267533854
1809,76.42424325018493
1810,48.882311818921146
1811,25.015589418800523
1812,47.49981689569994
1813,48.14017197940549
1814,41.48483857276997
1815,27.395486544257945
1816,57.70508501985207
1817,38.52375517360079
1818,34.39426229459911
1819,27.892154399483413
1820,65.43705373860577
1821,63.492208976568236
1822,75.2715416627197
1823,40.57046821705017
1824,41.665295818378304
1825,27.592925921840894
1826,29.91845714420228
1827,27.903065707456687
1828,45.069801070637716
1829,69.87074546140504
1830,26.77084093060058
1831,27.305224427117157
1832,40.110135499498156
1833,35.36734249669196
1834,67.74726806543667
1835,36.83006671283226
1836,35.571398242492485
1837,77.83356380404348
1838,61.53962556505438
1839,44.10457011344258
1840,30.369049116451006
1841,31.597095635223354
1842,41.50958132483521
1843,38.854733245535165
1844,53.31943429439682
1845,60.48247129670454
1846,31.906032267897963
1847,50.46545823868525
1848,60.39089932017593
1849,49.63089935687998
1850,38.99579623000697
1851,72.84363956491285
1852,72.01538787726146
1853,31.92015655792771
1854,59.68994117397461
1855,35.33972945715732
1856,65.17267729257917
1857,35.16689459389521
1858,33.97109735307542
1859,47.391579822832014
1860,33.39290537414138
1861,67.58770030331947
1862,43.762481071867725
1863,59.18723485432974
1864,49.63982109714129
1865,69.42952107782065
1866,65.909454962103
1867,67.47255079643227
1868,67.26549986655215
1869,31.16444863733735
1870,64.07456544684207
1871,26.884580772092317
1872,36.936913322727214
1873,76.64161715047115
1874,30.988301550431352
1875,37.26846297137687
1876,51.17551195105924
1877,32.80905343982914
1878,35.92260565486794
1879,43.758996668788285
1880,70.4385161759937
1881,43.130066679176906
1882,28.52795049425704
1883,36.824272959822125
1884,63.73068670033061
1885,38.93517251909296
1886,52.60461695210971
1887,31.02129267301411
1888,32.225748362506934
1889,33.24506021440301
1890,61.38054664009981
1891,63.427342536135846
1892,75.47499704770574
1893,35.949500142862966
1894,55.30413059157623
1895,28.071883008754863
1896,67.46342469551372
1897,35.15814468371342
1898,30.865853168765003
1899,33.9830599515466
1900,35.13613459229134
1901,34.65203329252761
1902,36.562825615768865
1903,73.6526447324945
1904,22.40799894686405
1905,37.26643325790779
1906,42.807185264197784
1907,64.99659754743962
1908,49.1498642380132
1909,28.313547182983037
1910,70.69417907592693
1911,53.54234937092258
1912,42.46075768234484
1913,58.580648223485845
1914,34.7905055501521
1915,76.51867969633166
1916,59.48516462871385
1917,50.22482919684306
1918,36.67152958634739
1919,26.388347684235317
1920,66.6218015202967
1921,77.1992980499586
1922,62.86873101678612
1923,27.963125963598717
1924,42.315590132780855
1925,59.43438714608583
1926,71.6978862546437
1927,28.691593832054785
1928,53.45303906916889
1929,35.25038092014032
1930,42.42321656416741
1931,42.87359042045758
1932,39.492099709791304
1933,28.576737536711274
1934,29.550683742714234
1935,32.526531316325894
1936,76.20661914180707
1937,29.501555346547427
1938,55.47039140571547
1939,60.77437262489261
1940,79.11637197494025
1941,73.24525949369183
1942,35.18603012027516
1943,28.659494270569414
1944,35.62599621780579
1945,30.211737132156554
1946,34.32513626208595
1947,54.36252913925042
1948,53.2724314049875
1949,71.60985866864371
1950,29.47330866505424
1951,37.12546660925585
1952,23.424802748726755
1953,40.865476110760056
1954,71.63016983473173
1955,36.623229237415686
1956,37.11980244735837
1957,84.94592121635628
1958,30.934324962740448
1959,40.2803570660453
1960,30.949563538676955
1961,37.06029720690151
1962,63.79511864243933
1963,70.05247084621675
1964,27.03604841568363
1965,72.3749047037594
1966,29.593785616062945
1967,49.20771730035453
1968,35.46141846856658
1969,24.955915784417442
1970,38.40761109474924
1971,51.910197742130414
1972,58.29118948682121
1973,42.92789303912504
1974,57.361257176701116
1975,60.982080788241625
1976,34.779031178359105
1977,29.35121116889097
1978,57.79645987671711
1979,70.79561549811518
1980,50.74029815242496
1981,19.45843698417446
1982,67.79333753148141
1983,32.366344288556206
1984,34.20430435912535
1985,33.238207677968674
1986,46.010683277289736
1987,28.69859074009774
1988,30.045898020724827
1989,51.38005286199452
1990,38.49247058420711
1991,37.81277156282853
1992,30.534480821849982
1993,57.04858020048601
1994,48.127544039133426
1995,41.620893141220634
1996,71.59671746301869
1997,68.64213694955662
1998,30.012786561088756
1999,46.50489083543426
2000,53.995052987933946
2001,34.51919131406855
2002,67.26893322176123
2003,60.24378055910268
2004,40.873584230328525
2005,44.72069873542986
2006,75.27712648176364
2007,40.9413863012445
2008,33.43552477758857
2009,50.93931528145912
2010,30.58786610900523
2011,40.45165887429849
2012,37.036157734652164
2013,72.04519921626901
2014,65.6057271751793
2015,68.75767055186213
2016,71.49639723281305
2017,31.9554992710762
2018,62.21715327515435
2019,51.291941253241355
2020,28.526978134846992
2021,71.89177866938411
2022,68.05561598636346
2023,52.22564614523096
2024,72.3491148730054
2025,74.51077747899805
2026,37.13490055665828
2027,28.257117528102874
2028,29.088920134596222
2029,24.94515062068401
2030,35.579179157517586
2031,41.228092158082234
2032,71.46372966357595
2033,47.28759816700225
2034,60.78764815560954
2035,35.79644123515831
2036,32.8130866116352
2037,62.00400149489815
2038,53.510073715100326
2039,68.80617898459785
2040,62.71898437654468
2041,38.56738875761839
2042,66.49596137288951
2043,72.46914066191987
2044,28.460179427164388
2045,40.13202754143159
2046,90.17890068867095
2047,35.34189059922436
2048,38.40461106600685
2049,71.02555748673088
2050,42.2721636508162
2051,43.25138793800859
2052,37.597874751879374
2053,39.26179106155554
2054,68.50627127233533
2055,46.7372548252713
2056,66.57109580950248
2057,39.72175174515691
2058,26.10614146427618
2059,51.06519180945662
2060,60.10765762580406
2061,53.652172590828
2062,68.37305700676227
2063,74.66176044897863
2064,68.20307740401455
2065,75.01851241002375
2066,64.52812126646356
2067,74.37413160635165
2068,30.585729410524078
2069,35.41415748580059
2070,70.60123819882011
2071,50.18817824038758
2072,65.13137058081179
2073,33.49149286633057
2074,73.04403572119656
2075,51.6927441467608
2076,30.89857837532452
2077,33.914913279313375
2078,78.19483675187696
2079,34.55908693648857
2080,69.83336298286724
2081,40.363236840475835
2082,32.834518229767696
2083,33.78845951484456
2084,66.15877323903926
2085,43.580334685052414
2086,63.853380166813935
2087,27.61777466113405
2088,63.58084217073035
2089,55.5113119007237
2090,67.63649099619846
2091,33.37476385662217
2092,46.48477208047653
2093,30.163220321541758
2094,31.548550668898056
2095,32.39388288043803
2096,77.55179057486377
2097,29.547589153794625
2098,31.838153578655284
2099,31.34836718921606
2100,31.740196593311087
2101,50.285179095215014
2102,34.672060989506036
2103,36.13854922676762
2104,63.44721912988804
2105,40.41307487958157
2106,60.06311910233571
2107,43.11496674894057
2108,46.12950647440078
2109,62.40422087762029
2110,38.533819964273164
2111,26.835403888526937
2112,30.570109424310925
2113,78.20991841672685
2114,53.33367460661913
2115,29.04336178862278
2116,47.4841568518377
2117,58.94597923689614
2118,66.92036070588387
2119,32.036370241487184
2120,45.539243643821486
2121,32.56699847806631
2122,34.7422210920022
2123,36.04229656031466
2124,62.31679186081629
2125,39.57606725556291
2126,32.96307977990756
2127,65.71749082991896
2128,35.89788715514621
2129,71.75106772612718
2130,61.880080903412384
2131,48.87381465371483
2132,34.1223187036271
2133,73.32448101173036
2134,27.734089100561643
2135,35.478726167181286
2136,45.02468236634123
2137,58.82914122315765
2138,60.27271693773913
2139,73.77611388551627
2140,32.12457780304717
2141,30.93572406329148
2142,30.27727566372382
2143,43.69883109624287
2144,63.35032289632225
2145,34.144982566970654
2146,71.59156351599805
2147,33.20876099042138
2148,62.690902318935386
2149,69.42837496798296
2150,50.157204321889054
2151,47.995964452452
2152,60.397662767266254
2153,73.32007860389766
2154,78.73974459380103
2155,54.85589378524198
2156,50.5842519272904
2157,48.78640620702683
2158,72.92050844073492
2159,67.51135447512499
2160,33.29341073927522
2161,33.310453766274485
2162,34.70579418638242
2163,70.19529288489818
2164,35.167886921314135
2165,47.917634872698414
2166,34.69563188668297
2167,40.98591107645484
2168,53.31418040075731
2169,31.240771160629038
2170,27.951096547403907
2171,71.57190278146612
2172,53.54914555877528
2173,34.32324316392983
2174,41.62300757035583
2175,44.37302184421867
2176,63.61184004736696
2177,50.9338085552972
2178,68.05467207986038
2179,28.775425686803743
2180,30.71249528592741
2181,48.67172125679717
2182,38.86814571485755
2183,40.721904953604
2184,66.6707772679607
2185,39.96232888469319
2186,31.784346879576635
2187,62.30958672742161
2188,35.37047920210893
2189,29.57815082336499
2190,70.25780213579074
2191,55.80552560895803
2192,32.46476520945413
2193,66.56656762536576
2194,53.64232129375786
2195,50.12611051404841
2196,49.43051673607613
2197,39.06051348342925
2198,28.95984956982305
2199,71.91571830759713
2200,33.3849023785051
2201,31.349465392049105
2202,68.22141351032248
2203,75.25352816091933
2204,23.953707795165705
2205,45.91267544079915
2206,33.132098171215894
2207,26.73852417514736
2208,73.28470483954374
2209,32.09269537604155
2210,71.61355479424658
2211,71.99536855957939
2212,37.3261425391726
2213,29.01679964255838
2214,44.90922751218306
2215,36.578450814563176
2216,33.05580900208396
2217,53.11937918725947
2218,69.72385880074823
2219,33.830176604679586
2220,77.01244558031598
2221,32.955034020460396
2222,30.194924846877573
2223,23.13939957499216
2224,69.26369754156661
2225,34.67539412919131
2226,26.825916783245674
2227,45.18011874596294
2228,33.03566242110739
2229,17.310937884369704
2230,64.73521500927237
2231,65.01308141905884
2232,72.47847414707707
2233,29.63568286364539
2234,54.47112308606396
2235,45.19351276979743
2236,53.606378197498955
2237,55.182637873834544
2238,34.9859408146817
2239,38.46031214352632
2240,50.1493483253293
2241,65.72070617656064
2242,29.304642214475226
2243,54.37647793136907
2244,65.44022455868485
2245,68.22350324045863
2246,55.560952904391606
2247,40.13524932545566
2248,26.0725978584982
2249,68.31778856822157
2250,30.64076284163404
2251,29.604346461135123
2252,34.91189876352588
2253,30.99466163701542
2254,62.974545151500145
2255,69.3123123310509
2256,30.96870092597851
2257,33.90226299424015
2258,35.16620733581337
2259,60.41001719938965
2260,52.405121257900234
2261,56.779218040073715
2262,66.76088050821468
2263,54.91504792839698
2264,34.1810315250966
2265,71.47198098320729
2266,69.64047648847865
2267,28.407572788977586
2268,29.24820531691847
2269,34.317589403487325
2270,37.066792135227956
2271,69.02791983927145
2272,41.85070341019218
2273,29.076463502059383
2274,33.82811737163095
2275,35.888067493205234
2276,54.393330352483574
2277,34.80810624036976
2278,38.30496613754359
2279,57.71080188759387
2280,67.14214693188438
2281,42.14610193477874
2282,68.02381517616729
2283,32.74685355539798
2284,35.15639656020824
2285,41.19244369735966
2286,49.202931160288955
2287,31.208632878137507
2288,79.08780527705392
2289,64.24001813161036
2290,30.487597589817554
2291,73.29419183157285
2292,35.96321880999783
2293,40.77385258200884
2294,65.40906461969931
2295,35.966412224802895
2296,33.695187160528555
2297,28.963432722285738
2298,34.042566948041184
2299,33.163771500398624
2300,64.56152175960997
2301,69.22352322984192
2302,69.86892055200668
2303,50.66579477186396
2304,34.673139267555634
2305,48.26568776019769
2306,36.79583324975209
2307,28.294503970254993
2308,27.97175836034865
2309,28.643156424042306
2310,34.77951250510493
2311,60.15198550564783
2312,57.27698748498115
2313,34.70337337996948
2314,45.224232842476574
2315,68.59217161339224
2316,43.72529718593783
2317,31.799037288802083
2318,69.31962863144942
2319,66.66022283415812
2320,47.665821914816384
2321,34.673968382473475
2322,37.16828467294539
2323,59.69649350312418
2324,55.12087953542598
2325,47.47251119321231
2326,32.40784173417755
2327,27.24021083492261
2328,69.22144637725347
2329,66.91071300390945
2330,59.860159526532314
2331,32.87218032219184
2332,37.170777848491674
2333,75.44562381710804
2334,38.296393138275974
2335,28.07143439354553
2336,41.86891739151851
2337,28.75448688610625
2338,29.44585859761083
2339,70.05991566972169
2340,33.76176827463499
2341,36.32197277847805
2342,72.49050503223361
2343,61.59293196161489
2344,62.755821238081886
2345,53.148605049688626
2346,50.59462700751399
2347,27.915295753466182
2348,30.257828041980826
2349,65.04188428632663
2350,31.073386139493827
2351,73.10473804071032
2352,32.68260088005169
2353,30.625521687374572
2354,38.30257783068331
2355,69.75228574526602
2356,56.94424950030624
2357,36.87961997184944
2358,70.45090953413302
2359,29.658900082494096
2360,28.57740707215673
2361,31.724001146170774
2362,57.15765935311581
2363,26.811025898236426
2364,30.249338239123638
2365,25.687146439193683
2366,61.01537625920929
2367,53.62032919527117
2368,79.38703915710646
2369,35.54366239347507
2370,66.90653590498334
2371,43.315829719652726
2372,30.583095732183498
2373,77.48490159523857
2374,67.16198384570278
2375,51.08097904157388
2376,26.813387144198423
2377,31.449198549532607
2378,50.19109005727358
2379,74.30842945020186
2380,64.71423854838176
2381,23.093261208403174
2382,31.600829485727115
2383,37.21025671227761
2384,41.42314090188431
2385,63.24291386337744
2386,73.59911279014962
2387,32.06983703762186
2388,37.349146971354536
2389,44.28225313258139
2390,40.31998297101953
2391,58.747600683095946
2392,74.0327848760494
2393,42.957507187950526
2394,62.107889200305294
2395,52.90275531689061
2396,42.52444456956305
2397,29.00167337967214
2398,31.107115702856973
2399,51.41026515144597
2400,26.32178030548861
2401,33.07595481968363
2402,66.61613058443977
2403,62.849874058159465
2404,48.15646354874587
2405,64.3955544597234
2406,33.80035914078458
2407,68.09652190013779
2408,60.56410336268024
2409,42.047099451250055
2410,69.63234941833657
2411,56.46540757429397
2412,29.616921400082504
2413,30.453544836224786
2414,35.95978437812479
2415,33.63978523276854
2416,42.11398857758801
2417,27.571059310685555
2418,69.40024142515787
2419,50.45470874502605
2420,49.93614457578348
2421,74.12697384553921
2422,30.06487033720173
2423,67.75535820506045
2424,69.43501274372179
2425,69.31197542939515
2426,51.99866060216753
2427,37.9344698459018
2428,59.376774849721926
2429,43.75355584943909
2430,51.693990523195275
2431,94.27191029604293
2432,89.93718870022305
2433,33.93174374565481
2434,37.902105426326756
2435,49.72739833181657
2436,57.27646532209691
2437,24.366750283932323
2438,72.44064390030314
2439,55.66702340034005
2440,24.67275654982363
2441,62.29182823874304
2442,33.58311616397782
2443,34.82452894572258
2444,40.289523307391605
2445,32.32320987439558
2446,75.11273719353079
2447,70.36186171438383
2448,37.44080342280398
2449,57.515470701449594
2450,27.695118369806817
2451,36.08586519772608
2452,67.68837803433556
2453,25.84313986426527
2454,39.524856813448366
2455,28.979439793070615
2456,51.130873099822175
2457,36.749098125980005
2458,53.193206082028155
2459,36.354895748989875
2460,41.3340217473425
2461,71.66834212875037
2462,53.757282561328765
2463,52.5533611846159
2464,48.72713909961139
2465,30.337462893479422
2466,72.81137758486645
2467,32.78007277925576
2468,61.92623827288385
2469,69.43409731993778
2470,79.3373220334085
2471,61.458965244890344
2472,28.68932521110307
2473,26.156264625119768
2474,29.500393845742977
2475,59.36755071097735
2476,30.831080800454814
2477,68.88131399244538
2478,65.60301454298262
2479,27.849810340060134
2480,20.650249768790857
2481,67.41736718719952
2482,28.30391176209695
2483,29.171512826237393
2484,31.227942802477745
2485,29.104815038866068
2486,66.06689026191094
2487,42.05774599666354
2488,64.05462564205882
2489,34.19284714230375
2490,30.667948543736436
2491,52.39072711346545
2492,40.81190600919692
2493,74.72389800034314
2494,50.744360713096846
2495,56.5870008931001
2496,46.20899750072947
2497,71.70530955504255
2498,46.62222607768593
2499,30.792522950643093
2500,41.307742090982686
2501,35.11399790238274
2502,33.542134043642136
2503,29.920552761095063
2504,62.308253463594056
2505,76.84280003377474
2506,70.84470612901218
2507,27.870733118024706
2508,40.35033070322168
2509,59.061711747259416
2510,71.58546877585545
2511,23.823334902577397
2512,51.80202503906844
2513,30.994862136844464
2514,29.981912559294866
2515,29.497897125632075
2516,74.13298959347333
2517,55.73262306074501
2518,72.10050894589943
2519,57.01839442650394
2520,39.54338459699087
2521,37.45824316633795
2522,35.052303347015204
2523,32.67662959336832
2524,76.61265508746835
2525,34.11991256791452
2526,27.14958230298291
2527,28.668217479168963
2528,71.02689072056923
2529,40.36217664948052
2530,70.02546428152334
2531,64.58810711637231
2532,38.82650988738572
2533,70.58419503187565
2534,29.20305616185624
2535,38.42351731237761
2536,31.025219562909918
2537,28.93220285641557
2538,31.901111443444293
2539,30.406696600689166
2540,32.35082133724036
2541,49.39843019794116
2542,26.261240151269558
2543,23.499528334137082
2544,33.13323662406665
2545,70.00942477713153
2546,23.907949978881977
2547,77.52377631820704
2548,56.674143152762454
2549,32.09290218858901
2550,42.692590977404556
2551,36.82758869735939
2552,37.8128463776506
2553,37.198739052187676
2554,37.23784557499809
2555,83.12719456735272
2556,40.945205531451656
2557,69.8883733866712
2558,67.43916820229838
2559,55.61020790152382
2560,71.38104885170316
2561,39.81347405912987
2562,59.476890230604454
2563,71.25541694582832
2564,22.31947473520039
2565,64.26457953928113
2566,40.50064170379767
2567,33.296797114426475
2568,31.326689674303832
2569,31.92702963035761
2570,29.181105363663853
2571,32.04735011166447
2572,66.64914459222888
2573,60.59330952207065
2574,66.77738407565386
2575,54.28926163682955
2576,30.81134415137324
2577,66.69743013123394
2578,63.23890623992933
2579,27.53401200633021
2580,30.47233815190929
2581,34.02354664141646
2582,25.33530798672558
2583,56.04877410502418
2584,73.67979893010292
2585,48.519549614353664
2586,66.44261914923281
2587,82.18427204313807
2588,67.6243361209073
2589,54.19837923669633
2590,25.713645575004662
2591,65.39987072583972
2592,27.88151789116995
2593,71.90752456671757
2594,64.86685153745069
2595,61.310150324778604
2596,58.72481411360865
2597,57.633760754859615
2598,43.79491975624014
2599,29.431294800326253
2600,46.39676154903692
2601,31.40092109431201
2602,24.998286638114415
2603,62.34841798023393
2604,36.77701743158862
2605,30.707823630723766
2606,54.84134716398977
2607,66.8543421957431
2608,51.44678252656504
2609,67.92406851965896
2610,38.355476455194605
2611,57.35531273480732
2612,71.5041163877871
2613,37.29029913800167
2614,47.80865760729785
2615,28.1630427349873
2616,27.286020698970926
2617,13.728618142073302
2618,68.22639426651517
2619,54.118682029223166
2620,59.23275838155371
2621,71.3223832216238
2622,57.657736740677976
2623,68.70269446186285
2624,45.39789662902199
2625,32.866671893151725
2626,32.33592868597014
2627,31.5673658568172
2628,68.12351309737696
2629,35.21979865698629
2630,36.58865033478207
2631,33.671309846918646
2632,68.26510977034087
2633,32.05728504720442
2634,55.85222911415819
2635,69.28577901301925
2636,59.27304301527003
2637,60.573151202548644
2638,31.032456414006965
2639,33.77301019230169
2640,60.68517200442263
2641,28.88659127793774
2642,35.75376428663266
2643,46.24989833728224
2644,72.6019159444276
2645,30.59295650214158
2646,63.32319607626267
2647,44.394264051655554
2648,59.640289936495336
2649,35.07633182014238
2650,63.59238284811097
2651,33.3359675300498
2652,30.022110114032884
2653,28.15769783219512
2654,28.5883959641837
2655,63.28081352981677
2656,71.20870055055852
2657,61.8212910033182
2658,62.834054913622886
2659,32.54624579315118
2660,28.360587032835436
2661,18.513870018922837
2662,54.58018233955361
2663,69.97586778543752
2664,76.17059489777554
2665,49.838093746027624
2666,68.97790500949338
2667,34.67430313155025
2668,38.88634110813377
2669,41.10797866836846
2670,27.244916020451114
2671,55.05100456893385
2672,58.90094513137244
2673,30.787301314423825
2674,72.27206106314938
2675,48.45797185833936
2676,43.168370334471845
2677,75.41205549090144
2678,38.39576331069996
2679,64.02139970103312
2680,26.849990477287612
2681,50.10912155281154
2682,36.013704202549725
2683,31.85483111219911
2684,63.6112761858289
2685,75.30880701583632
2686,34.098846959720206
2687,45.403448028947224
2688,34.55257534858434
2689,66.7607024179687
2690,63.9140499892691
2691,36.959021213565826
2692,35.1905422983819
2693,38.500546708728585
2694,54.873002970474516
2695,28.113572055272183
2696,64.92574252966337
2697,42.97201108897504
2698,67.62507194529968
2699,39.55230113518877
2700,32.668781238997056
2701,30.90747464521109
2702,44.40468817559358
2703,52.28331322357566
2704,81.19343688830787
2705,94.39770809705732
2706,53.230787800721146
2707,67.92725118284037
2708,34.665075813191486
2709,33.18356336919903
2710,66.13428456077986
2711,35.29510434479757
2712,40.31629760291509
2713,49.49417379519723
2714,73.14260325320987
2715,67.7690154190343
2716,67.47287383691948
2717,23.00204870457235
2718,47.424411727919924
2719,22.899442632011656
2720,32.2899726965467
2721,31.718144107393
2722,66.31206078157452
2723,28.190391878704208
2724,73.79541094989874
2725,36.57094326778707
2726,70.13293724664285
2727,20.196546262993987
2728,49.01667820096805
2729,47.41741221000277
2730,33.25841808194343
2731,35.24565668495161
2732,46.6300739901099
2733,38.0643390349957
2734,30.733382534125475
2735,72.32267939551218
2736,69.64480614529234
2737,41.21367682453938
2738,24.07951962937519
2739,71.60965007064459
2740,66.20509327437108
2741,28.74877020491328
2742,46.37494747490029
2743,41.90364252793302
2744,50.48687840684766
2745,47.38562479669834
2746,45.838581708316774
2747,73.95196380079068
2748,56.73867827110324
2749,42.55083350370079
2750,45.11447696804609
2751,71.04956680225199
2752,54.61080846583838
2753,44.1817934658938
2754,38.493101042997935
2755,60.56439272140892
2756,27.393704673054607
2757,67.48944022324312
2758,68.95011166245351
2759,37.369600421220206
2760,39.322868800653254
2761,33.784920671033035
2762,41.38470922106475
2763,26.52850612987461
2764,60.079181671822866
2765,65.88880028875947
2766,73.720510837895
2767,81.36273043448374
2768,61.57099125481726
2769,34.69942860133207
2770,27.316837271443262
2771,29.823271592178617
2772,50.90887421960902
2773,70.05967393082815
2774,38.98534777854422
2775,36.880127075343054
2776,65.59459230356828
2777,37.43460126084857
2778,35.95872401048194
2779,66.01621781926487
2780,33.87796005600563
2781,72.01283434143213
2782,38.788496219683196
2783,72.58090890074136
2784,66.47190570258729
2785,37.58804490389813
2786,71.7944241327177
2787,69.58649912682452
2788,34.93681513844973
2789,74.23445420369148
2790,69.93835683552564
2791,47.68916681260214
2792,37.85194351760629
2793,44.0869183607241
2794,63.21397838925978
2795,38.63545795836843
2796,41.08798037848111
2797,29.082121846398667
2798,27.909383052396777
2799,70.90372060118054
2800,42.59351014066133
2801,50.65021558354092
2802,49.62616314605237
2803,69.85586105907542
2804,41.23481272910136
2805,31.69359587984141
2806,83.88453656521114
2807,38.373760021442656
2808,42.05015386913778
2809,56.741894529651546
2810,33.688156004752074
2811,68.88924224743619
2812,34.5881956659912
2813,70.10728931599613
2814,51.2473587230221
2815,30.338639275170962
2816,63.34200789542301
2817,40.91249854940462
2818,36.047879174704256
2819,27.999868873669204
2820,64.91836158793794
2821,65.57039588733677
2822,29.499887186203264
2823,40.00235154224288
2824,29.315332186347536
2825,31.38268712969486
2826,75.19300919439287
2827,46.91477786180593
2828,38.376921251683314
2829,67.04433194381784
2830,32.628826194293765
2831,68.53756514670886
2832,68.37337931199052
2833,42.122504801293225
2834,73.69123855153639
2835,34.89526635150918
2836,29.630405016383364
2837,69.26434449691854
2838,55.052434939884314
2839,76.68753472391202
2840,62.759302496973795
2841,25.511923253683953
2842,62.92184617557972
2843,70.54312852691773
2844,32.732058363496
2845,41.10934571610204
2846,49.063534623175514
2847,69.4448948464502
2848,45.557046631029614
2849,61.05652920275492
2850,47.30963975718281
2851,65.72174071924016
2852,57.43095040436438
2853,42.42811497391523
2854,28.284121134997193
2855,51.86745846582041
2856,66.75752914656263
2857,62.48335844410465
2858,61.284466634807785
2859,36.69541992588313
2860,38.70682481503184
2861,36.267326816837624
2862,30.24532764464615
2863,62.724197064521206
2864,36.15670703667642
2865,26.48381927588634
2866,61.05090098043347
2867,28.319844749442055
2868,54.1321261784039
2869,33.4135516608242
2870,26.643547219770863
2871,33.426776162954845
2872,74.87395893310577
2873,22.47257272754451
2874,71.45849020545705
2875,37.250615847010884
2876,36.80226822349194
2877,36.50603193312898
2878,61.417975875288576
2879,61.22721309215365
2880,46.76295124201644
2881,61.30650000354518
2882,76.01739636839994
2883,44.191685916909144
2884,74.34444165880059
2885,49.79338033333079
2886,30.81250759808549
2887,34.12102094833582
2888,61.7226791347964
2889,29.830634055052073
2890,36.425153044725
2891,48.16244745579908
2892,34.06463025914472
2893,76.83760878922682
2894,33.154592081729
2895,48.54108683886802
2896,34.367476583359455
2897,28.122444444745003
2898,64.88186267049606
2899,41.634731808335616
2900,36.758446074245256
2901,32.685902824747444
2902,29.99353002699533
2903,76.96292003869148
2904,32.28534823959541
2905,55.611182274849995
2906,44.27116540608766
2907,38.56999019269943
2908,56.95482336502694
2909,69.34571057348055
2910,40.120875462940425
2911,62.886455640016784
2912,68.37209107362226
2913,43.77396262253477
2914,41.54860439867743
2915,67.62320270450769
2916,48.227967577852965
2917,27.402897472306602
2918,28.782131464788637
2919,38.24788974053461
2920,28.12513526265059
2921,24.692680258751736
2922,19.647882542824036
2923,60.96602951731232
2924,33.27269223931648
2925,37.76123247664128
2926,26.374643876566413
2927,68.2721118557081
2928,37.70970950560174
2929,33.851295502986154
2930,43.88889385549572
2931,35.48525914489294
2932,29.65125450606975
2933,40.227996108556816
2934,40.099773941370216
2935,47.5515316455932
2936,75.94276497544139
2937,26.60797862359346
2938,65.0675702092727
2939,33.15095162842685
2940,32.31101280261172
2941,29.25764502197081
2942,58.865952909363216
2943,37.927418182131554
2944,73.78668091941988
2945,69.0948345496006
2946,47.98785348263647
2947,28.67028984071706
2948,24.829631330541954
2949,58.20908664775067
2950,34.257104661403254
2951,36.54822798895933
2952,67.33677779222336
2953,30.531409262222006
2954,43.373815382149424
2955,35.12149489434459
2956,52.273319580890714
2957,67.67843652401714
2958,27.08324390806145
2959,26.564448509721647
2960,38.0829882499357
2961,48.476950366763546
2962,75.4645680084331
2963,37.03340194558706
2964,33.54304672316101
2965,68.6306441123074
2966,87.21350477423422
2967,31.04718785534961
2968,47.73144692675169
2969,34.410815902707974
2970,31.050041797444706
2971,31.948528166317644
2972,40.125955217361394
2973,33.828266592698476
2974,30.89541224062788
2975,34.77688456129759
2976,34.72322107355352
2977,41.30248855893413
2978,29.516076174904338
2979,32.19520194205304
2980,65.91270833502597
2981,68.53524374720905
2982,71.8362676953633
2983,62.91978553798004
2984,36.68288100205445
2985,42.94888801468684
2986,50.389041158497776
2987,25.940830485221856
2988,71.49976956634774
2989,71.54282779792291
2990,69.60716351053526
2991,28.39532424567971
2992,70.87798309445714
2993,46.67653471121078
2994,69.50632665378883
2995,32.151499609347866
2996,50.46703624955616
2997,36.1018257528768
2998,71.61379160167299
2999,37.841499015934275
3000,76.81118991788173
3001,79.1513859574075
3002,47.461129127268606
3003,31.603009469301394
3004,39.664609126846265
3005,32.645760431253635
3006,28.16022876273304
3007,74.6349240730959
3008,34.02613261859689
3009,34.26130820443489
3010,37.906931738311194
3011,78.89336576183845
3012,72.18964529778445
3013,61.62443471015308
3014,37.35465205731765
3015,67.92367886744283
3016,71.15354103009886
3017,68.85691508859028
3018,34.18642762436072
3019,33.0622657453331
3020,36.15719298794642
3021,33.24369731062204
3022,56.53560633878377
3023,45.079778705082
3024,69.77467770097938
3025,64.3100583374942
3026,53.02912686132225
3027,29.832555576648403
3028,41.80744573726495
3029,48.618870322127684
3030,76.14429297922112
3031,32.26370482078513
3032,43.46100475540389
3033,27.793662888049855
3034,57.492411516754075
3035,67.44334041152366
3036,69.25338529601964
3037,32.734591702239776
3038,69.20798629470868
3039,27.26419159653919
3040,66.92345432153058
3041,72.31757847057729
3042,33.73756047494531
3043,32.44040510097652
3044,42.02901593080047
3045,64.32835304376286
3046,41.56233950592559
3047,44.0164451730096
3048,32.45257536502699
3049,31.017719227155208
3050,24.458672963530052
3051,36.29343108546466
3052,71.31711376569996
3053,45.52264412369914
3054,60.609712313589476
3055,72.37203074388259
3056,36.652366828575964
3057,31.567247769757746
3058,35.51666842771594
3059,86.77207445039501
3060,51.01847828054593
3061,70.34146387476068
3062,36.367075226180106
3063,29.209539311778126
3064,30.69744664196141
3065,76.9431213614505
3066,32.268656568681344
3067,65.15016834393131
3068,29.202208446630337
3069,35.14904065243803
3070,27.513563831269956
3071,33.632744344039864
3072,62.289847107603336
3073,30.440244979147064
3074,57.68148129903789
3075,32.358892003896706
3076,45.82315499535348
3077,46.214028505779325
3078,55.20618720101035
3079,69.6408471886474
3080,28.365855054106362
3081,30.256772805943015
3082,71.29203959366433
3083,61.918552394144015
3084,61.41694003164844
3085,34.487433047015095
3086,30.604390328045923
3087,26.5457787408466
3088,40.354628217345656
3089,42.012892340053234
3090,58.83719971010111
3091,59.30242434411083
3092,34.12134002732647
3093,69.02130789183732
3094,32.00486700348864
3095,58.88541980685501
3096,72.90991684897651
3097,35.006574101169676
3098,35.244321401082466
3099,56.81178119114563
3100,37.08987059925301
3101,69.03537805677148
3102,33.92921911689199
3103,67.0166277184853
3104,42.0045046195279
3105,36.345066474447606
3106,67.1947273334365
3107,47.66167898223409
3108,86.0840942316922
3109,69.67179516692421
3110,66.34368173309939
3111,69.59536840466473
3112,45.45816606699771
3113,36.53858006239027
3114,37.743221722971015
3115,23.486391775636783
3116,47.23652096470152
3117,36.29337316999248
3118,42.89075047611882
3119,61.79224337972085
3120,55.04916484301346
3121,47.15212079703291
3122,46.70289520651383
3123,33.74709717861477
3124,54.46847147443006
3125,45.54375118355256
3126,31.41724295724544
3127,33.697773483922845
3128,36.616825720190874
3129,29.777055565521064
3130,24.943501077996082
3131,48.7138261588201
3132,18.73798552559022
3133,74.82025648034382
3134,72.6284458423788
3135,48.028419742525685
3136,75.06851279427701
3137,34.355702318671455
3138,30.823103476583203
3139,35.32698294086717
3140,22.591088332414646
3141,65.52350923807127
3142,54.31303817034585
3143,47.14071784525426
3144,51.741303410473165
3145,25.661708772226916
3146,31.226178097570454
3147,45.47124116858769
3148,26.517073430008185
3149,41.473953830922326
3150,0.0
3151,33.905504341978315
3152,31.966496733234255
3153,34.97380419500451
3154,36.50181866651304
3155,60.87095218559348
3156,28.508151022064823
3157,27.126341380625544
3158,32.61199595610459
3159,40.39754212241835
3160,71.08912883761279
3161,33.178309149932126
3162,62.398045452279334
3163,56.93922945896547
3164,21.20029285448437
3165,54.36191614231192
3166,71.73568356416507
3167,42.020830272579246
3168,40.31408179804288
3169,27.97123243310032
3170,45.266796030128596
3171,35.22683628362505
3172,51.76859383796043
3173,32.785724076314864
3174,27.14378902757111
3175,54.353011112046694
3176,27.53312310805645
3177,71.0916246060197
3178,41.414414819048666
3179,57.57657797539735
3180,30.421383614723915
3181,76.4225939272525
3182,28.924776671847336
3183,36.578073861744095
3184,27.98069952146204
3185,31.966375014189033
3186,29.30623936487344
3187,71.14610986658482
3188,32.968219824468854
3189,41.152008618068066
3190,65.61740204286234
3191,66.86771088049757
3192,44.56822573100496
3193,78.94626381650991
3194,74.62381281245234
3195,30.786918242635778
3196,29.155007742599793
3197,59.17545427456109
3198,73.19110594339946
3199,77.46436324859644
3200,39.136755484834296
3201,22.133472052234104
3202,25.47204996482533
3203,53.588786561622996
3204,64.83476381095471
3205,58.28959898264159
3206,37.93000775841082
3207,22.908075125024617
3208,31.40437961526569
3209,66.22767219572108
3210,51.11528633456044
3211,36.203370342021806
3212,64.3430352412139
3213,69.42483749083041
3214,24.944850884642346
3215,30.956826230833965
3216,31.938075334647188
3217,43.5380379563931
3218,34.35902455145169
3219,64.2185621835645
3220,73.14330716130024
3221,67.11194712269099
3222,34.38476852387774
3223,41.17655159804381
3224,34.278105555897156
3225,31.725133349609308
3226,31.128881930209463
3227,61.18527675783971
3228,72.2855678443726
3229,40.17330982493366
3230,32.54982844013931
3231,29.851293616723304
3232,31.151043787221067
3233,66.74077913865925
3234,35.02110641038931
3235,43.438745507149605
3236,47.20985172433154
3237,63.808900611122105
3238,59.14541181875319
3239,27.488697862107514
3240,29.599368312295653
3241,24.439831173480012
3242,65.23754884558558
3243,31.336662812975835
3244,28.744244118564428
3245,34.280535300180944
3246,73.90329682128728
3247,53.735201972773766
3248,57.98423936373973
3249,62.668581958518864
3250,62.19208321200812
3251,64.09947373277062
3252,31.205202195977897
3253,88.98153496842093
3254,69.62422078734882
3255,47.38359656400056
3256,74.30379461546781
3257,35.96299403897809
3258,28.515344713739054
3259,40.845477998191534
3260,57.958756729702436
3261,34.644910359048104
3262,57.591164928070356
3263,32.22882372118575
3264,28.353023519850662
3265,35.38124037817976
3266,35.29141357345994
3267,57.442671946929494
3268,66.96060976352558
3269,75.8677491033555
3270,66.31464160534918
3271,35.57752460418768
3272,70.27160099370387
3273,32.24880956371018
3274,29.822872589138946
3275,31.215183165570707
3276,56.954449546280195
3277,76.67568684623019
3278,36.108574017538785
3279,26.11934242336216
3280,71.09870252829992
3281,71.062615853058
3282,64.06449939694261
3283,27.13346894422595
3284,28.923159578408008
3285,53.86402498532116
3286,35.03927762166023
3287,31.899155825710842
3288,32.77026471531454
3289,54.717844725084376
3290,67.95947526572006
3291,67.15197140317737
3292,30.62355914893357
3293,70.42797260800091
3294,53.43046465702301
3295,29.37658582431156
3296,36.611489616980876
3297,62.90763954743157
3298,68.59883998074483
3299,61.993624109163974
3300,69.32544200712678
3301,75.34466933852279
3302,80.55502293433412
3303,29.281836198228323
3304,30.62099077278544
3305,70.75362427971797
3306,59.35079265151974
3307,45.00400338800777
3308,24.86088095401565
3309,30.82986476257951
3310,27.767875673193142
3311,61.74888853241344
3312,31.469156478766628
3313,50.836474080892806
3314,33.46766683444702
3315,50.12865176170995
3316,65.73737392872299
3317,60.96803462935157
3318,28.13526392211877
3319,30.1608670042406
3320,41.96312963591295
3321,29.39436567180349
3322,67.73956846456161
3323,29.727610424945382
3324,60.46990418422958
3325,32.82540235103962
3326,48.04657152154352
3327,28.025954866319164
3328,70.28357388013295
3329,68.01904363937629
3330,73.89356264168279
3331,33.06813798586638
3332,51.21649023277977
3333,68.6207523397503
3334,65.37184444133206
3335,33.12235476985255
3336,39.53521370268109
3337,70.09729775847649
3338,62.642586747628364
3339,30.854224890363366
3340,42.22742129917317
3341,36.48837260262271
3342,85.91711692756185
3343,66.92228669619215
3344,71.4111158848618
3345,68.12847829431631
3346,60.29354739486385
3347,32.138209724900506
3348,30.626268318152395
3349,24.393435401684762
3350,64.82586938588692
3351,51.20548770561418
3352,66.2399225526056
3353,30.130904494206774
3354,31.706089958395744
3355,29.416971808880852
3356,69.69620773808998
3357,56.95963364568529
3358,53.82817720227121
3359,39.569812774505486
3360,40.74502845064467
3361,55.83592930454674
3362,60.27813762887733
3363,77.56694224193777
3364,38.977170843735834
3365,46.29158733589098
3366,28.89833097020493
3367,52.17610118585973
3368,36.63649141977062
3369,49.48680557395001
3370,35.75102274921886
3371,30.21750759907355
3372,37.23958081019105
3373,65.07994532143485
3374,22.19293785487297
3375,52.14425657512313
3376,44.56038972136885
3377,75.8981346604248
3378,55.22894338092839
3379,28.406126115989984
3380,32.49780815084651
3381,34.727226417237745
3382,64.71024373686186
3383,27.957080656965562
3384,28.1691198078056
3385,29.634497064242893
3386,29.887943766041555
3387,69.57375056965535
3388,61.00320211865818
3389,31.793062779886267
3390,40.03275642600506
3391,35.60116268956297
3392,27.585971413155896
3393,81.73336316745824
3394,75.34388153576899
3395,63.870432617499795
3396,35.2021656083386
3397,33.835193423335525
3398,32.42530731970565
3399,60.71806272001351
3400,28.86979009890866
3401,40.28331289430348
3402,55.05163311969687
3403,40.838091121494976
3404,61.78527723432453
3405,76.3358605864035
3406,40.416220121888344
3407,30.62152004375611
3408,29.48818159493172
3409,68.74626362899657
3410,58.70436786097605
3411,58.2954310695069
3412,45.967130409017315
3413,37.14324322647739
3414,43.790423623679565
3415,33.86710559066677
3416,76.40358053721255
3417,70.31957610861153
3418,32.05106893175176
3419,28.75360244523656
3420,66.12507302795197
3421,33.6911460013822
3422,55.36393087603223
3423,43.42365579046697
3424,50.252717750686784
3425,33.42733340581744
3426,63.664681089248674
3427,29.23786781565707
3428,36.276518277245614
3429,49.94559742178938
3430,28.595465243212
3431,66.81268786746634
3432,49.91438190320818
3433,55.74317351645631
3434,34.94907433260308
3435,71.21071383887248
3436,44.270669926697146
3437,50.873181688903976
3438,19.667726937961692
3439,69.9677469091873
3440,35.53502831336226
3441,43.95231309010731
3442,31.453888472966327
3443,30.042660768524517
3444,73.77377240197363
3445,35.66836517641969
3446,24.56702213223048
3447,47.75732534285159
3448,55.73138873467902
3449,43.55629792074242
3450,27.39410070849654
3451,35.23512985930856
3452,51.01205955656801
3453,47.544878534079615
3454,73.47706400024683
3455,32.5703194919823
3456,41.32342844176718
3457,68.55397910013437
3458,59.1259891357979
3459,37.931048646494034
3460,29.799718862104015
3461,36.60907174355658
3462,63.28754238342552
3463,68.42381464673096
3464,33.55860198203798
3465,29.621807406878307
3466,90.43800473196598
3467,58.11660069205735
3468,36.95802125853768
3469,31.402836875877796
3470,30.454486430483072
3471,41.98573396191561
3472,56.291874366049484
3473,64.84628651851627
3474,67.61044146450334
3475,72.3985694025655
3476,31.096951380219085
3477,50.79702915320649
3478,48.133949243106635
3479,34.90171202762331
3480,30.699168774722295
3481,33.27946881673129
3482,34.044363797540896
3483,57.10914953009707
3484,26.957424614978944
3485,61.77838746191812
3486,44.57891234489707
3487,27.027692190346173
3488,29.432602417567793
3489,71.6922863528106
3490,70.55766754129216
3491,42.00225011256612
3492,59.61083890107435
3493,76.18866855057398
3494,28.177515075751664
3495,41.91755318237837
3496,33.39332192412278
3497,28.695486083035142
3498,41.54807074940973
3499,48.80461540984662
3500,33.01824216834869
3501,28.37292776427114
3502,72.53386642753539
3503,57.66979293786872
3504,33.14178231463617
3505,39.435856796308514
3506,78.21375274101908
3507,29.678425892224983
3508,33.590547634235605
3509,30.91820874131511
3510,30.44290911402284
3511,59.95592106695724
3512,31.325841017922755
3513,25.70875047225913
3514,17.056285938562414
3515,73.98777656096382
3516,72.93739732041932
3517,27.554124872127712
3518,32.73497917131143
3519,70.38077590011808
3520,73.31557178942198
3521,41.257634797542885
3522,49.179239866731784
3523,31.713995009743012
3524,54.78613435206546
3525,30.986134381974917
3526,28.85527110472166
3527,31.44660138342392
3528,30.302201589913235
3529,42.75976109593118
3530,66.97085556560347
3531,30.204021865561334
3532,56.56589199626252
3533,41.47880371743503
3534,26.904747027843083
3535,75.78214139565814
3536,47.16771693701696
3537,27.81260853274163
3538,31.997769857830065
3539,33.53816687563443
3540,38.45240133769886
3541,33.06172775055878
3542,40.545067918410965
3543,53.54119319144307
3544,33.02734954928559
3545,77.90117199319224
3546,63.952823333079394
3547,44.92555112238948
3548,23.4163137848136
3549,60.424408807817315
3550,44.533152825987194
3551,31.112592231033837
3552,37.623693860829086
3553,57.298190648413495
3554,36.68219540695975
3555,46.889325368173374
3556,42.06499058282652
3557,61.033051889428904
3558,73.2528581989971
3559,42.24824099889478
3560,72.28361393686927
3561,34.90685419850517
3562,77.40018092164378
3563,34.912449468719444
3564,36.665433259417014
3565,60.80985319917159
3566,44.74698942252722
3567,45.07714473731342
3568,27.848682987577973
3569,60.797973148031616
3570,45.70844118781099
3571,48.936929179001645
3572,38.65060290936162
3573,57.045986169266385
3574,65.51071320077507
3575,54.306436305708374
3576,59.58115227580847
3577,48.03328899090483
3578,30.34597048195334
3579,36.54270328750673
3580,70.18931769519983
3581,41.00069660358715
3582,30.128420334193937
3583,33.05204280798685
3584,45.81470934373135
3585,30.121506141009277
3586,78.86342032785454
3587,68.23748192988103
3588,69.16714946190207
3589,71.98054105038791
3590,38.382288300088426
3591,76.42340299808549
3592,70.4190504501272
3593,28.42713277650707
3594,28.019749279044653
3595,56.63248116696367
3596,26.087177307396505
3597,34.8772877311059
3598,31.657629151171573
3599,75.65243434828521
3600,69.69048037574578
3601,36.543607173550924
3602,40.856722372313534
3603,69.07060064234798
3604,37.72924160028824
3605,68.22580346774396
3606,32.64205322994192
3607,37.463973647973695
3608,64.41544422018345
3609,37.40796641731859
3610,31.22742312741193
3611,47.26704923404245
3612,59.1947406917895
3613,63.09285641166036
3614,49.62953785181163
3615,61.3776562489392
3616,29.779117973703812
3617,62.507420372538924
3618,33.167808100941855
3619,41.145200045414896
3620,54.97778288354653
3621,55.375061437586396
3622,42.59682957962472
3623,56.671299099746676
3624,43.70686776038149
3625,30.008086420426025
3626,42.08336478572889
3627,56.073647199169805
3628,29.682268165749
3629,65.82074060207715
3630,69.34371214059729
3631,30.867486949466866
3632,47.587807734989525
3633,23.002557027167867
3634,69.72304581538339
3635,49.50313355921864
3636,53.419008422538354
3637,59.68693350219235
3638,62.6065555426033
3639,77.51015347803263
3640,36.9888403467199
3641,52.382617843395906
3642,39.21036742022795
3643,52.303121595628284
3644,29.755915073298066
3645,44.19829116128781
3646,53.31582907512547
3647,60.14063075061355
3648,26.265436689407743
3649,34.0463005693411
3650,27.3363155513849
3651,30.10779040476711
3652,46.01507881343183
3653,30.755697485783593
3654,65.15499033179222
3655,70.55562034131577
3656,40.175429507393446
3657,31.600374742993708
3658,63.782833791126414
3659,48.30663734756578
3660,38.60289432091012
3661,68.62059764467027
3662,28.889301361221587
3663,32.60410676521828
3664,70.68085536726835
3665,29.30671341142557
3666,67.56913697677477
3667,37.072328617990664
3668,52.127193001411904
3669,30.646551895297808
3670,71.195158912995
3671,37.8740518520611
3672,28.62762969824408
3673,48.35227402292533
3674,29.64327776182015
3675,64.83654248739623
3676,59.39252796660043
3677,65.33469824345362
3678,67.46267076766222
3679,47.13584541400922
3680,75.48099152267679
3681,43.649779171589
3682,49.89462547415194
3683,33.16697317667766
3684,59.63849904368668
3685,27.734425231386375
3686,49.15369029854514
3687,65.5500062636636
3688,65.15102186683049
3689,69.44879550794646
3690,56.91718155123693
3691,24.570676214862562
3692,74.41539820452186
3693,31.575097019472988
3694,48.73529170939078
3695,38.7239308499198
3696,84.86312412842939
3697,54.101904709715924
3698,28.273603225487633
3699,39.06678049134639
3700,33.89711494088788
3701,53.462268260312435
3702,66.33986268656237
3703,37.93561486976196
3704,72.32749119677743
3705,71.49331246246334
3706,55.30289062101485
3707,32.14570437646925
3708,36.99799986603859
3709,63.831463435872934
3710,44.618722823480574
3711,35.54908288949952
3712,31.147590052622657
3713,71.20960525403561
3714,66.4006615581078
3715,25.42868316619086
3716,39.010345910140764
3717,72.21086523721927
3718,69.47394054914464
3719,61.55527133701672
3720,32.21665183278481
3721,69.87481714335146
3722,57.64078253097939
3723,69.94457338037995
3724,31.09283561251963
3725,36.365723336858515
3726,35.981692600703994
3727,53.52552579470843
3728,15.874186242644775
3729,69.17150832470045
3730,35.101650892281796
3731,39.750450660339524
3732,52.57243042318577
3733,69.88024235975956
3734,66.46033267604784
3735,57.99227858039974
3736,39.49083363349372
3737,76.54248143796995
3738,73.40649213320873
3739,65.66312553163174
3740,37.97342607469109
3741,61.92175045323301
3742,64.70511366189993
3743,43.34709560074877
3744,54.964242982888656
3745,51.04914955132819
3746,67.69033789373869
3747,62.43589306151406
3748,36.05824361482307
3749,42.618262538479954
3750,33.9119316034506
3751,40.4057308793872
3752,32.44059037782289
3753,68.98424020728638
3754,61.18359078558054
3755,35.12521318125365
3756,58.91685163846619
3757,64.2063303948475
3758,42.04169425917557
3759,69.95929728795906
3760,69.65811204253612
3761,62.62816728606899
3762,30.09262038404359
3763,65.55813505833011
3764,37.847597146526425
3765,64.45671891899444
3766,54.011027885227406
3767,35.88585613030513
3768,34.175190778073855
3769,31.068034316707106
3770,29.225047336492416
3771,72.30132820017549
3772,48.05637634089909
3773,51.126772265227245
3774,33.1668435464442
3775,66.10003768604827
3776,78.2890384163434
3777,26.865826517945152
3778,75.9950153524932
3779,43.73495148701738
3780,26.250295841889137
3781,55.44775132806983
3782,35.7673516529293
3783,63.588377187790144
3784,25.50104291153005
3785,43.89170960098325
3786,54.85332994380861
3787,58.84595006023759
3788,72.07258354775874
3789,73.97627130448487
3790,39.24040936791846
3791,82.54272718659365
3792,30.816445190744993
3793,69.51123391263819
3794,50.198000505224
3795,33.4886685000965
3796,67.99742691567172
3797,71.83050454996416
3798,64.89081004088985
3799,31.443030720752596
3800,42.39747156403415
3801,72.12117955072398
3802,24.27941602938074
3803,32.353951840111584
3804,59.04783510809156
3805,43.85509316728329
3806,75.83621836524446
3807,73.8798645393278
3808,67.86825981811592
3809,75.02077788783255
3810,76.9433910017818
3811,34.24415948706776
3812,63.880232405292084
3813,35.6512425765668
3814,28.363417084007896
3815,71.6170193248488
3816,72.12427560650177
3817,32.50065489641653
3818,45.91158481211248
3819,50.63111608546153
3820,66.76701702437504
3821,43.150607651490034
3822,32.03009714836014
3823,29.40378632060472
3824,64.36943418796557
3825,36.65846468719416
3826,48.032632941754464
3827,64.1188491500212
3828,43.011112399779904
3829,27.82797734987848
3830,62.953674329125136
3831,56.88755241704344
3832,35.52397294846487
3833,28.161396621079763
3834,40.1040921677589
3835,74.55945193474273
3836,52.50700050589986
3837,39.654731266993025
3838,63.04234808764866
3839,31.79548814231413
3840,70.28273731688515
3841,57.24083438367765
3842,38.61386455489534
3843,34.10625746167381
3844,69.47907998675564
3845,42.06714278637821
3846,35.29340315651377
3847,45.14485403281459
3848,35.97092462218716
3849,24.014687044055194
3850,46.603673345245795
3851,38.06138227908622
3852,63.8160748431596
3853,42.97231602933223
3854,45.00177994607823
3855,28.22150842501084
3856,29.509250847200068
3857,64.59601063627605
3858,36.18518965828923
3859,61.172131562156224
3860,44.05956595454219
3861,61.85425804113456
3862,59.265114553514145
3863,32.66655131953612
3864,54.02311474598614
3865,64.1060754089068
3866,31.851594996890604
3867,70.49497678304161
3868,27.79918014969508
3869,45.28648730942542
3870,71.69443069185878
3871,37.12098253229077
3872,33.917019853579234
3873,58.17774932823867
3874,32.40026188909379
3875,33.40919446121766
3876,26.478744075248265
3877,55.46876465581968
3878,67.04169083308278
3879,45.76264699441326
3880,54.099098406273
3881,34.225513216187025
3882,50.509744952459315
3883,32.17849060245234
3884,43.03893136675421
3885,92.77658663096602
3886,35.96041636777247
3887,29.159488259780073
3888,30.32660723960228
3889,20.716479725273782
3890,87.18777505092066
3891,73.596455744527
3892,34.86532189089002
3893,29.49283907000058
3894,31.672925540215925
3895,54.64157804192344
3896,32.41515048573192
3897,28.133688201346118
3898,30.88398450753992
3899,44.050457983408926
3900,28.13149712520184
3901,48.13629641479537
3902,70.17556086569266
3903,68.76265237139735
3904,37.8260350118387
3905,29.22179721438637
3906,74.99091063546602
3907,48.80518471950492
3908,32.11884948441515
3909,59.242306212461514
3910,49.91084034795344
3911,52.9441092603182
3912,31.095115571913674
3913,56.67115406248993
3914,67.1417105743605
3915,61.755926802184696
3916,68.68920135485777
3917,60.55476481862757
3918,45.47033716286049
3919,26.29618398876295
3920,27.53586815400651
3921,30.883047661981472
3922,49.765036722553276
3923,71.47925180716234
3924,69.23630877569498
3925,29.89939942672921
3926,80.73800330595984
3927,66.36241105208511
3928,41.42866007718486
3929,37.12225147119419
3930,54.35474651314616
3931,52.645099443470684
3932,37.84535973371336
3933,34.31639629560354
3934,45.8440502151933
3935,30.64800612274648
3936,32.35732641146167
3937,80.07841388954256
3938,64.83530602263987
3939,36.954954503546084
3940,75.97768437673234
3941,32.20080460577467
3942,67.73757314524036
3943,26.986893042487896
3944,62.66670979883357
3945,56.60062075519441
3946,46.44462645700839
3947,29.278112256326214
3948,45.23303099335422
3949,41.89731995154226
3950,59.15918356900799
3951,44.58554074610663
3952,31.5292213427491
3953,52.644037941520615
3954,28.838906006713326
3955,58.21926113381745
3956,40.16827183272747
3957,71.51726897375485
3958,29.058429388360143
3959,72.85598372492458
3960,51.009774780092734
3961,39.30228440284385
3962,68.42866698699706
3963,30.652944767121966
3964,43.559599960019206
3965,30.17517184840258
3966,60.57465304234533
3967,38.23323559220109
3968,39.56570191245203
3969,63.53495174920519
3970,31.09245202253049
3971,36.44974890853511
3972,67.04484948524322
3973,38.46551344717588
3974,45.64936331920016
3975,74.59425194739131
3976,72.14134244641818
3977,58.75820451099929
3978,70.40666856330616
3979,58.0199932352685
3980,64.84428591698966
3981,64.64254255939926
3982,44.84143400151778
3983,52.741762302407054
3984,56.04642788244517
3985,50.39283590512919
3986,34.66580764114016
3987,34.49128049614749
3988,40.350168149319224
3989,41.86285258727128
3990,32.918137500641436
3991,33.36139024515532
3992,64.02002750822584
3993,28.30028763296374
3994,62.12205496146643
3995,25.11714497516301
3996,33.72578348524341
3997,29.55729412001094
3998,40.70957390612469
3999,42.51722187565216
4000,62.02474490598691
4001,37.68766295278931
4002,31.176136738644317
4003,63.55279331246568
4004,50.11231243036106
4005,28.605113209045683
4006,26.830202530674296
4007,30.34854910825782
4008,36.96621335867707
4009,63.46552238026614
4010,34.08238490418444
4011,67.9474241904208
4012,30.36579079244794
4013,34.33101569451454
4014,30.070781180919163
4015,44.67928866551293
4016,51.804345002506494
4017,41.82973474739488
4018,28.19795447800052
4019,74.52294879048108
4020,29.16548761549299
4021,58.7732893617736
4022,28.51078994988708
4023,31.169864617921327
4024,62.64176106764031
4025,33.212242906221874
4026,61.368080060585875
4027,70.55665839215801
4028,29.929119100698674
4029,65.1507165189122
4030,26.90839837435992
4031,31.92539453792259
4032,42.03734056247418
4033,38.037141955088565
4034,35.226675231444474
4035,51.717532615468436
4036,43.403666508237635
4037,31.924929485968775
4038,62.40725595435167
4039,71.59220791003598
4040,40.160806872948775
4041,59.827686774424954
4042,46.94827088136696
4043,65.1265396419536
4044,51.85317783012172
4045,73.9413662568753
4046,64.88283722420101
4047,40.81526470117813
4048,72.06242312538481
4049,69.22895544222285
4050,65.54907664648766
4051,34.48296962052325
4052,55.990152926880235
4053,32.91507478075792
4054,69.2279956384626
4055,42.953572977129355
4056,34.977698920150715
4057,37.50877465941733
4058,23.44191344322953
4059,62.904453372707636
4060,69.35883876933804
4061,42.38455253485445
4062,70.914840225057
4063,67.55360992845142
4064,28.757243243943396
4065,53.445080186977755
4066,63.15693751330491
4067,30.98048904148525
4068,32.297805125594046
4069,24.271302036581904
4070,32.965410120203686
4071,38.34977351737213
4072,29.77201003661417
4073,39.50971914051675
4074,32.33293465811896
4075,48.80164521564018
4076,28.01156705391195
4077,33.47781434017977
4078,44.8573677593801
4079,35.42116483542937
4080,32.18072950213088
4081,31.5685168727831
4082,71.35180736210037
4083,37.418687994503514
4084,33.371333349743736
4085,70.51430077041168
4086,60.04563816177824
4087,32.097545863919855
4088,52.1749811505682
4089,67.72090018964752
4090,36.20941522208445
4091,67.18586238475542
4092,35.35529762329336
4093,25.683460539187816
4094,57.10953322118207
4095,34.73836580436812
4096,52.89602415505702
4097,34.6398073949102
4098,67.90150359306777
4099,73.16756621849892
4100,66.81530587598205
4101,73.17001849980774
4102,52.16484451230404
4103,29.883210196456943
4104,62.592861547733165
4105,63.142914249522505
4106,70.06845500600213
4107,70.44145122324525
4108,35.554364381996116
4109,68.85902630099517
4110,36.55041924808836
4111,37.68794370103993
4112,48.05678441336763
4113,34.37917970611037
4114,68.5324179157913
4115,36.22004587028893
4116,48.834655701983486
4117,44.47725641229793
4118,24.909293645037295
4119,34.0667266759871
4120,70.06583665950639
4121,26.374771102918643
4122,57.8337390943486
4123,36.02387137570001
4124,53.775918999798165
4125,34.266448581113416
4126,38.09375883942177
4127,49.647780854961375
4128,38.07843700427401
4129,33.864451012931596
4130,67.22542098293265
4131,75.96293764099886
4132,31.934659030572647
4133,50.07421218063877
4134,61.04143431602023
4135,26.20349991149571
4136,40.40261650972853
4137,72.13848917859792
4138,34.522492209387956
4139,83.2589208470817
4140,43.35398175066039
4141,75.80692521021822
4142,27.51355608688913
4143,56.069454175737874
4144,28.911634960552544
4145,41.65987503137495
4146,43.0181947790088
4147,37.170510499227504
4148,60.440595030558896
4149,60.82117664211249
4150,51.15558554323874
4151,37.813158668417664
4152,35.102490102991446
4153,34.09536595510393
4154,35.433209515596346
4155,54.64454346412151
4156,66.83980380389235
4157,73.5776936766309
4158,67.3697150538406
4159,65.72881444370017
4160,46.58213671477717
4161,44.27815048111511
4162,43.18543954448067
4163,62.619928782006134
4164,72.6405471367336
4165,27.068139964247266
4166,25.118287401034653
4167,64.85828515358737
4168,34.27529215363298
4169,40.50476373365874
4170,39.72352941386933
4171,29.35155021291134
4172,39.22083171748637
4173,48.12038520544138
4174,35.247426571996385
4175,69.54749570601497
4176,54.25717421418475
4177,66.4082238799877
4178,45.82016580775106
4179,61.952287002630506
4180,46.52918141392596
4181,50.76291801250746
4182,79.90315460247206
4183,47.246386357200976
4184,26.286648921676935
4185,16.65127254718975
4186,25.602209220186843
4187,57.11508068915631
4188,30.09860384326395
4189,64.84823789222001
4190,73.80706796422737
4191,32.48126280796981
4192,54.60617840540013
4193,38.622904834031374
4194,51.64041983126269
4195,68.8642172915416
4196,61.223024708208634
4197,57.49627688425595
4198,52.74355601128906
4199,67.0549136282784
4200,27.96024358863138
4201,80.71600994541387
4202,57.10379714964711
4203,65.90826300710137
4204,32.016975125220426
4205,31.850401340226604
4206,67.3886470372312
4207,32.49738187840448
4208,78.18301177744776
4209,46.94907047064867
4210,49.917878234942314
4211,53.95894921624931
4212,73.34165589686276
4213,45.56659092147778
4214,40.27666658909128
4215,54.287446029735904
4216,67.58043449147806
4217,29.383554171563134
4218,75.59818598380278
4219,32.57119499604143
4220,49.078570338882145
4221,29.33898422467252
4222,71.54053785040168
4223,70.98639984971368
4224,35.073730033058325
4225,32.428836390401436
4226,40.61895557167972
4227,33.277445577616255
4228,29.438452574287783
4229,69.2182126503846
4230,26.310404496832692
4231,37.354118747591514
4232,26.26362549826943
4233,75.79158551432016
4234,71.27256220322784
4235,53.768964187734
4236,55.080904874933786
4237,36.75683104013527
4238,74.21470067046187
4239,73.42863215272453
4240,64.06900916171621
4241,83.8937484711065
4242,85.12819497793626
4243,37.33024235493321
4244,34.9181157657786
4245,64.64710956353294
4246,48.74648949366855
4247,28.466601702018586
4248,31.18105495651065
4249,72.93992280730242
4250,36.77085646517028
4251,29.539386839869408
4252,30.4961481118018
4253,32.270651458161396
4254,65.30623111939443
4255,68.40067925651694
4256,27.248828628003928
4257,67.62569286329806
4258,60.14845744264008
4259,74.2462754510879
4260,71.54487318257308
4261,36.076320125783425
4262,29.55371843127935
4263,80.09561391297751
4264,58.558726632716564
4265,32.619090686151196
4266,36.17718731113115
4267,50.406312237556996
4268,39.31627200087283
4269,34.2965467881465
4270,78.57293667924881
4271,42.74099993562518
4272,69.24980715472368
4273,41.323686249304785
4274,44.615804989918864
4275,51.58234311149434
4276,69.3972312648676
4277,31.513810471216708
4278,63.84088247236109
4279,32.945492847655075
4280,74.41861377332847
4281,63.93942174951423
4282,30.269931100450915
4283,22.138575751715475
4284,67.80022896879946
4285,31.984509713999056
4286,31.568468807388317
4287,36.80296332554673
4288,37.128636999501225
4289,34.968861925718116
4290,49.30091818795418
4291,44.45682909764697
4292,37.47428968631287
4293,60.90581170928819
4294,35.36032871345532
4295,51.82323357775985
4296,69.6507344210658
4297,44.30372042432791
4298,29.224522621148672
4299,29.18439797843113
4300,53.59976150183339
4301,58.258921931131
4302,47.9413464027384
4303,30.977207615955653
4304,30.814319302209057
4305,56.2123073577241
4306,29.802502498686778
4307,72.97008263856934
4308,34.78735361706373
4309,75.55720632637184
4310,32.041150152471175
4311,30.59427173435755
4312,57.59159345890542
4313,42.85600023151573
4314,25.63366430705593
4315,61.801294438518696
4316,26.494338104123308
4317,62.13711586185529
4318,58.35972548985099
4319,43.59668842994526
4320,48.538511463879736
4321,56.389152956328815
4322,27.108650930110592
4323,66.21427850149465
4324,70.47247634704323
4325,31.890861090648844
4326,22.95497471555973
4327,38.9891777311644
4328,30.498541221742766
4329,70.0510928846733
4330,63.242318009618394
4331,30.056294412745213
4332,39.19351947558819
4333,39.77326473034432
4334,26.665358291453153
4335,75.3456994542974
4336,35.24120674300458
4337,27.298926722841824
4338,24.498058759703262
4339,40.546998405472294
4340,71.7885160402975
4341,30.316336482732314
4342,31.44234786861679
4343,32.96542031673985
4344,60.59059398959091
4345,32.354928037531934
4346,73.4607207835561
4347,33.872770248613335
4348,50.868839457524594
4349,69.01446913886652
4350,42.72488007485035
4351,70.02012569020094
4352,49.74307683341761
4353,37.11101270530991
4354,34.45283355220438
4355,41.568446016968956
4356,70.7363149366752
4357,43.183694162810774
4358,33.27715445701724
4359,53.62143978925617
4360,39.7175299159305
4361,33.10820444074878
4362,28.40347326487467
4363,77.22963464017424
4364,25.822616033127627
4365,43.20209171050092
4366,37.40995723600242
4367,72.96806452832644
4368,56.96021718608723
4369,43.270341125675316
4370,44.42597054064167
4371,37.4415061293929
4372,34.99320315356932
4373,62.41627131020447
4374,31.938131140537504
4375,41.45750005728378
4376,56.60693208076276
4377,36.716711605787125
4378,57.11732098067869
4379,73.23137922116149
4380,32.29615782731864
4381,36.44912607356348
4382,47.450386103053276
4383,56.15328473122883
4384,37.542003470420944
4385,37.001131711675804
4386,51.40530720880585
4387,57.61925941448391
4388,29.55942038083258
4389,73.49433810484712
4390,39.866421146678576
4391,73.57212941835138
4392,37.53864070479051
4393,48.33561464619275
4394,73.26764993163812
4395,23.24310578927307
4396,28.645974814110385
4397,55.868827941832734
4398,69.73166351795936
4399,73.35697658376174
4400,34.72017073310712
4401,63.618026147042805
4402,33.21463277843785
4403,58.61264939352442
4404,37.35327140025757
4405,71.82927883371906
4406,34.1720118571023
4407,69.84835689509278
4408,35.63627169081879
4409,45.13211412702542
4410,71.76646571377948
4411,29.308382388592385
4412,35.93396387952683
4413,60.2729931872545
4414,52.88317028920926
4415,57.802074804382
4416,71.14192679179244
4417,33.670697437018546
4418,49.661604228637735
4419,29.25642233956466
4420,36.457873601757264
4421,30.49389524066759
4422,74.72029120251173
4423,32.42044647550776
4424,54.11543512823696
4425,43.387706653476165
4426,45.45168760712686
4427,26.107708878569742
4428,52.9527342701594
4429,59.0821349373436
4430,50.87479181419272
4431,33.520343779620774
4432,41.16019657156471
4433,49.431996801208626
4434,68.50228784886829
4435,27.493772513669818
4436,31.33386104377292
4437,74.31965431262262
4438,30.09317596911719
4439,40.943911221314195
4440,32.66329972764326
4441,31.443546487344065
4442,74.54289282645856
4443,58.33925665243247
4444,50.374686614001945
4445,27.34460805196712
4446,47.85695925346013
4447,74.04769907860049
4448,42.14817391166926
4449,28.765204459948343
4450,40.90925129838193
4451,43.51329775794396
4452,72.1214203524095
4453,50.841014501706574
4454,87.1024749250326
4455,52.708855561562714
4456,59.589231480276894
4457,31.098899787132044
4458,41.31643242809261
4459,34.40996228223887
4460,73.70108586157565
4461,75.70910914721117
4462,30.453316074768146
4463,76.62214006652314
4464,74.13333161857271
4465,40.07227156823489
4466,34.57327204969853
4467,31.124206502745547
4468,63.57500125068961
4469,75.99194081392153
4470,24.256684808460502
4471,56.798020295847266
4472,37.470817620395415
4473,24.409680237437538
4474,31.514583633210485
4475,57.02966065061825
4476,33.111478887370836
4477,37.664031694923324
4478,53.86801873209741
4479,35.72054904482447
4480,27.07321444301668
4481,47.51485096535922
4482,47.514000265556795
4483,65.71661162119318
4484,37.15596492915627
4485,31.446154707148605
4486,26.924480142189772
4487,74.59174367610836
4488,69.87728670808379
4489,30.905941425097943
4490,22.231443432698285
4491,50.627279881632774
4492,27.168174262843536
4493,54.08881921412562
4494,24.33792281780646
4495,53.559702523750374
4496,28.025193928958263
4497,42.70541441502721
4498,31.82433736525478
4499,60.983896803485436
4500,21.906597769771093
4501,28.19013846918934
4502,70.80607946580935
4503,63.53745194187292
4504,72.13923953232869
4505,30.269223503554887
4506,57.62093290236086
4507,50.09163465814132
4508,35.18641351784304
4509,74.22353207108755
4510,41.3693803859084
4511,53.685315254490305
4512,32.31058265517319
4513,51.7602841627488
4514,53.336442631459136
4515,48.88511435914304
4516,63.0197651938868
4517,38.55787674051174
4518,23.739776612099874
4519,28.72674992484242
4520,28.77480857479873
4521,39.32297990471437
4522,43.734525499627985
4523,33.607402376991416
4524,49.120184858250866
4525,30.636709721242013
4526,33.51893281355136
4527,29.559900508861855
4528,30.243553625212915
4529,66.66078037536911
4530,48.856380487178
4531,54.027410199729275
4532,73.58147230840268
4533,30.777336308228648
4534,37.06631924133005
4535,33.36188750938407
4536,60.635398835067434
4537,64.10357717433186
4538,29.96600423173028
4539,29.98724141258037
4540,65.37425471487853
4541,65.26900347155166
4542,27.80984495791747
4543,26.32878078081219
4544,31.29232927663855
4545,66.85879866629209
4546,79.57828957503034
4547,63.16971780181757
4548,70.36497912941888
4549,73.93715448562845
4550,48.62145247046996
4551,52.27648148712622
4552,35.42740490733896
4553,30.280615669323172
4554,46.677872660915135
4555,42.829203712369264
4556,71.46246274169957
4557,46.136920963800904
4558,31.34627247499763
4559,52.35859971267216
4560,30.358016516800067
4561,31.93562080519704
4562,62.81990710894925
4563,36.859030324847595
4564,29.32315722949669
4565,57.27276605367168
4566,33.52491422009574
4567,53.80596265632273
4568,54.62650179122804
4569,55.38533819980432
4570,30.018851947646823
4571,35.18555969069626
4572,26.06589728776046
4573,70.95723758400648
4574,28.874581981553224
4575,31.978525543366885
4576,37.47795056615523
4577,63.452362516612
4578,73.58692154837158
4579,27.65629077668018
4580,37.07810403525308
4581,52.70166209698829
4582,44.60254445684177
4583,80.0903641255591
4584,32.77838736805984
4585,60.788634576763314
4586,24.722618838174146
4587,33.64363061122953
4588,55.01361683280088
4589,63.183179480664904
4590,64.71365365086123
4591,35.522309536327185
4592,66.99343818965357
4593,72.32087919785437
4594,23.709975458790144
4595,28.657379642823756
4596,49.03987194285166
4597,27.068324286406618
4598,34.49242196713169
4599,33.221927818480424
4600,73.87116505566034
4601,32.947546353029196
4602,34.506068095998366
4603,57.348584090636564
4604,64.2213241208324
4605,75.51363444207504
4606,47.618265084897665
4607,33.46363624341887
4608,38.93023958161872
4609,57.9916565456836
4610,37.49074029837329
4611,28.821000082925472
4612,41.03156534045247
4613,34.50131964456984
4614,31.69727278723244
4615,35.440522671797055
4616,64.97928600608591
4617,34.16065068325774
4618,88.05102799904297
4619,39.549914257334706
4620,37.580389623612405
4621,32.36859839725707
4622,45.59276174131442
4623,27.32032105208642
4624,40.9500750261672
4625,71.36241928941517
4626,59.69701457687564
4627,76.88363479561356
4628,69.95120064760977
4629,33.15394481146936
4630,70.36292444106527
4631,74.73147758538543
4632,43.81678501556033
4633,34.346120722664395
4634,62.13001726955787
4635,41.36151802659407
4636,34.16125831386979
4637,35.21352289286513
4638,64.62222012180199
4639,67.96093560556383
4640,34.93326161572941
4641,65.33212847572885
4642,34.58364091349165
4643,72.55435873332354
4644,33.6237857066573
4645,29.304837726034165
4646,74.417750993655
4647,69.45075622844021
4648,33.72244767339197
4649,32.54587356045018
4650,45.9604437066133
4651,38.78869131402359
4652,40.73864661387848
4653,66.73593816120376
4654,78.57118070642073
4655,41.108987589188516
4656,36.14544364483243
4657,34.316509092722214
4658,29.43852463940339
4659,62.380161772712476
4660,31.35986536543774
4661,38.84867840425194
4662,59.47321891917619
4663,51.09490727150042
4664,74.07196397558253
4665,35.54655072945689
4666,75.74632039030055
4667,25.037285781204904
4668,21.1420461030401
4669,42.035751934867676
4670,41.126390486518964
4671,61.73838345569437
4672,42.19821969086898
4673,35.204618290737834
4674,58.050473204896264
4675,55.73885405563728
4676,36.1698089624588
4677,77.19139091098671
4678,34.6615799287592
4679,52.69822703083463
4680,65.70985041137332
4681,32.56165511802462
4682,69.65628026188705
4683,41.92876543725972
4684,63.347585104542745
4685,38.71486864028019
4686,65.6454921168845
4687,68.97296257621258
4688,43.79863006944095
4689,66.34951571803565
4690,28.095361091807323
4691,70.09720554359217
4692,46.68017619430572
4693,28.038306771667514
4694,72.40146489123407
4695,67.86132815414635
4696,59.91885184007883
4697,29.476069560789096
4698,50.27308440155171
4699,61.95829334607295
4700,68.98603868333032
4701,33.747224319559066
4702,41.867980444391925
4703,32.64395940328809
4704,25.542209527380855
4705,42.38971893315872
4706,34.80204165540501
4707,63.19383126244627
4708,30.88619233838067
4709,33.9436767062886
4710,27.779048506687367
4711,33.19309264658153
4712,59.55684140502421
4713,37.48794684259015
4714,41.12981557047151
4715,76.96692913500027
4716,33.5983953127635
4717,68.63258088404301
4718,30.781079849788334
4719,25.950376169988765
4720,77.41048866402657
4721,30.05299300311128
4722,34.86870187899925
4723,28.813852005221975
4724,35.88394286699845
4725,29.961951466382324
4726,34.955832106339116
4727,65.84452279929401
4728,72.84659360323718
4729,59.751359944436956
4730,73.20273520875998
4731,61.671581344196284
4732,38.59731044012421
4733,38.0250731024087
4734,43.45455125675385
4735,30.86588338095885
4736,34.100423314966946
4737,69.00942307099831
4738,28.070470446431294
4739,78.16807784187476
4740,74.35646512042088
4741,27.485707925042735
4742,34.388243404092144
4743,69.22786655037284
4744,48.97365080287342
4745,61.06958451931889
4746,49.94186159744387
4747,63.246722568429604
4748,45.312408553308
4749,74.15257778239442
4750,32.25412987476428
4751,37.42645428517017
4752,37.5202912343087
4753,68.69906310277256
4754,82.71204387129222
4755,33.90297016464321
4756,58.76204253854003
4757,37.438611265459016
4758,65.30930777535967
4759,27.134714095815333
4760,46.10836777281783
4761,67.34441146869631
4762,33.94599739259363
4763,68.67717711892725
4764,38.118992794194625
4765,24.391041276303437
4766,31.290896869234732
4767,33.36252678337554
4768,34.39026598386015
4769,33.17567773899499
4770,34.01654605793013
4771,31.859536431684198
4772,40.852536277612025
4773,71.50789509801828
4774,47.961252570254594
4775,55.97504096972652
4776,67.09714605234325
4777,29.587132608509208
4778,33.33807064461024
4779,59.76483097940305
4780,44.12901107597324
4781,67.978851270673
4782,32.15541735837496
4783,36.9573257883217
4784,34.56307315473315
4785,38.097766682168924
4786,33.02646643360444
4787,68.02459023002547
4788,62.49139620236162
4789,76.55706469606935
4790,26.5772148005077
4791,67.04685073462934
4792,56.098909435324245
4793,36.58431522448572
4794,29.22245761541501
4795,36.220071171698734
4796,40.99985310611891
4797,25.672802289110326
4798,36.41525987883125
4799,53.39008265611126
4800,61.63563291106715
4801,27.433074527510307
4802,26.887606861959103
4803,31.529755304733293
4804,35.472619649219524
4805,31.32627424470476
4806,25.227138176810378
4807,74.42232895564906
4808,30.902359621872257
4809,85.73260316397152
4810,61.27216350410881
4811,68.96155065215615
4812,28.18524672744985
4813,33.24895838393185
4814,64.2603131937476
4815,53.57511898276776
4816,53.91845899498571
4817,58.78353201751954
4818,36.3632949516907
4819,83.36963758946023
4820,32.5617113062876
4821,37.884465365378034
4822,50.00610245919604
4823,55.20781015464274
4824,36.03194092104643
4825,27.026287139641994
4826,50.11917777258793
4827,26.209549417981744
4828,61.892918231720884
4829,33.05628585393909
4830,73.88547702024695
4831,56.11532315424739
4832,72.83851655600799
4833,29.95620021597952
4834,25.674299602497495
4835,28.202946851143334
4836,23.460559477599865
4837,26.856761122378526
4838,58.176549046228416
4839,82.67891660743598
4840,45.51935510733026
4841,57.26896940476239
4842,29.899567282822233
4843,34.03444798669161
4844,41.0215273368132
4845,26.583254519588017
4846,48.676556566716506
4847,69.62332685031159
4848,72.02257630390734
4849,32.69252700901352
4850,28.534910402400392
4851,33.312165484190665
4852,60.20612314386443
4853,26.288546675743486
4854,35.107174866394175
4855,45.65672022324285
4856,70.20567587740523
4857,40.97367815603464
4858,39.923850908189806
4859,36.08039638755322
4860,37.97255795986622
4861,37.637596653236045
4862,29.83480136089684
4863,32.848555705669064
4864,66.5359958300816
4865,37.24273372023219
4866,72.30990643826465
4867,39.19539574698586
4868,39.07986120090003
4869,46.11724450325425
4870,38.45343884605723
4871,70.78590867501603
4872,62.81035405594559
4873,38.15852399798456
4874,30.422214669173204
4875,58.0730594128411
4876,62.442466117425795
4877,32.14082270673456
4878,75.30145552120236
4879,72.07353495273097
4880,34.12126941522055
4881,49.419338215072365
4882,37.72322729893041
4883,31.75011785171292
4884,36.852136702636614
4885,62.62747375698851
4886,74.1788530195574
4887,44.063508585552356
4888,41.47355932759472
4889,32.01090092168273
4890,42.8145242894819
4891,45.24269407654307
4892,25.477380112572927
4893,71.25653164140931
4894,33.80983497246285
4895,32.6499102659441
4896,37.919976262862626
4897,49.784520110818285
4898,41.2035783028289
4899,71.58579482799922
4900,40.71039775928729
4901,64.0156985176497
4902,45.756902694851505
4903,64.21329175189913
4904,54.33324215231133
4905,62.3654625711831
4906,66.7687118393296
4907,36.77318304638078
4908,26.784057448316428
4909,74.91660394142018
4910,44.27870667348642
4911,27.349094330514607
4912,32.82525723439518
4913,71.84124488225544
4914,22.95225424316055
4915,39.21809603978321
4916,42.48638360427703
4917,49.82084004056694
4918,29.350111067134304
4919,69.01574580945292
4920,26.02859125668115
4921,37.564981190898564
4922,32.4401571353098
4923,58.57895816883563
4924,34.3240157961462
4925,45.21539873297691
4926,76.88779035477391
4927,36.539230817555556
4928,72.88211679498902
4929,81.25382297407974
4930,31.550521312397997
4931,47.555240725607675
4932,41.18147538100197
4933,57.962060870696256
4934,34.49753736904671
4935,32.74734145301878
4936,62.61703247232842
4937,29.48053858987724
4938,76.29169020219712
4939,34.267305227531516
4940,43.46844313173621
4941,64.19673639085458
4942,43.25276492424527
4943,62.525991524891296
4944,27.35553116613934
4945,77.81969813172725
4946,27.38160355818969
4947,38.67413926079687
4948,29.39161276146541
4949,37.32637840815538
4950,33.93621870512127
4951,21.551018883070938
4952,39.87999335616998
4953,60.03207611707249
4954,39.48148128066915
4955,70.41600037555517
4956,41.923417471816286
4957,30.7195681382139
4958,59.816333281127314
4959,37.22205706070857
4960,35.13406132286778
4961,31.198906733440435
4962,72.19389302914009
4963,41.90330107728193
4964,43.96632344143019
4965,70.14797822811866
4966,34.189457251418155
4967,45.02949728291718
4968,75.97873661284747
4969,71.17247301593109
4970,73.71557488614727
4971,62.09476521019842
4972,37.5640964370701
4973,25.7086911209175
4974,69.47501955415338
4975,32.554765657422095
4976,41.15636376980009
4977,28.682055379798317
4978,52.04572148903924
4979,43.77701913041763
4980,69.94101745791089
4981,31.653512591368774
4982,32.714347078825256
4983,38.55630900259998
4984,37.53601424905888
4985,62.53182735194578
4986,71.4839377104904
4987,27.81358137517289
4988,50.644850371690595
4989,41.97052944390255
4990,60.294866698764395
4991,70.2808525540512
4992,38.94181282533964
4993,25.212146657003974
4994,49.74522622504449
4995,34.13929261635663
4996,59.47217596598596
4997,59.0944037828905
4998,43.23319742912392
4999,65.35651037742805
