ID,RiskScore
0,33.013202966492834
1,52.52044463129232
2,30.299971479944396
3,35.986803310592876
4,33.434437252905056
5,70.3695377277937
6,31.012755347599448
7,33.420376940363504
8,35.173374471822655
9,69.72757605076443
10,32.92359717701667
11,31.120978171206804
12,67.70375291782338
13,38.186518983702875
14,32.152629125444236
15,59.81337916208004
16,24.425375718749645
17,33.15519589496683
18,65.97617728251028
19,44.751942682380005
20,73.20456844487391
21,31.811825754156086
22,69.95813866196963
23,41.72706457608567
24,51.17901578081739
25,30.012470860140898
26,33.5517806753352
27,28.239180904134198
28,56.05294695635391
29,72.6553816764322
30,30.310139961909417
31,66.98305074695351
32,31.884800907205076
33,30.07930313213141
34,39.34414287705413
35,37.62212360907128
36,69.87904136020973
37,56.765386564704755
38,48.466252778991056
39,75.15372144894546
40,71.3383850317152
41,48.31404324862684
42,80.35880385152687
43,21.054943070245567
44,54.95598281587118
45,29.208994312478772
46,33.88528223413361
47,70.28307774071703
48,30.265652739228813
49,36.351432507599135
50,67.9893401908539
51,57.97693903116557
52,42.39441501904716
53,26.386071538452903
54,30.944581638520535
55,40.5925318750826
56,73.0321610020201
57,36.0952382424811
58,40.54969658720528
59,59.6760395973477
60,69.33401171765325
61,47.14034924187729
62,32.170350209374064
63,86.0495228445348
64,26.034690914620167
65,32.26106242646272
66,62.654189297447004
67,62.3059962781659
68,37.2536525571189
69,68.5495923118684
70,36.40193932820868
71,39.584286464934465
72,49.0935310259563
73,58.525145791268486
74,49.65218046114634
75,66.62901904423818
76,69.38720715389269
77,25.232144501597464
78,52.99326749749883
79,59.406163404117066
80,73.34306662236494
81,51.74967581562947
82,61.4204656284762
83,34.544150287133654
84,69.24038801814878
85,74.9007902832581
86,62.5040632850122
87,24.986750965863443
88,37.62571178859707
89,70.86723170993568
90,34.498388035151194
91,44.979311604595686
92,40.09809086254421
93,31.341773477476842
94,38.93577468321779
95,36.99236670060559
96,36.06897999800991
97,67.58708800846657
98,38.37482678734553
99,62.76921963355642
100,34.366594534347385
101,34.15693945962437
102,68.71688769139065
103,73.23739427778841
104,32.417893451740916
105,78.09522639497919
106,74.69233535501223
107,71.4332780417466
108,40.156957013195665
109,69.2605218215851
110,53.14959218437251
111,66.87046966945282
112,75.98157593271478
113,63.48862790359334
114,68.01317735950292
115,31.93131029600988
116,71.22902072157727
117,53.768029405574445
118,40.627433873820806
119,44.170355732006854
120,22.254924955996078
121,75.96982161479947
122,32.645844707718865
123,49.7611169939111
124,34.213913438127236
125,61.461002752963566
126,15.898988656913062
127,27.546655138484553
128,34.55014951787135
129,64.85596364800432
130,32.096989822173214
131,71.1934169389292
132,70.84537032669951
133,77.44735616541922
134,20.45581996496165
135,37.84443390453924
136,22.05361693812909
137,40.73960685598194
138,34.63075666857978
139,49.98134070549295
140,38.822892204761594
141,35.61915136800714
142,27.072328034739733
143,28.157161972161717
144,63.75611417906156
145,31.98075493104482
146,48.89882031303597
147,63.86607602872016
148,69.25420762222954
149,69.20955863767986
150,42.33688519273437
151,34.07549615688297
152,76.94267645101203
153,52.915756856215445
154,67.93841154919063
155,33.82911371637479
156,70.05500170211681
157,62.69211196229175
158,65.68312419110009
159,74.22667452966942
160,36.66169072747999
161,37.497733667302946
162,68.09832794357233
163,41.38433113654539
164,43.258663834831296
165,52.569664029383155
166,38.47712145067189
167,34.920938325057946
168,35.70628158493398
169,28.010826075595734
170,38.43210016276085
171,52.210147068699605
172,64.85655184409956
173,47.72820902562623
174,33.1793132458059
175,58.14279932697069
176,48.63103048806056
177,42.1667282577237
178,48.41812562350558
179,75.23039670604365
180,48.37211954813747
181,34.131964628884916
182,61.21870718620439
183,66.58900444758386
184,72.37770915891052
185,67.01059051927318
186,70.97200233353081
187,58.69478385928404
188,34.64088705440979
189,18.166605445314566
190,31.680975181898503
191,72.88715213300176
192,51.26858362643764
193,30.343867475010622
194,67.77457381439231
195,25.78408042551704
196,30.756014982575255
197,67.92150819904664
198,62.95976391161655
199,35.62484658478877
200,31.699909880972008
201,54.16823679686499
202,31.78140859400327
203,34.5659879911247
204,71.48560593537452
205,59.18086089738282
206,64.53248818676423
207,38.34014463326214
208,53.68176068551958
209,55.501877035102716
210,29.68652272962014
211,29.357700708421405
212,75.20938359230499
213,65.64046425857818
214,39.68614943852815
215,58.76963946670031
216,61.42143005650764
217,65.08605024636053
218,51.81164822014834
219,31.66220482151179
220,32.86885574198259
221,33.87571097484016
222,29.98733961867616
223,53.324427535720545
224,28.716760379318547
225,65.85836805932168
226,62.43310145106889
227,35.636376068262315
228,40.36561030084542
229,39.98928861598233
230,53.08782581322169
231,47.58396739293407
232,37.41859110078573
233,46.56970622338841
234,75.11575948833459
235,63.663482875323325
236,30.84618573016173
237,53.18812621530688
238,65.53687293923801
239,31.77108144717123
240,66.46306146162958
241,73.92315163206386
242,41.52251402865909
243,67.9223580780106
244,69.72536636357569
245,66.87409599976692
246,23.057174688337447
247,42.65111636843382
248,76.25251785987203
249,22.02177924758775
250,65.23084335201571
251,33.63458439551173
252,36.93391652177201
253,54.216269464988564
254,53.8981750212392
255,32.814861826893036
256,52.96965622679408
257,68.41669419539994
258,67.78315272279086
259,32.96774355477057
260,48.044051369622565
261,39.97663946007787
262,28.31848437366128
263,75.67847831643027
264,66.13835654358832
265,26.84578254305997
266,46.75406678883131
267,27.722741312197275
268,64.77891939975109
269,73.6662013816526
270,54.828681058791815
271,77.21726447000935
272,32.98005039250866
273,45.57637262865071
274,28.389020917769464
275,44.958585692421835
276,62.888281324878314
277,34.856662698365525
278,57.755097215823575
279,29.113479299752168
280,60.332043459940074
281,61.923909264046536
282,54.50195712962073
283,53.63598525471512
284,34.42193149383427
285,32.541487068273725
286,29.74411622675637
287,69.56811488200844
288,50.20775183959927
289,36.619749898384164
290,49.58466294442496
291,41.984309303373536
292,53.16714542001919
293,72.16778816744822
294,32.33258018655654
295,69.78496309894484
296,68.49792591565492
297,31.231746648090148
298,38.078889487966066
299,70.10274302021665
300,46.2977073413766
301,74.96785604851911
302,56.789557935800985
303,36.101571566255664
304,58.047027267236324
305,31.618835358611808
306,33.69821679796094
307,70.58005805507513
308,50.62731326803288
309,30.072705706014176
310,73.12193032611046
311,53.807381202341695
312,47.04610206055378
313,46.48753386540554
314,68.1365382754528
315,75.22540883744733
316,35.90908176817123
317,35.55754393319073
318,58.95426933200913
319,29.969537923998647
320,29.580653762406026
321,40.69775415045898
322,72.03931552704083
323,63.03565700134203
324,89.3122370143139
325,37.35828733954497
326,70.14420074353822
327,32.704814129850085
328,42.327581944470545
329,28.020368191635672
330,37.48759513319962
331,81.32498693614065
332,23.40185966791996
333,70.07081220899684
334,57.27846296441105
335,66.33234492445052
336,59.626560068976474
337,27.088091249207924
338,35.839752749106495
339,43.53855842894366
340,68.82691756109071
341,74.93399238629128
342,72.0195181922387
343,66.10410014124477
344,33.494460382009656
345,32.0120023656615
346,36.875870432184875
347,36.614790075553444
348,39.3691535527647
349,23.65890838308665
350,46.314281247042594
351,33.08473261331038
352,58.30919870351156
353,24.783326299811506
354,25.029206514312257
355,31.04306619730827
356,25.982275807627865
357,29.109611538423938
358,29.908600678026446
359,74.60631871976167
360,29.41197241587801
361,25.754890426501422
362,33.998243505149695
363,65.41740161288243
364,50.263708919010284
365,46.48129149126443
366,51.12875511245914
367,30.953662484549618
368,61.17883719529161
369,50.93580480272879
370,36.43257601766845
371,25.579791860489312
372,31.60115596752003
373,71.72764402246477
374,55.77130090524163
375,37.86918249009145
376,26.48723595373412
377,61.02331437253024
378,54.18883541300011
379,65.29387289050302
380,34.08908924645408
381,29.83771941000703
382,64.29751371433065
383,69.41850409691244
384,42.37475706998507
385,62.447813471887024
386,27.930068911590443
387,36.40879837979408
388,53.8199056501389
389,33.92432521357622
390,71.61431260291842
391,67.11616760151772
392,62.241340607226626
393,40.20280777272115
394,76.23493650094585
395,70.40009684312517
396,33.41358808712141
397,26.653680453151402
398,70.59184259952593
399,32.61254560497708
400,49.11150060669217
401,68.04932892093656
402,28.01611811732607
403,69.11623882817291
404,72.57850597218332
405,47.99557658117856
406,31.458181735561638
407,63.6686421855078
408,44.462062916849426
409,33.377074609956956
410,36.16393573707729
411,42.56375292165419
412,37.94648239666854
413,38.1605483436995
414,63.576686730617574
415,49.95722029203333
416,41.035560532564546
417,36.346371454569145
418,29.12353380126695
419,40.54201344112027
420,23.603119097479727
421,40.410685412402344
422,30.32093020870364
423,58.462422489372365
424,25.344957016334856
425,50.582983331842
426,29.93125685920285
427,33.14874577694991
428,51.58764817924757
429,32.443537883830885
430,63.23629154161689
431,32.27374231203552
432,70.8619672583201
433,61.185344854838036
434,69.18875402986785
435,58.15011546781675
436,28.729221746892147
437,73.78860900270313
438,40.439954231265304
439,45.908064971414476
440,71.38371028766508
441,31.965155201983684
442,68.40104716682887
443,65.35274557933165
444,66.88592504735595
445,69.71211432102749
446,72.10900599709927
447,55.784852322417365
448,61.777908544875324
449,69.72436494948599
450,65.69764173359631
451,74.33936848033665
452,30.394168995042435
453,59.79699896751585
454,57.16267375515809
455,50.03495293121548
456,41.47143860817244
457,52.17475822326975
458,39.38696024568833
459,56.389018981470414
460,33.826185339894394
461,37.20412299638031
462,29.996086243624376
463,48.793001104741926
464,26.57941671546423
465,51.170309122731396
466,26.684715272901446
467,61.76105029552609
468,40.598049935359526
469,69.48658048334107
470,58.781836303710264
471,67.3360498705099
472,34.467371177789616
473,33.8529341162475
474,29.535596994527037
475,66.51110112156468
476,30.115250930506328
477,74.06788501239626
478,30.92617365019203
479,58.87270347253167
480,59.716853917592125
481,39.75037088972201
482,71.01656143843829
483,40.10936584448759
484,35.383712133359424
485,64.14121313730806
486,68.45243399324232
487,35.119828579293355
488,74.15553476677508
489,28.169363052992853
490,70.03427048944405
491,39.0804119074275
492,67.19872939819166
493,30.984485422413677
494,67.95367032673393
495,37.09204592105839
496,76.83846347621575
497,70.87735732439523
498,39.57253512512266
499,31.905957364992346
500,57.602432424241016
501,42.40798736786371
502,72.2513233000448
503,30.20792625790663
504,42.17689862326874
505,52.13197314283778
506,40.877998426253264
507,72.27040619652826
508,27.998272714166408
509,88.65747081356513
510,38.98540126617919
511,63.01042017326503
512,28.911147068806446
513,79.69017087370773
514,67.09746854200682
515,40.04089256390917
516,46.9452914539499
517,49.24888435184748
518,38.95583871182716
519,46.71943996179872
520,66.96000312456005
521,69.8994817102176
522,68.65053500652444
523,30.807272708683453
524,38.69129973102078
525,70.66472295022979
526,42.67460129794407
527,50.94458818941193
528,24.067156068184715
529,39.59417973623347
530,32.599187520293285
531,28.816049576190277
532,39.39426907004291
533,58.91306802084327
534,55.16233916363487
535,32.86875970788465
536,56.93767230232946
537,74.16709000705794
538,68.75160441253965
539,74.26692687744158
540,62.72337302126137
541,35.22172686024818
542,77.99308126836888
543,46.80092726410051
544,63.72693470096407
545,72.0567922128285
546,72.7156399274219
547,67.58545944442432
548,63.45694474261089
549,55.85359274315087
550,44.156773572782335
551,32.40671878195572
552,55.39791468187532
553,30.4740804382069
554,75.74363946103806
555,49.9099814887816
556,36.87082637594226
557,35.082399335375605
558,75.48373204648875
559,39.53566912212703
560,37.81774471496866
561,68.18563266683216
562,74.12711971008821
563,68.52192820851157
564,28.07322032902237
565,74.45312902152209
566,62.4173077959492
567,42.975973044126114
568,56.30588216993971
569,34.70133567375555
570,72.26296508104957
571,32.42800736648455
572,72.650306109451
573,54.05554385021799
574,50.2665169640391
575,36.34052482832518
576,39.58347634742569
577,24.815296240966976
578,58.100948564619955
579,29.581505041422695
580,29.682294560087275
581,31.132540881325976
582,74.83537832254339
583,45.604762425513016
584,35.7810747618687
585,29.77963374418901
586,70.21203012332165
587,41.42935780077012
588,49.19870736865847
589,33.480593631317255
590,64.40085091137365
591,40.05859899583874
592,78.08602869913716
593,58.70370416888885
594,61.67973139760893
595,30.143470925723086
596,65.67706367854525
597,43.01480928647486
598,48.50364336002358
599,59.318970135502425
600,34.18073214026751
601,67.68810899664041
602,59.54666236251093
603,71.67872197535348
604,62.02412292298952
605,37.68307341148125
606,37.166536086106454
607,67.63079478310955
608,33.883740679272066
609,28.6073177490737
610,64.64478767022413
611,45.40152557386003
612,37.299505950193954
613,39.46991775749341
614,34.7670560621754
615,35.63216209158346
616,32.38984213743217
617,30.317654270166905
618,53.21011529702918
619,32.74375675230266
620,34.6589231812705
621,56.32595349816825
622,68.59208879194288
623,64.08837754146889
624,36.23397097746883
625,76.71341629411353
626,50.042024889652254
627,69.97018601569414
628,78.6744568329091
629,34.24983759204322
630,35.4744307956617
631,36.04787355340561
632,73.04099800515982
633,36.617692149108066
634,33.916591771885024
635,41.51249099467676
636,34.38644108418347
637,67.42348233748363
638,30.121946343667023
639,76.14790684328203
640,71.44764458927727
641,41.425787879986174
642,35.58666122343351
643,67.35244169381394
644,60.72360719852603
645,30.315605942274246
646,70.69572269079853
647,68.333645123324
648,54.8961467837017
649,81.44120013401457
650,31.4528384211146
651,29.32553360622141
652,15.685314411795382
653,31.713782932266202
654,32.57593460000071
655,42.46313665116318
656,28.20638456618537
657,75.26380742050708
658,35.3387693910009
659,40.53782143636783
660,38.80407725804878
661,21.810991845573813
662,29.387206453087106
663,33.647379049899904
664,43.218161339584526
665,75.06760866208442
666,25.10955031643159
667,40.6854636797848
668,64.7060629200016
669,36.8972444351505
670,33.2863015826376
671,27.6338412030873
672,23.21836908704086
673,34.682354554591676
674,34.97247169718752
675,71.34558461184656
676,49.14090662447209
677,31.084768260879535
678,36.29819969974732
679,77.30484435733754
680,65.72708326412452
681,42.83146762463065
682,39.27688936316884
683,53.44338660692409
684,30.560702734459547
685,48.74233627397676
686,68.77825206068448
687,33.835301467716654
688,77.44588357194235
689,57.945325183194385
690,35.79035214307101
691,61.820313417993724
692,51.85662524712978
693,33.347105000251744
694,27.37398455516018
695,70.05190303301205
696,53.20033630457955
697,72.51758488203447
698,77.06301156847391
699,32.54630320166617
700,57.984890045757325
701,39.963416590287856
702,29.27988791272057
703,35.26574780361308
704,31.676803565252776
705,26.129545181776642
706,48.952656478554196
707,68.95229013330078
708,55.90556178398545
709,46.888179788671636
710,64.86890674141368
711,56.86346746324511
712,35.191372196254065
713,69.50516392266807
714,71.75123514107779
715,18.990052617958597
716,27.80123532028453
717,67.32691221829788
718,41.03217123806216
719,43.187098450989986
720,66.3108123439286
721,65.28665128015126
722,32.611595024224286
723,31.809339472699538
724,63.65266301084971
725,41.72849316510731
726,33.17584791405786
727,58.658982796472195
728,74.08485297641514
729,30.88058832005492
730,30.755595275699598
731,50.21410436311473
732,31.89541635533346
733,45.19143577648939
734,42.28126271164041
735,26.420798026190997
736,62.82770079584397
737,44.04552584080532
738,41.20974155495272
739,29.154984067246872
740,33.29257628705615
741,67.00563630090451
742,48.45174492830846
743,39.17889353494501
744,29.083256847914154
745,49.283624332119054
746,58.991220677043536
747,57.42289468703142
748,35.20841127568484
749,41.159335407729166
750,70.27391295790099
751,42.47937984601061
752,90.75537463395395
753,45.063134328580134
754,36.136825512494745
755,48.12622491931954
756,26.86621666949969
757,73.80077961449696
758,67.98681321430716
759,58.17815705483231
760,32.71632655993577
761,44.663017957180934
762,47.84117221627175
763,37.93439468879011
764,67.64155954473412
765,71.3425041134538
766,29.343266778514373
767,91.65583920198321
768,29.819280943838663
769,41.433480056320256
770,31.791602190015375
771,74.24468736430157
772,61.917104205465435
773,27.861600155515617
774,29.937774235491748
775,43.35226737925132
776,36.67232517978758
777,30.39558639809756
778,32.0189854845988
779,33.11556461277718
780,47.20101715239726
781,47.006790195526214
782,71.7983255551083
783,71.97293796810311
784,34.76922766996693
785,28.320186219991108
786,53.967442146830436
787,68.64296900563627
788,67.768493868996
789,42.69302805399701
790,66.23863055506557
791,33.42313477182753
792,31.803995507215856
793,33.03808153929199
794,73.53868621470117
795,38.2794265359101
796,47.1555020661882
797,31.924555042620806
798,72.11339504735182
799,67.73812767410169
800,65.88704397976461
801,50.5886106828611
802,27.223942227107738
803,52.09151636139598
804,72.13977943716063
805,67.46786629122863
806,64.56018290662999
807,56.73724452506782
808,65.40803465519778
809,45.58969303144752
810,76.55063043435948
811,50.81984188192734
812,31.99302853462544
813,74.09659510834791
814,46.906001996043166
815,74.64950264701356
816,26.651430125496507
817,49.27309476954822
818,70.74035253099433
819,32.47104265091173
820,36.70810653283838
821,51.67652935253668
822,44.02974506082959
823,60.87906550871168
824,72.2247078928645
825,81.81630141319879
826,53.472604646188984
827,40.416177233567325
828,26.509326129614667
829,40.09573474568057
830,33.33578467979014
831,64.13572477027138
832,44.81730538530902
833,49.832049910615986
834,30.459235295586343
835,63.05156518515217
836,25.68936652408454
837,35.19571291562054
838,34.54258864087921
839,54.14668647148413
840,66.73220455244227
841,71.59821387366186
842,65.55368219480359
843,50.717517187159466
844,84.62766007831564
845,35.46056372623333
846,42.86916682015879
847,33.57010079024796
848,69.9633184616776
849,42.74210895310131
850,29.45167169142174
851,59.881815601220985
852,49.150878143442874
853,32.01682832035959
854,34.83636947502914
855,31.44323121432167
856,59.375481018412934
857,30.526480978697357
858,33.56025478004417
859,67.0513856090806
860,30.454666279446197
861,42.334603822473746
862,48.52521293751359
863,31.133184310303566
864,27.57281266992368
865,47.881725382188264
866,74.55236381050258
867,30.851924452233177
868,42.492413197145254
869,62.13438127843309
870,29.86912451819154
871,29.487644440753783
872,59.63953281757506
873,48.11924936480821
874,20.735095170645614
875,68.15269027706954
876,29.416217824760775
877,32.81737004137989
878,41.660296255202674
879,32.2036444711632
880,30.622617543302095
881,31.652009041425323
882,80.68880060552158
883,34.48602551958282
884,48.62879831584989
885,29.098310945455733
886,55.65308294318992
887,49.52061609982958
888,74.64813526499744
889,58.47914401857073
890,33.329638136291116
891,30.034402733937505
892,73.5407591126916
893,34.64396022658272
894,40.63804487894684
895,21.56790001318947
896,52.51873529975587
897,45.94585547301689
898,49.526503756006726
899,71.20106117548265
900,22.744473123813787
901,71.70765831280386
902,77.82179456351892
903,72.75506617768197
904,56.727275123279135
905,85.26517769368809
906,45.898977616770516
907,71.41796695106407
908,47.7767373794545
909,55.906322407222454
910,52.10631763378861
911,71.19772253416807
912,76.13889823925103
913,65.93543713770003
914,31.814126722619438
915,42.44423579939864
916,59.70139247261522
917,48.45780664517143
918,27.540583636054496
919,36.70034637725838
920,28.870246382042506
921,34.51344952626653
922,49.252881423279696
923,36.712446532305776
924,66.44689630077707
925,80.26780828377036
926,56.24306311192693
927,37.79299837347171
928,39.05123836405291
929,32.429860549234945
930,34.488464840987746
931,33.06229469017734
932,31.891058901239518
933,51.59558939676372
934,32.04892393461796
935,48.391988071029594
936,67.06650714049582
937,20.30940266680585
938,64.2708574337704
939,60.6318842798492
940,62.035153926668954
941,40.93121512505741
942,39.822572292715186
943,63.762002815227625
944,27.100403349379715
945,68.58043130391795
946,34.55920630088859
947,55.13511238950633
948,59.21817691679024
949,43.882010208269044
950,28.82359574386561
951,49.46032863523486
952,54.93984834201423
953,53.62313721713123
954,40.66626618837418
955,88.42707885444074
956,63.90854159441072
957,41.00332769413315
958,45.681836477269734
959,30.02251137811911
960,34.88269479295826
961,47.21017941402452
962,28.709068748501927
963,68.71890635577444
964,51.35567225778483
965,39.21934453930126
966,32.38195847330456
967,68.7355215989774
968,31.003509514050418
969,27.635542070456893
970,65.44788961208917
971,33.68465110028409
972,30.52322602230343
973,41.428702984525124
974,38.34738476106651
975,34.12477332249999
976,61.98973206287833
977,68.96773991057387
978,68.55483421378622
979,31.22597129266131
980,52.274029078941155
981,35.450242594307454
982,65.52701380249941
983,32.13751174136275
984,51.71722508522072
985,40.14082707120611
986,29.175466729457597
987,73.1144617934492
988,28.33609417557948
989,74.27301334177395
990,37.957124001649284
991,52.203974916153946
992,37.52360105413367
993,29.39108727005027
994,72.33521382485824
995,16.04902905289793
996,46.87432815126765
997,27.158587875128166
998,73.54961597977235
999,33.879571054933564
1000,31.645501200040798
1001,66.8713886620271
1002,32.05675109276166
1003,59.59439238434238
1004,59.72848133923513
1005,28.057082029890694
1006,75.8308329033593
1007,32.64473695509126
1008,60.03939691103085
1009,32.64132301478888
1010,76.41344832270285
1011,26.843020385442287
1012,34.33383636573486
1013,69.14837701077315
1014,52.42079967561588
1015,70.43440154251081
1016,40.3752896379893
1017,53.17994783886054
1018,31.55234967178066
1019,70.82873690368243
1020,29.34167682371465
1021,40.01666325155152
1022,43.43605295139751
1023,65.05143092422205
1024,65.24587289628157
1025,27.3799327669002
1026,33.87649940203073
1027,33.366739331839746
1028,22.814205347219517
1029,31.794623052066658
1030,64.05145147730512
1031,33.18869569315188
1032,36.28889994925553
1033,32.198614364112466
1034,31.291976251553294
1035,66.69677907808155
1036,70.2323124157378
1037,67.41940056091177
1038,53.574953307896585
1039,66.66756980100607
1040,52.067244269277516
1041,28.269249587487792
1042,63.52841520012452
1043,70.05182668103475
1044,25.43609250779809
1045,67.44369852714189
1046,32.318518662283346
1047,35.432916639860665
1048,43.57187959964739
1049,30.999796052274387
1050,31.194349720153514
1051,70.14513755168164
1052,44.39833254207021
1053,56.62750846141637
1054,66.37571736011395
1055,41.79327747213787
1056,30.065186248565304
1057,30.386011449290667
1058,57.64825464302881
1059,30.698966882026085
1060,64.74825692663336
1061,50.64764597495432
1062,66.37585338757584
1063,58.78881312504389
1064,38.747050663286956
1065,49.455813162321505
1066,53.67990112055752
1067,49.10204536957971
1068,33.96037720320366
1069,39.48624966204653
1070,41.61481213965277
1071,24.877955762819578
1072,39.96797534635351
1073,33.618743746766754
1074,56.40402773195531
1075,37.699103310762055
1076,72.98016820030354
1077,41.62079426905353
1078,56.27268789561668
1079,51.602139285993104
1080,33.33058812344442
1081,31.11232421326257
1082,30.265258527990305
1083,72.50969612706457
1084,59.64860560285287
1085,28.763793508964454
1086,35.220269975368275
1087,63.50392916882978
1088,33.188040731928666
1089,41.52452447493621
1090,31.527688625701924
1091,78.04826549248776
1092,63.53741600601772
1093,27.67311242446484
1094,31.887014180555532
1095,72.49515842848723
1096,37.16015350958908
1097,72.55987652376281
1098,73.51172536750718
1099,75.65746337819581
1100,27.2132594160545
1101,27.677791632099957
1102,60.386058642245885
1103,31.002637429253593
1104,62.68849925764083
1105,39.353142530129716
1106,68.51285564538577
1107,59.72369866551594
1108,24.40555740301733
1109,58.199217999258224
1110,47.118081252214935
1111,49.41904698711671
1112,57.24112140125069
1113,33.677954586019226
1114,64.65884118692571
1115,64.53048247446003
1116,49.359374138968604
1117,37.6539300387053
1118,61.6700570586444
1119,41.121794476553006
1120,34.03093815462984
1121,34.460433896872914
1122,34.81692747151492
1123,35.91343483236514
1124,63.77600930218573
1125,27.467334806132975
1126,61.43502210689773
1127,51.21923251474406
1128,40.87822393112271
1129,41.443451033025696
1130,62.66550157551424
1131,80.1553064391122
1132,35.579909812809916
1133,37.79448911320651
1134,66.54967433722592
1135,48.13819089369407
1136,46.72907998796652
1137,52.5223715110219
1138,51.187890007803304
1139,44.1271226550322
1140,47.37012795160295
1141,47.275946781593916
1142,70.64458646460363
1143,26.95606247534754
1144,66.16804863789724
1145,71.59615507621574
1146,30.297478050624964
1147,47.04260959983646
1148,33.964888536746614
1149,68.7433633850128
1150,31.46835243582074
1151,34.41995680709444
1152,29.582343351959175
1153,58.79439056984348
1154,35.09670777042781
1155,35.97730330072585
1156,28.13099587512614
1157,68.98983654870885
1158,65.51335827490949
1159,66.08218672921655
1160,31.44495851186958
1161,58.98050189975669
1162,69.02446336012662
1163,28.011274966183926
1164,71.76613681620097
1165,62.325388360101165
1166,71.10155985158737
1167,68.23171883250953
1168,34.10435655988168
1169,47.349445382560106
1170,25.524173572702615
1171,70.66704493192935
1172,31.160168171516805
1173,58.05198098812364
1174,57.71319561609225
1175,43.247848358844344
1176,56.64964173319035
1177,64.07439891639604
1178,38.275375655022096
1179,31.60537966321682
1180,41.18776715327684
1181,67.61956537872315
1182,52.21846245804665
1183,34.717159445749715
1184,38.107385027416385
1185,37.45337680741941
1186,65.3039864332304
1187,51.43280061634677
1188,19.49188644852125
1189,28.69995707504968
1190,27.854513066181
1191,58.16122410995152
1192,44.47532422520485
1193,35.94233249301366
1194,40.539907085690174
1195,41.311400679113824
1196,30.2374446847556
1197,69.98735678351713
1198,33.6038514539208
1199,54.6855287066718
1200,67.21802214017181
1201,36.03164038488174
1202,76.63281082824113
1203,59.6794502011376
1204,61.27407732644758
1205,30.850007644755138
1206,34.68366974662749
1207,68.67625045620778
1208,45.4662209656069
1209,64.26575069348029
1210,53.126170825417596
1211,45.01921779864533
1212,81.68781799774865
1213,47.240133826091416
1214,70.66748568452033
1215,62.493165001795106
1216,27.001741023150238
1217,51.718862779109706
1218,31.805837792171435
1219,59.49754871558545
1220,35.867496020567245
1221,48.335719332382276
1222,37.267166257998525
1223,36.131694197744295
1224,34.20848880262089
1225,53.88911577208171
1226,72.14716119252459
1227,61.10477769972249
1228,37.789947658027465
1229,76.12059323797949
1230,39.986634627046435
1231,29.771108910203846
1232,43.98977770914307
1233,59.27201142089027
1234,64.90198226290441
1235,42.860151045396435
1236,78.39457714106231
1237,55.03029599163282
1238,46.813435525810426
1239,34.48658748652607
1240,32.53655270239854
1241,71.81793142993551
1242,35.83461391007566
1243,33.244823733740404
1244,47.651295675247454
1245,48.18560874863845
1246,69.40737005230903
1247,47.78612095864696
1248,74.93593788102483
1249,32.207380899314515
1250,46.60582188370773
1251,30.549865677507793
1252,31.70047790831595
1253,29.86731959464189
1254,74.8860953547196
1255,55.308861804400024
1256,44.76274965003847
1257,74.16794578271764
1258,65.63505094534983
1259,72.240303526028
1260,58.67605598200831
1261,33.34886452670948
1262,29.233243659624314
1263,75.5068717481456
1264,31.24548521040771
1265,57.830250156615826
1266,31.12347151010649
1267,65.25950807965604
1268,31.54237518857012
1269,65.89793188752365
1270,37.70643163733929
1271,38.41921477083966
1272,37.52698393180224
1273,40.840755057453386
1274,67.9352977417238
1275,70.31922670917713
1276,58.9080276625601
1277,31.688718154165358
1278,42.830341820696944
1279,30.75444570741081
1280,69.48835311820862
1281,59.595512613614815
1282,48.472838561942595
1283,33.726927892617425
1284,69.4539975576551
1285,78.13755060116077
1286,38.421122233382725
1287,42.50686550643583
1288,55.433458769570876
1289,60.38805888679333
1290,34.32110637387753
1291,70.32250611721369
1292,54.16989958406872
1293,29.871532958910382
1294,45.25907560570537
1295,66.65154546759945
1296,30.134045727381032
1297,32.03982521687266
1298,37.42226615083885
1299,47.45994913466335
1300,40.98042380709969
1301,79.01659357495457
1302,64.86988770560255
1303,59.0646737058604
1304,67.37288344474605
1305,41.83818137689193
1306,71.23602957038517
1307,25.68254735779982
1308,57.35504674281016
1309,34.71385867793906
1310,47.722775836901654
1311,53.9120720660573
1312,70.12326658140037
1313,39.17048519301034
1314,29.891583433564772
1315,32.2182099833939
1316,26.067139277790762
1317,56.76272708298561
1318,30.890512625405
1319,38.22067903441424
1320,44.08086502910475
1321,33.87181527996507
1322,70.06316826643813
1323,70.00496422227859
1324,49.882616850958605
1325,62.198274612150826
1326,36.18121015235518
1327,26.734045962515165
1328,72.22513300360863
1329,39.191066230753954
1330,63.83979449337747
1331,47.9307004871796
1332,25.730054268239474
1333,35.367221825496536
1334,74.09881271460455
1335,74.12440887289324
1336,74.81493172520794
1337,30.121571800934714
1338,45.572260985792
1339,55.63057292942877
1340,28.818426160958943
1341,30.20331972344025
1342,32.42549188185503
1343,31.643364011336423
1344,30.50390793121424
1345,29.922067891791507
1346,52.38920362354274
1347,30.05246554840917
1348,73.30033607736365
1349,65.51504137216999
1350,37.656759940674114
1351,61.46935753614846
1352,28.339042132341955
1353,75.68611876859379
1354,66.59273825670968
1355,31.701456164366917
1356,49.22019054006582
1357,31.67551905821841
1358,29.23349364795298
1359,38.157990088094536
1360,52.5682214390777
1361,68.67349786640617
1362,40.09005932980549
1363,30.436530901920833
1364,26.690042947159018
1365,39.99995833484262
1366,33.42342178082103
1367,33.20716771653537
1368,63.04487023762261
1369,35.46245293623218
1370,36.44391527128155
1371,32.531014809154534
1372,26.83908286809015
1373,73.78832909878798
1374,27.681876417402492
1375,29.518743321998734
1376,73.96950030771282
1377,33.6397561971318
1378,59.93090856479792
1379,31.687832394931934
1380,32.414151265487966
1381,36.16337812198604
1382,32.99649006497517
1383,32.46544329395554
1384,67.32363689861808
1385,75.49487868401289
1386,73.90866621194974
1387,43.55096121770302
1388,28.990940342567093
1389,34.32707267602176
1390,73.09285667992285
1391,34.210969321791154
1392,69.44805878967023
1393,66.0426667981715
1394,38.52029838054506
1395,58.32352535776657
1396,34.12214799052693
1397,34.71107116370595
1398,60.47791728157052
1399,41.97457362782748
1400,29.215146047263676
1401,47.72565637206802
1402,25.588249264745052
1403,29.23770795293363
1404,65.24308287681094
1405,75.86980829529695
1406,35.45883457285097
1407,32.377954617605596
1408,56.14340517497566
1409,60.74380410708282
1410,32.40469042351073
1411,38.43732503848526
1412,70.58771640162627
1413,47.7595731676497
1414,60.41710166095299
1415,73.93945006959355
1416,72.99556045561594
1417,26.128078757756082
1418,63.32971348527917
1419,76.48692662604785
1420,62.944907524844815
1421,68.57141291124138
1422,74.18519953512657
1423,48.08029167529091
1424,35.954221361044766
1425,34.072789448210905
1426,37.04880102341881
1427,60.03328864268373
1428,65.81512742876819
1429,34.38252525440777
1430,76.6639502567116
1431,25.311557682886246
1432,22.52346580403966
1433,73.92154817737043
1434,57.511713481788924
1435,51.783221267080094
1436,29.044712522713272
1437,30.70267034287793
1438,84.0853627268572
1439,60.71098061002701
1440,63.36193621120701
1441,33.576156884819525
1442,40.67757422395892
1443,27.370526554402346
1444,37.67370079082341
1445,34.447890969930846
1446,39.90035295773223
1447,70.96728807292568
1448,60.70664332907374
1449,46.90956698607172
1450,51.64553944387593
1451,42.278324054955014
1452,31.881873071059232
1453,64.51617677121595
1454,44.09544426245894
1455,71.86888199655569
1456,68.55882874292361
1457,73.5727750217731
1458,42.11883670851199
1459,65.95963230159013
1460,33.74786881160789
1461,65.17564758137493
1462,69.39683024131568
1463,42.70325014786228
1464,49.957845622747506
1465,39.87881451225462
1466,46.526971216661586
1467,42.54312341614373
1468,41.91268176126968
1469,34.977113083115924
1470,38.33244845778924
1471,36.9647622397912
1472,29.0367072085713
1473,75.09855796102889
1474,48.14880344208051
1475,47.1869861962699
1476,40.66530894632366
1477,54.07482628350045
1478,66.51507959896226
1479,45.34028338288008
1480,43.44657266558246
1481,49.97680076442296
1482,28.624658180499083
1483,44.07469272022892
1484,35.77632532663684
1485,45.080278946534904
1486,62.06033296296302
1487,30.65448138842018
1488,27.03278800364008
1489,30.620344446121564
1490,32.7183891346276
1491,49.385319984599036
1492,50.48634926103261
1493,74.59484738158353
1494,53.72174876797188
1495,67.39622123719043
1496,66.6504324107496
1497,27.675879298288983
1498,64.6278873715096
1499,61.082797895570316
1500,72.30801500808761
1501,40.35018613736088
1502,64.68783629291474
1503,54.978412589008656
1504,68.36393085259706
1505,27.86580418925066
1506,71.32503910393453
1507,31.95200505857691
1508,43.371143895376804
1509,39.2610311412181
1510,51.17798426845003
1511,69.6173668266677
1512,56.438058716428614
1513,33.46682275747108
1514,33.17733917167214
1515,66.11038029701889
1516,71.58826445581376
1517,34.140142632237584
1518,74.13456166448375
1519,36.67281426991179
1520,38.8123668190632
1521,48.20205378774325
1522,51.66533190195401
1523,38.070567460510986
1524,33.95144609612506
1525,31.789237473240664
1526,44.3974337451027
1527,34.711514872413396
1528,29.76826011438012
1529,28.305458767794242
1530,69.68769460361271
1531,63.06873018430203
1532,66.92634550805332
1533,49.45192973683023
1534,58.772755949490374
1535,48.779730316247566
1536,58.695523001938525
1537,56.836523514660726
1538,32.20178781999611
1539,46.41943102655033
1540,66.46688475008611
1541,49.82318090416931
1542,87.24265105498213
1543,76.65108022113172
1544,53.35088021219013
1545,33.87938241235632
1546,46.186373514060165
1547,63.48082752436376
1548,68.08624286552204
1549,39.140224419490245
1550,32.8482850376204
1551,27.072710354581254
1552,53.25209037540401
1553,61.26047646890477
1554,68.55100795611864
1555,39.20726828990833
1556,34.55120202610148
1557,36.256237899785766
1558,73.9960674251557
1559,60.12949288024269
1560,67.64862712972337
1561,43.875439503504985
1562,67.77493148854347
1563,46.83903391368832
1564,63.93250885448627
1565,35.018857393576894
1566,30.21885597262696
1567,68.01273973560498
1568,41.121887827309806
1569,32.81814318284209
1570,27.678953795977648
1571,32.80755467070876
1572,51.2484201186727
1573,31.362875098733433
1574,75.09326625730625
1575,70.1126764108509
1576,65.20572589297018
1577,30.66063778085112
1578,72.60056817792335
1579,48.678298556814234
1580,66.7259498143361
1581,32.88035371557276
1582,51.36419907680439
1583,46.143382544751454
1584,52.66271985422905
1585,74.72301457659617
1586,33.410563490537484
1587,31.688668545932686
1588,30.9472791008766
1589,41.3455729873406
1590,71.31011707447507
1591,43.16117111238611
1592,28.98962206281104
1593,71.94304584238155
1594,70.49352792082574
1595,46.47102136315988
1596,35.85947164000771
1597,60.97003481061674
1598,48.94726613348119
1599,27.577661899317626
1600,33.739577998965636
1601,69.45168168107813
1602,25.869538662829196
1603,56.29065614185613
1604,47.17109936300258
1605,39.47679663467023
1606,56.32500696703035
1607,76.5339501124748
1608,38.981095630422644
1609,49.72442119473264
1610,67.60042764688694
1611,39.71027108644686
1612,52.471694840778916
1613,28.81517372325035
1614,42.70367011943806
1615,71.90592123874853
1616,42.13935558537767
1617,54.66527212702776
1618,51.275163505815314
1619,36.11368831893344
1620,28.054734870467435
1621,45.386844230817914
1622,60.25638208611888
1623,65.43180247168549
1624,75.1030101430427
1625,68.70716101180967
1626,38.79369967620951
1627,49.49275098028959
1628,29.662734787445146
1629,25.678650945838015
1630,47.559313743902706
1631,66.43303697015236
1632,73.70593074439921
1633,38.72688310481669
1634,40.88822003217109
1635,36.5622694540556
1636,44.62843863849656
1637,38.74172312438933
1638,39.3187190267926
1639,31.98428948696986
1640,42.04841511553359
1641,37.88719654150779
1642,46.76671285610056
1643,64.3688548181218
1644,42.128423198662894
1645,57.981596047606715
1646,62.59159008941043
1647,74.001577747104
1648,21.21627150292224
1649,63.564794022085046
1650,31.61165317301063
1651,48.13567979682822
1652,45.481760336333586
1653,71.89678368419264
1654,36.338124257150874
1655,50.226396550076956
1656,47.897454485040164
1657,61.651730954418724
1658,75.75174843025889
1659,57.820720576342964
1660,56.35855000848858
1661,28.639866375370065
1662,71.77219091330915
1663,29.639268206218198
1664,73.82228635086841
1665,28.287777163906203
1666,46.086238123571476
1667,54.496070154056255
1668,64.55520306728776
1669,36.22589321189569
1670,46.828344004538565
1671,51.81094075326089
1672,70.09668600105032
1673,38.11125932509585
1674,45.011461331825714
1675,62.82619933705269
1676,71.31321915912139
1677,68.16062508636507
1678,68.83652647937149
1679,38.1787587077153
1680,34.81716967702622
1681,62.202443893637565
1682,57.39505937837082
1683,72.35807340170948
1684,64.13003846926104
1685,39.54239652720997
1686,47.71271854801659
1687,23.898057942413683
1688,72.46968000494765
1689,61.41056718237389
1690,58.02544753958051
1691,68.65450755743237
1692,38.775002989121866
1693,42.93649670829262
1694,71.90959462941791
1695,32.851574171932796
1696,48.35829551874726
1697,34.265724089795626
1698,76.98859479617016
1699,67.74042941258136
1700,30.08717433255344
1701,53.94401638691039
1702,25.635903644239917
1703,29.480096165019997
1704,29.850159964817934
1705,40.03090759764444
1706,69.8172334617002
1707,58.726390613476276
1708,27.382263170691562
1709,60.29633146810325
1710,57.27006499700577
1711,67.90207202227322
1712,38.42272066851307
1713,32.351705792263175
1714,50.523959541341746
1715,39.17605990737698
1716,58.10226481563612
1717,36.63923994487545
1718,50.44295255607418
1719,35.73128337047986
1720,42.39799920950574
1721,26.077776124385487
1722,31.148328806613982
1723,52.95657055133714
1724,46.724374655867294
1725,71.75086807426322
1726,70.0414292818794
1727,36.97395548547598
1728,49.24307221581261
1729,69.20810820043637
1730,48.457077776276
1731,30.98468647329982
1732,42.95728930093345
1733,73.2519840565613
1734,41.224223857853715
1735,52.38898570611129
1736,31.742329430254316
1737,55.08214000896234
1738,29.32829231740326
1739,46.879388974727156
1740,36.059277450585206
1741,33.62762839812084
1742,33.57626513817483
1743,31.937175088220194
1744,81.94587645822693
1745,56.32057297654856
1746,47.85493748035558
1747,69.03689694288764
1748,73.33627819831122
1749,24.2703706872729
1750,43.4741974526476
1751,41.829466641271516
1752,35.648376964181395
1753,55.99434665090531
1754,75.75198140002172
1755,72.27629274047945
1756,59.49000597269166
1757,27.83225181537042
1758,32.016858009834934
1759,73.08283581579119
1760,33.86363997678475
1761,27.129996583022873
1762,61.92011206789745
1763,68.62618393585913
1764,46.62987892979657
1765,32.85457453893674
1766,71.87397836425932
1767,32.25680364119344
1768,73.54965391604935
1769,65.38474423947483
1770,68.76776035931772
1771,38.17457674721703
1772,69.8314211563391
1773,31.29530703837866
1774,28.36674669566857
1775,36.773745576243435
1776,31.798297475357824
1777,29.79069726548114
1778,38.759266351537605
1779,56.39796260207229
1780,34.7811392911921
1781,31.431425095549127
1782,68.75187517269593
1783,28.96637689149912
1784,71.11360205626059
1785,62.62460422886397
1786,32.91578235066449
1787,58.91606770848843
1788,69.73145929284286
1789,32.335942073771236
1790,43.364736108102065
1791,55.83709236309492
1792,38.51159503419505
1793,33.140531095479034
1794,67.47580181838691
1795,62.086155674318576
1796,70.53652616140437
1797,33.66989740037942
1798,68.06123262382089
1799,32.2376874909292
1800,29.689374368960387
1801,46.81240858183022
1802,54.37925079660349
1803,36.958654773314535
1804,34.37972536320666
1805,66.30207736072042
1806,30.929292457868463
1807,34.58838926814266
1808,50.971466079758294
1809,76.57744556049809
1810,48.76933747380382
1811,24.877820701051554
1812,48.11766318039565
1813,47.62410934949379
1814,41.46417261522902
1815,26.767056432821846
1816,56.32944165461432
1817,38.87371167827367
1818,34.44300389481944
1819,28.189195573103937
1820,65.74077734481429
1821,63.49975609243151
1822,75.13839782085364
1823,40.3406656445232
1824,40.99609161939386
1825,27.81528549671325
1826,29.527609066164757
1827,27.937705955820782
1828,45.48378745386066
1829,69.93592104735515
1830,26.48604571800642
1831,27.3587495875916
1832,39.68266396800763
1833,34.99702091107849
1834,67.60503604474506
1835,37.04971915411039
1836,35.60531826825348
1837,77.68098356530523
1838,61.74279117185584
1839,44.544618221881414
1840,30.50940279911751
1841,30.94762793764182
1842,41.50759940263649
1843,38.77419974938144
1844,52.97696038252611
1845,60.579857890010246
1846,32.15444900554815
1847,50.2489408730829
1848,60.8554154063586
1849,49.80257337925281
1850,38.75602959977557
1851,72.17205214994061
1852,71.85678364340936
1853,31.736389577216613
1854,59.90754322773947
1855,36.19446990338943
1856,65.11757355639001
1857,35.01957265091463
1858,34.32550978318842
1859,47.045413189863915
1860,33.43774141791173
1861,67.36286590361708
1862,43.74799381136987
1863,59.414495772563754
1864,49.58861055736777
1865,68.5210859651689
1866,65.85089211673784
1867,67.4650019151506
1868,67.11766896434176
1869,31.019299717221145
1870,64.08603820937151
1871,26.76095823324051
1872,37.091379604366836
1873,76.68245620124914
1874,30.792556906133104
1875,37.72630713105755
1876,51.31712948123029
1877,32.898250298400725
1878,36.10976132939976
1879,43.90161244933971
1880,70.3661165791496
1881,42.917446462536354
1882,29.539164850520105
1883,36.69212484174153
1884,63.50873856709714
1885,39.35043068784914
1886,52.664478846005046
1887,31.121947408941494
1888,32.39267027769598
1889,33.3483582991746
1890,61.237240124490015
1891,63.35217957632497
1892,75.03422500639208
1893,35.87918263000721
1894,55.16144935953205
1895,28.02333417520893
1896,67.08848768038234
1897,37.084687156836765
1898,31.17418575446249
1899,34.000268732766514
1900,35.20290491825073
1901,34.67011333169444
1902,36.73135642553373
1903,73.8213021872677
1904,22.029871274530446
1905,37.335538221254176
1906,43.34232454044471
1907,64.68869391661782
1908,49.22867549093569
1909,28.32347583212885
1910,70.62735626999275
1911,53.782246134979786
1912,42.44084265883648
1913,58.601084421927226
1914,35.1963904485483
1915,76.58363864397279
1916,59.31746758381784
1917,50.53801242227885
1918,36.44153989080996
1919,26.0985473679347
1920,66.07675269711797
1921,77.43797543456762
1922,62.81621798001092
1923,27.858609726173334
1924,42.312645460984534
1925,59.80771477822831
1926,72.66720421622279
1927,28.864596764667443
1928,54.06851109103158
1929,35.29136139482013
1930,42.065906709586145
1931,43.48675244752092
1932,39.40894834129009
1933,28.209606702987454
1934,29.593877548826267
1935,32.52174458715022
1936,76.41181326000043
1937,29.56166106618878
1938,55.41388111788372
1939,60.95920870629439
1940,78.57866474559683
1941,73.20354090672426
1942,35.20031364896267
1943,28.828024624255015
1944,35.00636370710204
1945,30.06778954919027
1946,33.97152711536193
1947,54.45270889161712
1948,52.96364893918458
1949,71.31433785864073
1950,29.328606317240666
1951,37.27058740880457
1952,23.325111134160366
1953,40.43856390742341
1954,71.71737484620515
1955,36.85029510957466
1956,33.548501840949925
1957,85.02992391813606
1958,31.401845483665536
1959,39.540614315659056
1960,30.642858798939976
1961,36.51312984721543
1962,63.70557462330595
1963,70.18013208874207
1964,26.709689423704777
1965,71.88751509075851
1966,29.294640164368634
1967,48.52324402263104
1968,36.00866864039448
1969,24.740929441426555
1970,38.480931745979824
1971,51.75022834532192
1972,58.23398898156476
1973,42.31688710013916
1974,57.4615353350226
1975,60.93442983164518
1976,34.67011663628743
1977,29.360015039348458
1978,57.60999242726432
1979,70.9234542412497
1980,50.43302393594759
1981,19.26443327793863
1982,68.60864616814366
1983,32.976985814262534
1984,34.12061695586673
1985,33.03244168313119
1986,45.66243300007338
1987,28.761973738180348
1988,29.917151787964517
1989,50.88399225283153
1990,38.99942123870231
1991,37.700996211441705
1992,30.55130299561106
1993,56.85669545479458
1994,48.157092583552
1995,41.76772762528874
1996,71.45595139360522
1997,68.84507665518669
1998,30.215441960848207
1999,46.50627998419918
2000,53.48352685177614
2001,34.71931969280302
2002,66.97950573135651
2003,60.15370988877142
2004,41.869112955634726
2005,44.89958878056528
2006,74.98551362453416
2007,41.048819136481626
2008,33.30489176857963
2009,50.73374604912905
2010,30.32001144139759
2011,40.73006564217428
2012,37.055488323050355
2013,71.88154302565866
2014,65.37823412456001
2015,69.47458979776792
2016,70.84931069857275
2017,32.12436499013042
2018,62.112835256782155
2019,51.26806092182265
2020,29.719954650735787
2021,72.25139257789829
2022,68.38991063815624
2023,52.368921609038004
2024,71.79521472311335
2025,74.22644892322843
2026,37.21762947593818
2027,28.02953321314292
2028,29.477643519101623
2029,24.992841107969156
2030,35.27174942226326
2031,41.37005038978857
2032,71.51603271223705
2033,46.99254494966125
2034,60.16533157645274
2035,35.51671432638226
2036,32.72839867640122
2037,61.82508868169837
2038,53.70847974264109
2039,68.92041494654721
2040,62.92141557562295
2041,38.77668309943528
2042,66.5885737722069
2043,72.42884610724548
2044,27.959053321583713
2045,39.99397397183856
2046,90.26570779132322
2047,34.59136546026282
2048,38.16087661349252
2049,70.88118997052553
2050,42.317646629201235
2051,43.358443798243535
2052,37.506421689246054
2053,39.55906668746971
2054,68.6542297338456
2055,46.821493229027
2056,66.45976724571186
2057,40.00938114102232
2058,26.224455227324903
2059,51.19078810907153
2060,60.46714295438653
2061,53.85018246248762
2062,68.37639978441581
2063,74.69069684373744
2064,68.33058484945047
2065,74.45247873970855
2066,64.5805132281728
2067,74.30458267838961
2068,30.67476413561091
2069,35.15506392575847
2070,70.81007765535941
2071,49.91314823269605
2072,64.0541792366744
2073,33.50502293651597
2074,72.65982719486554
2075,51.43880960863601
2076,31.17283085218153
2077,33.6942318198804
2078,78.15113000455499
2079,34.919103802423
2080,69.87626339236874
2081,41.111273787890724
2082,32.993218500990565
2083,33.6040918153285
2084,65.91692457127354
2085,43.647728572043256
2086,63.65628058437376
2087,27.712734510965905
2088,63.130386772961586
2089,55.64321125914653
2090,67.59558451162025
2091,33.16401775142784
2092,46.137602763873154
2093,30.129983956172047
2094,31.683073895592223
2095,32.37713647570657
2096,77.19094836945764
2097,29.384852050431924
2098,31.529784890673906
2099,31.350116491362833
2100,31.999227413817398
2101,50.25128176919123
2102,34.71949669468467
2103,36.3001074084265
2104,61.788460146686134
2105,40.783293954251306
2106,60.0843117375163
2107,42.61575127449438
2108,45.995657008919636
2109,62.395345504063
2110,38.14210998669225
2111,27.038281792761527
2112,30.462814556918257
2113,77.95990005971942
2114,52.83929512691614
2115,29.161724484295533
2116,46.94494528634473
2117,59.0320861321349
2118,66.81472617772575
2119,32.07177950675177
2120,45.60429419073974
2121,32.28517016545367
2122,34.5504412722174
2123,36.07536252802257
2124,62.848362297337005
2125,39.34841328146993
2126,33.09946799623145
2127,65.55482455766126
2128,36.19528123667822
2129,71.55154768822209
2130,61.72630045638038
2131,49.687027943610794
2132,33.9777761744899
2133,72.30837136192876
2134,27.552806465170768
2135,35.18988608249492
2136,44.78054270290535
2137,59.20509461085389
2138,60.48325366194416
2139,74.33366333647301
2140,32.044678675939636
2141,31.13523409262817
2142,30.17461473345193
2143,43.427683281736364
2144,63.33916186019895
2145,35.66255670893567
2146,71.75795933509872
2147,33.483746665925196
2148,62.80098666620172
2149,69.29438645268098
2150,50.26240886181045
2151,47.95379626915835
2152,60.7418257360961
2153,73.33271403872766
2154,78.27690058262503
2155,55.08446120080191
2156,50.639457452319604
2157,47.833027882625835
2158,72.65453151105815
2159,67.59903540437094
2160,33.231022871132275
2161,33.26960899078247
2162,34.761399635258435
2163,69.4778663174876
2164,34.96865897007905
2165,47.75332067109003
2166,34.478037718418946
2167,40.9462807426017
2168,53.19858765577572
2169,31.079501478342
2170,28.202015889911156
2171,72.34532931146734
2172,55.19484732318069
2173,34.34307013781353
2174,41.386522737130335
2175,43.885049294271504
2176,63.71791793574218
2177,50.222184502908185
2178,68.15523943094367
2179,29.24154286805286
2180,30.555395419332022
2181,48.32856362378156
2182,38.596117418604855
2183,40.43878773494936
2184,66.81839802201578
2185,40.255075418307136
2186,31.699755419093126
2187,62.33912378202644
2188,34.82932865340314
2189,29.551292859657703
2190,69.95791261529752
2191,55.8026428160219
2192,32.23035966784655
2193,66.58768294424928
2194,53.98503304559951
2195,48.97047987972137
2196,49.10799972337202
2197,38.95798124792451
2198,28.94996989168178
2199,72.42339007096558
2200,33.9601166892406
2201,31.67885365784863
2202,67.41736412204862
2203,75.28193060918119
2204,24.024887530034782
2205,45.860059495564705
2206,33.10120364187699
2207,26.706698710813573
2208,73.24071208593121
2209,31.99733527771554
2210,71.70226200103076
2211,72.11953828201122
2212,36.936572732376625
2213,29.95096682601352
2214,45.005587141777426
2215,36.523965213044235
2216,32.743966917518215
2217,52.90518119214633
2218,69.48280442266068
2219,34.10983024960704
2220,76.39492038302227
2221,32.512109156251455
2222,30.117270094913515
2223,23.350979309851784
2224,69.15747873145924
2225,35.37282439644517
2226,26.83775463505783
2227,43.85633257600495
2228,32.92139153763499
2229,17.23778336068302
2230,64.62385853054147
2231,64.62402105036753
2232,72.01065509101451
2233,29.636510136605906
2234,54.6002530416228
2235,44.740063661706394
2236,53.62022611117512
2237,54.96529147412846
2238,34.87489800690942
2239,38.43815976968159
2240,49.496191653707726
2241,65.6704402157392
2242,29.689701460424025
2243,54.56564967597269
2244,65.40667871446396
2245,68.07904403735708
2246,55.126969049719754
2247,40.20524997949796
2248,26.558236763160092
2249,68.17799115315293
2250,30.350343671649195
2251,29.571143792025556
2252,35.29665264411449
2253,31.040460154556015
2254,62.97445112724072
2255,69.2255530621884
2256,30.920375378207968
2257,33.89343621799344
2258,35.92208563084108
2259,60.65289157734467
2260,51.91640256961307
2261,56.93117903452995
2262,67.10449145324016
2263,54.978789277084246
2264,34.01664780880212
2265,71.56788740648872
2266,69.18383954954064
2267,28.587001420519584
2268,29.27004656034612
2269,34.28042564757385
2270,36.44623812421164
2271,68.98984124507291
2272,41.744695846246756
2273,28.833492201811374
2274,33.453275524029266
2275,35.731925342291596
2276,54.396324034980594
2277,34.880111741415675
2278,37.07815953684755
2279,57.893727527368
2280,66.38173045165539
2281,41.646298823470346
2282,67.77341749995037
2283,33.06063085747227
2284,35.43537426593182
2285,41.16661131658705
2286,49.40038279759962
2287,30.897441475277198
2288,78.85439470409163
2289,64.30624023720655
2290,30.46524938637905
2291,72.75602830349683
2292,35.85402514039974
2293,40.79341492029792
2294,65.45654971871345
2295,35.463466504251244
2296,34.08620230381062
2297,28.69411202914082
2298,34.12332920062944
2299,32.93403461043256
2300,64.44301231160824
2301,69.0964823863132
2302,70.43525421372681
2303,50.54188091075651
2304,34.85157256432602
2305,48.260473659873966
2306,37.03553911713066
2307,28.41319468454836
2308,28.011073703612038
2309,28.333646671405955
2310,34.813166138887865
2311,60.20920385452046
2312,57.215849077908416
2313,34.83752066771052
2314,45.345529286924986
2315,68.5477503631794
2316,43.78708592992906
2317,31.875007835066263
2318,69.14497235652516
2319,66.55433042648255
2320,47.58159568383919
2321,34.76899162173531
2322,36.89216895456736
2323,59.45257218873094
2324,55.24591702159782
2325,47.37739252648045
2326,32.51328621734534
2327,27.117048994363497
2328,69.5817724450838
2329,66.8249535320867
2330,60.71163642870118
2331,32.98814071795188
2332,36.9077723981471
2333,75.27103791249621
2334,38.0696737415072
2335,28.086321157767586
2336,44.09611787380258
2337,28.761851342436138
2338,29.381038083958853
2339,69.89532677710741
2340,33.66794417567233
2341,35.51183836094806
2342,72.60050484409061
2343,60.8188005274397
2344,62.87716477443219
2345,53.29284271130763
2346,50.65046992002545
2347,28.122168103056083
2348,30.15290665319587
2349,65.00680854911232
2350,31.149057565819678
2351,73.11239499940892
2352,32.52892966022293
2353,30.787238854773992
2354,39.048969399360885
2355,70.24757033437957
2356,56.90172882394873
2357,36.70944481310818
2358,70.53067403177951
2359,29.50578608769633
2360,28.750813747882614
2361,31.847037849769997
2362,56.96597847333366
2363,26.869829730817212
2364,30.92897411914065
2365,25.567625847926372
2366,60.96494774582533
2367,53.854678938003985
2368,78.99345043661307
2369,35.60771772096903
2370,66.49944068650305
2371,42.86620184725835
2372,30.562303395797127
2373,77.55535189460944
2374,66.95425585811152
2375,51.0650132793711
2376,27.118955740032433
2377,31.50298709261329
2378,50.56133436727234
2379,74.16620933633425
2380,67.78848965970124
2381,23.139399870417673
2382,31.688251465471122
2383,37.384396435734786
2384,41.663367170969856
2385,62.98814139336979
2386,73.61185137469924
2387,32.55755991812363
2388,37.50540703136988
2389,44.37216399333721
2390,39.76572922946174
2391,58.90148559081096
2392,73.83997131039658
2393,42.84232777044132
2394,62.165931416233285
2395,52.880049739676565
2396,41.733532002042104
2397,28.7639569754664
2398,31.28336417944634
2399,51.44659141710749
2400,26.3018229295437
2401,33.20303236236726
2402,66.62457655347464
2403,62.77040311523411
2404,48.24215497022385
2405,65.09755258049019
2406,32.98505932991442
2407,68.28151496091365
2408,60.61107423126231
2409,41.94028208139122
2410,69.16430337318175
2411,56.63718456584037
2412,29.29446999247395
2413,30.568990818089812
2414,35.90232887822452
2415,33.55056701403775
2416,42.14507613576994
2417,27.574290076686395
2418,69.13420373075914
2419,50.3018735402506
2420,50.30338044848053
2421,74.44282775518107
2422,30.274961421540148
2423,67.65432196416691
2424,69.2787679096877
2425,69.65761870986672
2426,51.83817681529862
2427,38.48981159668284
2428,61.23872984597894
2429,43.51571407133339
2430,51.69496269761472
2431,94.29691178649594
2432,89.88451231523666
2433,33.93705429524436
2434,37.936461042969796
2435,49.05794205193467
2436,57.31226529893043
2437,24.530676572057775
2438,72.5588111909091
2439,55.9529636736188
2440,24.574907315310746
2441,61.803690143735395
2442,33.662618332552036
2443,35.1160110202499
2444,40.11300078925066
2445,32.59868919072329
2446,74.81058400689827
2447,69.54903766478968
2448,37.48423918650367
2449,57.69064290810067
2450,27.819855528520005
2451,36.39995869168982
2452,67.72338013203773
2453,25.85540107522705
2454,40.071375271696006
2455,29.202907885245573
2456,50.05900318056669
2457,36.74585386377514
2458,53.32137144520905
2459,36.00034098942897
2460,41.440107629542055
2461,71.65894510992388
2462,53.878285735254174
2463,52.53381058495057
2464,48.864648952487386
2465,30.61190990143248
2466,72.5486277218083
2467,33.02039475700346
2468,62.27326541306442
2469,68.41855265250393
2470,79.44270121231892
2471,61.21486627780931
2472,28.722789273578766
2473,26.36347226703173
2474,29.638031022423327
2475,59.234880106110744
2476,30.72463669900927
2477,68.98737929840101
2478,65.24363433231848
2479,28.1092242197713
2480,20.546624401219045
2481,67.39841127802477
2482,28.31240639318997
2483,29.127283948577347
2484,31.629969416418987
2485,29.012201561139406
2486,66.09348467338114
2487,41.76064837777875
2488,64.79212661834092
2489,34.10787346747786
2490,30.640694878104707
2491,52.529189891638154
2492,40.452757085499904
2493,73.38098927013726
2494,50.97769215520364
2495,56.585620683152705
2496,46.48776704224287
2497,71.54127446753714
2498,47.67996104356511
2499,30.987066328594942
2500,41.28717694982895
2501,37.74841510262117
2502,33.561549342117395
2503,30.068250594572078
2504,62.34649996676597
2505,76.76873582327977
2506,71.04734867396357
2507,27.567299999815113
2508,41.57640221680541
2509,58.98797761181622
2510,71.34388437264202
2511,23.789024322843776
2512,51.51550903611583
2513,30.69097421642211
2514,30.073641262252327
2515,29.835197835177016
2516,74.17513914940753
2517,55.974979981039255
2518,71.44355519502253
2519,57.1809034457111
2520,38.69567584281439
2521,37.48311526890592
2522,35.15185102474145
2523,32.00039436996957
2524,75.7047224025857
2525,34.3803431899956
2526,27.214544789158158
2527,28.614132284090545
2528,70.82280284541822
2529,40.54366380791276
2530,70.04619615114183
2531,64.89049318976964
2532,38.580915940720004
2533,69.73786027394563
2534,29.583009176951528
2535,38.75949749814315
2536,31.13798142701476
2537,28.953541996941546
2538,31.98134273944095
2539,30.31406436742399
2540,32.36605914153861
2541,49.06937799659416
2542,26.176609096923073
2543,23.52877539969783
2544,33.252759163133376
2545,69.95464357820664
2546,23.9463024838139
2547,77.51418202313329
2548,56.41807162792669
2549,32.14282865453845
2550,42.969370677285
2551,36.921435069225325
2552,37.891370523924444
2553,37.160012286664994
2554,37.29330867376795
2555,83.13281736470451
2556,41.05033484726047
2557,71.17465434804274
2558,67.33362493510707
2559,55.872838726176624
2560,71.30771429514638
2561,39.67976611623737
2562,59.56394899993089
2563,71.30159042795685
2564,22.410615557734598
2565,64.41000165060153
2566,40.117150337859584
2567,33.39953739211559
2568,31.27659687075909
2569,31.838272632877935
2570,29.361300653366637
2571,32.41730204925698
2572,66.54292771174669
2573,61.027239746291805
2574,66.82196996063351
2575,53.990045282806165
2576,30.954425341004203
2577,66.4608567403905
2578,63.25938444729364
2579,27.77214327584748
2580,30.307540176764746
2581,34.131552561697156
2582,25.46017253003203
2583,55.40461344688856
2584,73.37948636901066
2585,48.37578459450386
2586,66.07980712371203
2587,82.4623799428632
2588,66.98888952741056
2589,54.41783614580852
2590,25.76239829660039
2591,65.47060358728271
2592,28.028022227409082
2593,71.76302506251312
2594,65.65787828260454
2595,61.22671798038561
2596,58.28082108944143
2597,57.96007084040721
2598,43.859482941841804
2599,29.400622554120485
2600,45.49354347347341
2601,31.396618566067936
2602,24.778619752941182
2603,62.65982393840491
2604,36.628407646984385
2605,31.19600594994362
2606,54.82754602901212
2607,66.81813462683859
2608,51.59073327951359
2609,67.81303022733167
2610,38.47347140878396
2611,57.298952095085184
2612,71.20065089355255
2613,36.79418722684437
2614,48.07255529222104
2615,27.751591945247778
2616,27.70325714045486
2617,13.929040267505293
2618,68.47927168299424
2619,54.34297151691118
2620,58.89762203053871
2621,71.31024125087666
2622,57.49480981763284
2623,68.73489016661237
2624,45.19868106181601
2625,33.371551300530484
2626,32.57283189465651
2627,31.444163673744054
2628,68.70449449737123
2629,35.07841068077272
2630,36.61560074347299
2631,33.81043045302488
2632,67.84116342130712
2633,32.09905104260197
2634,55.95893064387733
2635,69.56949363484898
2636,59.300047544791155
2637,60.875423048666576
2638,31.479800215366026
2639,34.19167297456393
2640,60.76508420779233
2641,29.144333579021755
2642,35.506476009676305
2643,46.92274089518743
2644,72.75943121184076
2645,30.667551544177023
2646,63.54148373610993
2647,44.89476574636983
2648,59.46268473122977
2649,35.16497732137177
2650,64.06805781001432
2651,33.4274474745694
2652,29.99735125244072
2653,28.079137444626763
2654,28.655993483542805
2655,63.43899698090826
2656,70.74719219005323
2657,62.017736257536114
2658,63.054286918266186
2659,32.53242514558194
2660,28.953650891256274
2661,18.44823915112357
2662,54.64895904197451
2663,69.6541372031607
2664,78.14442636187809
2665,49.77371237927313
2666,68.96134480721614
2667,34.79889752358975
2668,38.652720327549645
2669,41.24018017797897
2670,33.39778100411972
2671,54.926134709163904
2672,58.67698184919102
2673,30.800745814234364
2674,72.79797007804306
2675,48.928631109652876
2676,43.56807845435459
2677,75.41137801802788
2678,38.33478783050864
2679,63.76670713972481
2680,27.002300928006495
2681,50.07740422732398
2682,35.99892716280524
2683,31.68488368903988
2684,62.911744773075206
2685,75.7615996568376
2686,34.81554705544863
2687,45.33929237902854
2688,35.67127465066331
2689,66.59392687857374
2690,64.2243037008456
2691,37.10153305945258
2692,35.20553247134117
2693,38.5326722232921
2694,54.13470173079327
2695,28.21913601974981
2696,64.95928713908
2697,46.09288310297767
2698,67.27164970031595
2699,39.31409027337636
2700,32.76418268605909
2701,31.05050186364231
2702,44.69868197291402
2703,52.844123479941246
2704,81.1463136615266
2705,94.41891783476032
2706,53.55198759392908
2707,68.03984042920177
2708,34.363112184221684
2709,32.87836333265705
2710,66.63397939313245
2711,34.45764050799744
2712,40.05255607809836
2713,49.32296350908675
2714,72.7284438960151
2715,67.73379842594713
2716,67.48945211595806
2717,22.948749543554044
2718,47.3845802242577
2719,22.792809418213693
2720,32.345341495001435
2721,31.275027535545636
2722,66.45703589089086
2723,28.240596142332333
2724,73.73113392936774
2725,36.550223577859946
2726,69.788508381573
2727,20.365208239362314
2728,49.06879226317736
2729,47.45604313133908
2730,33.191510673825434
2731,35.3574156770812
2732,47.12728141377626
2733,38.15277248942142
2734,31.163198138707124
2735,72.36071636808335
2736,69.754143449011
2737,41.24752580711222
2738,24.08860722188925
2739,71.59315728242532
2740,66.19658909885018
2741,28.745563175112657
2742,46.45225304117089
2743,41.3213486681904
2744,50.575890080013366
2745,47.22076899000371
2746,45.488347140913426
2747,73.75776382419798
2748,56.610299848354956
2749,42.58556864233501
2750,44.9032939268664
2751,70.90105759798088
2752,54.21811206896004
2753,43.929572198067085
2754,38.88613012989364
2755,60.85930236427922
2756,27.312708582687723
2757,67.51909442780243
2758,69.22007268012464
2759,37.43487344560213
2760,39.17652521371747
2761,33.741795342398184
2762,41.38786174066698
2763,26.251621935504478
2764,60.387727729178366
2765,65.84410142247073
2766,73.83255360446115
2767,80.89720457354272
2768,63.220777326449294
2769,34.52219269268383
2770,27.164903657716064
2771,28.833475630859652
2772,50.81417081454465
2773,70.92830981835908
2774,39.173865801913436
2775,37.03359859181485
2776,66.15584177362497
2777,37.75963821055589
2778,35.73670961212939
2779,66.3038351786531
2780,33.93686013967023
2781,71.88002707743644
2782,38.76847590768041
2783,72.50832496872893
2784,66.77960164045612
2785,37.35397774159553
2786,71.79015530155002
2787,69.26097022246515
2788,34.71956904155769
2789,74.48854242845125
2790,70.57856203476948
2791,47.37163109666974
2792,37.931551600311394
2793,44.309213721730266
2794,63.73311289475599
2795,38.77658119159339
2796,41.259850516695835
2797,28.751132882033826
2798,28.078982351963937
2799,70.53920934617216
2800,42.758307585617885
2801,50.73694165539838
2802,50.02329182661032
2803,69.54656714845092
2804,41.535203184400295
2805,31.687984106897055
2806,83.58244318150295
2807,38.35950074639604
2808,42.24565754016237
2809,56.559568990224875
2810,34.01262468725383
2811,68.80652543071733
2812,34.892435019784315
2813,70.27454866231625
2814,51.26190737067354
2815,30.775054305494944
2816,63.661693844065574
2817,41.303366896542464
2818,36.03316429462847
2819,28.285723823356072
2820,64.78131621798215
2821,65.26553906387005
2822,29.595790278032464
2823,40.20991823509135
2824,29.07895177617716
2825,31.383924082824123
2826,75.12375983283854
2827,47.16942153161625
2828,38.18416382876042
2829,67.04516090372275
2830,32.08006026031664
2831,68.13941384512935
2832,68.01696033687553
2833,42.18862767152282
2834,73.7083163554781
2835,34.38099321473284
2836,29.470330217774084
2837,69.77509092953999
2838,55.137993913443815
2839,76.3060674144273
2840,63.352236468430284
2841,25.63368773718257
2842,62.7528269258941
2843,70.89055005322776
2844,32.75110883489889
2845,41.444157862006364
2846,49.23946043470804
2847,69.46353282567854
2848,45.492141867881074
2849,61.14115434800176
2850,47.621928561995105
2851,65.6646400189556
2852,58.156991126439934
2853,42.32751201101201
2854,28.055498537238726
2855,52.10905515585759
2856,66.66168589232205
2857,62.50381442020975
2858,62.39806445317654
2859,36.45861076510182
2860,38.89545210494966
2861,36.148410731963125
2862,30.263239715782827
2863,62.63800560649996
2864,36.0131231904234
2865,26.109827567353385
2866,60.980798793421215
2867,28.31008632191035
2868,54.03238746105346
2869,33.57819653266351
2870,26.820632733746557
2871,33.379648179839876
2872,74.30791298125322
2873,22.421383738025963
2874,71.41901089322891
2875,37.39467109736269
2876,36.8323691860224
2877,36.708974763233215
2878,60.99949209644835
2879,60.96228267441372
2880,46.43668737077968
2881,61.3205582398284
2882,75.9286228988637
2883,43.96025147465898
2884,74.67479139577722
2885,49.523286923721145
2886,30.683633216522278
2887,33.96349984576716
2888,61.66291283795349
2889,29.900123363266978
2890,36.20141726402381
2891,48.15305926737292
2892,33.88135945131661
2893,76.41056456603532
2894,33.135621155875555
2895,48.575632440945455
2896,34.65405898646402
2897,28.056718160893695
2898,64.79599454204379
2899,41.541587437238015
2900,36.67450998472529
2901,32.57325122114564
2902,30.411968921566313
2903,76.91696253010507
2904,32.37040186513002
2905,55.93831186627377
2906,44.04189516593183
2907,38.45906487357953
2908,57.046053239122564
2909,69.52684143913292
2910,40.669439793185916
2911,62.90179457161467
2912,68.1267484326994
2913,42.42002259486983
2914,41.4039297093706
2915,67.65094057566122
2916,48.368360462537666
2917,27.580369578906957
2918,28.432409526171877
2919,38.316155000772554
2920,28.273188155060353
2921,24.395194745436736
2922,19.05260227338814
2923,59.93433526950164
2924,33.01190838198842
2925,37.70134224286615
2926,26.02398114709763
2927,68.00813785989365
2928,38.01083218534757
2929,33.9237277045179
2930,44.032307685986815
2931,35.727650824611345
2932,30.01484338801809
2933,40.690716169814124
2934,39.96219348027981
2935,47.50251544297139
2936,76.20549563987927
2937,26.923854926607344
2938,65.13435269802434
2939,33.180407319925614
2940,32.29221418207162
2941,29.458923632229233
2942,58.84412126672864
2943,37.798053383853556
2944,73.9666098453742
2945,68.44515598359705
2946,48.46339859343921
2947,28.72216521655037
2948,24.838792953875377
2949,58.69373485791532
2950,34.171035755882215
2951,37.20555038848127
2952,67.32357698893045
2953,30.553004014181695
2954,43.51023784942312
2955,34.93763667383632
2956,52.33266172816471
2957,67.73286942811066
2958,27.363649936808116
2959,26.467059328726357
2960,38.688003180986755
2961,48.39139533774768
2962,74.5960990453591
2963,36.835111241606135
2964,33.40643164027769
2965,68.192962075904
2966,87.81316095327907
2967,31.196068971422864
2968,47.46243874182361
2969,34.451157985485175
2970,30.9470783345521
2971,32.12001208709252
2972,40.639947886285654
2973,33.61204221453745
2974,31.103315452920494
2975,34.81997346109135
2976,35.124945076819216
2977,41.64297003055944
2978,29.16025608431244
2979,31.771649406736895
2980,65.6605164047038
2981,69.33196072772552
2982,71.75580147042187
2983,63.09320357545843
2984,36.77087553558038
2985,43.316503670828254
2986,51.140314944692555
2987,30.782820861444687
2988,71.48254125086046
2989,71.6376629391459
2990,69.68554336004578
2991,28.24989916842335
2992,70.23580832715338
2993,45.94415996131854
2994,69.4360187160877
2995,32.39536812881755
2996,50.025963948370816
2997,35.95498329042658
2998,72.15577857825792
2999,37.85322608835492
3000,76.89851671371918
3001,79.31214997617074
3002,47.40821207445626
3003,31.372246407136306
3004,39.58146448156943
3005,32.43405732412233
3006,27.932627300000675
3007,74.97009500704084
3008,34.06681417947349
3009,33.67731900077936
3010,38.12150878451946
3011,76.78074944269949
3012,71.78512269923861
3013,61.474710500406474
3014,37.491309743965516
3015,67.78178947850733
3016,71.11550367683046
3017,68.98064944951082
3018,34.959934123587395
3019,33.24556148203704
3020,36.10508453205739
3021,33.62539473372361
3022,57.71535375676461
3023,45.088404044369575
3024,70.00453477129889
3025,64.58636267562228
3026,52.97450659309055
3027,29.962913663196943
3028,42.444504580907434
3029,48.6881407963485
3030,75.87978967147018
3031,31.238793923299955
3032,43.52986171503327
3033,27.80190541747624
3034,57.301484793150095
3035,67.21422296808932
3036,69.46637980640413
3037,32.71815003881439
3038,69.70672956618577
3039,27.556761995490497
3040,67.69890463154692
3041,72.17842109804751
3042,33.46274711949896
3043,32.893503534480004
3044,41.4274478552947
3045,64.39932778087005
3046,41.620279515869726
3047,43.45623012427498
3048,32.50229349358236
3049,31.156001385135653
3050,24.661068849330917
3051,36.02717361312935
3052,70.94428341091466
3053,45.599257503698254
3054,61.08669397550665
3055,72.44403079626447
3056,36.95497707797128
3057,31.713145413324675
3058,36.938542060575415
3059,86.84999374058907
3060,50.59920275840632
3061,70.3826836664892
3062,36.43007141678945
3063,29.263962751582298
3064,30.60230960737608
3065,77.07540650262163
3066,32.25525860718585
3067,65.15651473483273
3068,29.1966619572052
3069,34.882556547463494
3070,27.660939119828498
3071,33.495872239762434
3072,62.33315527704277
3073,30.454371178508673
3074,57.70864094067791
3075,32.273774570573245
3076,47.18790320338321
3077,46.158401989171985
3078,55.09593240265764
3079,69.67728026280062
3080,28.214523208716955
3081,29.97729682070192
3082,72.06253178853987
3083,60.263750772032154
3084,61.98199247154028
3085,34.78807894918317
3086,30.55629696411055
3087,26.609798925124437
3088,40.38924367735948
3089,41.28869990118692
3090,59.0140131780161
3091,59.2852916404957
3092,34.72012073538664
3093,68.927848069597
3094,32.11517371756415
3095,58.90778428942352
3096,72.90413291469396
3097,35.16766212205642
3098,35.2375308981117
3099,56.70542501550206
3100,37.059879054274376
3101,69.107441780261
3102,33.68439555910413
3103,66.80052404537781
3104,41.745103246280905
3105,36.618977569488514
3106,67.44465014495573
3107,47.4087518812366
3108,85.93709194227421
3109,69.82389032600935
3110,66.15171197935427
3111,69.32478387618761
3112,45.51871278891753
3113,36.88351073422175
3114,37.877647549325346
3115,23.623256492971624
3116,47.27169220701466
3117,36.474077674326644
3118,42.44706261020805
3119,61.551256289145954
3120,55.01085000782693
3121,46.80779745160086
3122,46.4298853580664
3123,33.60203113410623
3124,55.623406107981246
3125,45.082623146523154
3126,31.40616670352222
3127,33.8425052541968
3128,36.434820866886845
3129,29.84167974378342
3130,25.894261205758934
3131,48.41269227693492
3132,18.756414023164268
3133,75.00233384931936
3134,72.06996981650975
3135,48.367344899227945
3136,75.41340306183747
3137,34.81296610706282
3138,30.920080132353828
3139,35.14465728941029
3140,22.734245268294593
3141,65.738101750623
3142,54.381314656156675
3143,46.723929258145255
3144,52.1330407790779
3145,25.75261001478195
3146,31.395429775279204
3147,45.56083238460881
3148,26.34168865448916
3149,41.49235116171448
3150,0.0
3151,33.734686062345446
3152,32.18511330631658
3153,34.2424365644557
3154,36.24925091902078
3155,61.19550106426986
3156,28.376737669006786
3157,27.162311172885317
3158,33.20405922508868
3159,40.44186957706156
3160,71.57721706703589
3161,33.01989256491008
3162,62.39900370078075
3163,56.59366387354334
3164,21.165768073146637
3165,54.265057804782906
3166,72.08054722477206
3167,41.663862186688135
3168,40.159510335549115
3169,27.741176586557465
3170,45.174520551961
3171,35.28541753644472
3172,51.90002143004754
3173,32.82336380268299
3174,28.17392324993662
3175,54.86111918721328
3176,27.503994476219486
3177,71.17202584597305
3178,41.57185202547494
3179,57.72480379018172
3180,30.521124270689196
3181,76.39132361236416
3182,28.991067250937878
3183,36.40165872169423
3184,27.682157048438057
3185,31.28550051708365
3186,29.39870698737737
3187,71.15917556168613
3188,33.20830924756574
3189,41.222460437308555
3190,65.45504879824651
3191,66.45508492825687
3192,44.95713161813551
3193,79.2228644516018
3194,74.50354699714151
3195,30.724785071026314
3196,28.837453565309488
3197,59.84144884721008
3198,72.83142767984924
3199,77.68310143523773
3200,39.38342629942832
3201,22.336029033729524
3202,25.326650235169172
3203,53.813773486552506
3204,64.72517065915314
3205,58.236212439975326
3206,38.11953333945801
3207,22.862828163043677
3208,31.526924639052755
3209,66.11159220823022
3210,50.94305962394302
3211,36.12737496101578
3212,64.3662884113514
3213,69.47094953985466
3214,24.890620335752345
3215,30.622643317485906
3216,31.613365136593934
3217,43.13049602019745
3218,34.587894402707526
3219,64.29402108354013
3220,73.09503605969459
3221,66.93822219403033
3222,34.48289860290926
3223,40.9504016270534
3224,34.30389282281833
3225,31.978642522940216
3226,30.88523532494533
3227,61.42374467291187
3228,71.4479408614157
3229,39.70733884662158
3230,32.58796060722772
3231,30.030265341420076
3232,31.892728199971245
3233,66.15360166149779
3234,35.3623507487095
3235,43.21257917539671
3236,46.95634975999184
3237,63.29181510657749
3238,59.047173284818854
3239,27.459680974350988
3240,29.509501166090345
3241,26.484132356335095
3242,65.75841806939994
3243,31.453241633537132
3244,28.701706558511145
3245,34.350785817195465
3246,73.4140633355204
3247,53.928732210259405
3248,57.67371197262436
3249,62.25202186281676
3250,62.147500782179094
3251,64.29740352769765
3252,31.246972358970687
3253,88.99524145323824
3254,69.08894778435322
3255,47.04848894837218
3256,74.46504885231589
3257,35.69203378114998
3258,28.438218539440186
3259,40.73998697648336
3260,58.248859540008475
3261,34.66045024218276
3262,57.27993538646973
3263,32.02011243644475
3264,28.48881713596694
3265,35.786495304451236
3266,35.1607854987933
3267,57.24463835038293
3268,66.87559518808088
3269,75.86592054336377
3270,65.86560937825189
3271,35.672329254455136
3272,70.2928751063405
3273,31.959289861568784
3274,29.824581253919423
3275,31.068335839919385
3276,56.90085918538521
3277,77.34458109763176
3278,36.932501803304554
3279,26.191127488423707
3280,71.47618107237037
3281,71.06617847336462
3282,64.16639627910904
3283,27.096883766169334
3284,28.868077735116294
3285,53.65963946231888
3286,35.35277572846782
3287,31.892012753131606
3288,32.89899394810397
3289,54.83308259167577
3290,67.53079534257415
3291,67.42392207805943
3292,30.649912374283005
3293,69.75845387824084
3294,53.30951611579742
3295,29.365108433954884
3296,37.160595242152986
3297,62.22664235885687
3298,68.02171656260202
3299,63.42651699879207
3300,69.15765970257598
3301,75.10057865773575
3302,80.652440405254
3303,28.837570588166695
3304,29.84193902852157
3305,72.17770930703685
3306,59.65499329255668
3307,44.7350426076794
3308,23.902993974762335
3309,30.923893412375158
3310,27.656719852588
3311,61.485012725809945
3312,31.654709134774233
3313,51.23236838530193
3314,33.48877307206372
3315,50.11297785008868
3316,66.07689482657025
3317,61.664080985593806
3318,28.473774245602648
3319,30.102326252360616
3320,41.65330676430004
3321,28.88627404134963
3322,67.82324331128113
3323,29.734688230367816
3324,60.49123784718472
3325,32.072237035679876
3326,48.157448882344
3327,28.19822232063072
3328,70.0840370565623
3329,67.86248772129261
3330,73.8935202749761
3331,33.782060720039794
3332,51.75756919554289
3333,68.56006727532606
3334,65.47816089139633
3335,34.04774511636095
3336,42.04756742597011
3337,69.65257486596414
3338,62.379060165518396
3339,30.622302958659702
3340,42.359924247834
3341,37.633227950854746
3342,86.05763481078135
3343,66.97692316543993
3344,71.10270169000059
3345,67.82857637592254
3346,60.33209651647732
3347,32.2800412772756
3348,30.99498098643357
3349,25.154291707350133
3350,64.65415537640487
3351,51.69279272307157
3352,66.58286947326184
3353,29.84482312155557
3354,31.53084464841077
3355,29.293403661173603
3356,68.3045324596621
3357,56.98098309117105
3358,53.994199452450545
3359,39.427747442370276
3360,41.33807542925504
3361,55.44785333916387
3362,60.41848577679458
3363,77.14169445792682
3364,39.152414343512994
3365,46.338994142896
3366,29.10628291673013
3367,52.513091298427916
3368,36.90350556231084
3369,49.48726088208863
3370,35.56324697244704
3371,30.14101683131505
3372,37.15375045198602
3373,65.36998994514015
3374,22.381846026849125
3375,52.28037704105258
3376,44.63378695835396
3377,75.58336952262954
3378,55.65478231153639
3379,28.249389570065205
3380,32.26446883557795
3381,34.77035111022444
3382,64.87322932056148
3383,27.917662038239808
3384,28.374579460227793
3385,29.297118335122633
3386,29.417214249627193
3387,69.50681041916133
3388,60.7679840208409
3389,31.027231661450944
3390,39.861684296765674
3391,35.66658435580426
3392,27.577796616659054
3393,81.66130171883817
3394,75.46872259404319
3395,64.0420604608577
3396,35.34239912942107
3397,33.59831981869835
3398,32.465069484291426
3399,60.75267969380583
3400,29.07684437962729
3401,40.18898297539097
3402,55.16748041622749
3403,40.58273203547986
3404,61.31179485866775
3405,76.05935792281547
3406,40.62224913823334
3407,31.131713688248063
3408,29.485438380304046
3409,68.8316542626342
3410,59.29793348462515
3411,58.45086751189979
3412,46.22426168272826
3413,37.49775182788319
3414,43.51169076691019
3415,34.33814499731734
3416,76.33872207233216
3417,70.14828889624002
3418,31.977122961925776
3419,28.74290917105587
3420,65.86081092536195
3421,33.65795628659746
3422,55.22360832069022
3423,43.47089722222337
3424,50.2362481823012
3425,33.60142519170104
3426,63.81054190936987
3427,29.08850151955766
3428,36.56628977706729
3429,49.865029245458864
3430,28.570090012313514
3431,66.91984830677637
3432,49.65833832744713
3433,55.35288234651057
3434,34.96557151776848
3435,70.97913878660596
3436,44.5387440623377
3437,50.85478629715955
3438,19.69476965022954
3439,69.96889270278264
3440,36.436832496450606
3441,44.11064996350828
3442,31.383564635793064
3443,30.22640029396343
3444,74.08913504330317
3445,35.8523510468741
3446,24.639905683496735
3447,47.726845012762446
3448,55.85879660659915
3449,42.972543610622594
3450,26.997170382020055
3451,35.09244013708338
3452,51.46442027965663
3453,48.161424923765104
3454,73.65668240847894
3455,32.360508287759274
3456,40.93906885246113
3457,68.39192537081121
3458,58.48252814980113
3459,37.635749375749036
3460,29.88200215692196
3461,36.282724697718145
3462,63.65346435761682
3463,69.4781953272936
3464,33.29581325629964
3465,29.671449557947277
3466,90.40842034008668
3467,58.60547841416262
3468,36.82524426471418
3469,31.087447253884967
3470,30.697688569185367
3471,41.57654613740744
3472,56.83866921772953
3473,64.25812470284583
3474,67.78515143952735
3475,72.04089531854788
3476,31.474388219322393
3477,51.20949444037844
3478,47.933893233739425
3479,34.52785811813327
3480,31.03304774470444
3481,33.466605221752744
3482,34.00407420599326
3483,57.7159053919569
3484,26.718331987368256
3485,61.635752901482576
3486,44.518699680991126
3487,27.032063248252534
3488,29.385485560690345
3489,71.51015981930034
3490,70.40386428346052
3491,41.91708672167245
3492,59.74372119415111
3493,75.55559323954297
3494,28.245448409302536
3495,41.8529625872646
3496,33.34412987904538
3497,28.614364760334503
3498,40.66115918110613
3499,48.39505420480855
3500,33.08518641290245
3501,28.209905721544608
3502,72.99194448347265
3503,57.876282926642006
3504,33.17535088945221
3505,39.11238084267687
3506,78.40365228143658
3507,29.26925716287197
3508,33.72557698217351
3509,31.083428306898558
3510,30.2869132223843
3511,59.84951925931603
3512,31.31103880200233
3513,25.636529135865118
3514,16.809477523177826
3515,74.09026280864434
3516,73.00797380739766
3517,27.244930366457446
3518,32.7059556094068
3519,70.15937049124187
3520,73.39968044956572
3521,41.320784388477364
3522,49.20644996124589
3523,31.637487496617688
3524,54.78495455946671
3525,31.1169066276852
3526,28.71789348848473
3527,31.612065903183357
3528,30.40915865960255
3529,42.47503168932849
3530,67.00164693893912
3531,30.294726658157977
3532,56.176137934465395
3533,40.95559398492637
3534,25.89597177710221
3535,75.70759809548514
3536,46.663422943185054
3537,27.79162122672312
3538,31.91717142784952
3539,33.65161596642855
3540,39.12165275999504
3541,33.0752807213008
3542,40.56641873790537
3543,53.32429124048744
3544,32.730010562569966
3545,77.54946892802901
3546,64.10471167865745
3547,44.22685607099535
3548,23.397589940754145
3549,60.29985317289055
3550,44.966385305685215
3551,30.29545530234357
3552,37.20089739044158
3553,57.10552936187131
3554,36.870327389662236
3555,46.41945653138246
3556,42.07957027092501
3557,60.75719571294235
3558,74.06458290234539
3559,42.29929452285316
3560,72.04523289394044
3561,34.64063053268254
3562,77.7131773426519
3563,34.44422885439909
3564,36.65297402399603
3565,60.73703404560055
3566,45.00159606225763
3567,45.32339881968132
3568,28.12982250451223
3569,60.959313685933054
3570,45.48070061271236
3571,48.853828220480416
3572,39.76202960266684
3573,56.72713020655368
3574,65.70019129994682
3575,53.662403777975065
3576,60.00556883380007
3577,48.46296695384294
3578,30.299046570564535
3579,36.598390072173494
3580,69.80689839071226
3581,41.365113378270564
3582,30.261473594828768
3583,32.58780296057205
3584,46.07109121478131
3585,29.93943896904538
3586,79.09866131596569
3587,68.13314549823227
3588,68.19059705713222
3589,71.49012645238795
3590,38.63352875326631
3591,77.38801358169185
3592,72.90501275724326
3593,28.560792767075696
3594,27.566863020324018
3595,56.29955095992309
3596,26.24365987815245
3597,34.53881751235171
3598,31.554935056464235
3599,75.70586658899882
3600,69.45714467969793
3601,36.368968988309774
3602,40.6478692316142
3603,69.13467118860521
3604,37.90767436481513
3605,67.89921586856383
3606,33.34507648060451
3607,37.4849535777809
3608,64.38381303055004
3609,37.40651710528394
3610,31.321678786976882
3611,46.28487160065021
3612,59.34149342920264
3613,63.11434764664125
3614,48.59993479499629
3615,61.28744182454196
3616,29.963193028997892
3617,62.50779543520474
3618,33.151413097615
3619,40.68534305218304
3620,54.833934267359844
3621,57.47631898227456
3622,42.49992353240864
3623,56.61801258826705
3624,43.712531914828816
3625,30.122947523059757
3626,42.591372715733
3627,55.79511953638741
3628,30.081184239851833
3629,65.93760981761628
3630,69.2283933872608
3631,31.159088313501915
3632,47.54348934880406
3633,22.990493061583194
3634,69.69320994095705
3635,50.281200058979394
3636,53.498390278716236
3637,59.36280742701203
3638,62.63800689377973
3639,78.0162970404744
3640,37.173691967728956
3641,52.390520852571946
3642,39.15720702926426
3643,52.14090383610176
3644,29.932119950043884
3645,44.254321018734885
3646,53.24610188834001
3647,60.09633357532594
3648,26.18719237782556
3649,32.7522580164953
3650,27.11567927291352
3651,29.559740590042193
3652,45.81571149170851
3653,30.871563645100096
3654,65.27437275593516
3655,70.3255380809423
3656,40.31105713870474
3657,31.308200560055347
3658,63.952664735226534
3659,48.560691356039584
3660,38.6835478093816
3661,68.62870322369287
3662,28.837151217024534
3663,32.66512652351996
3664,70.63719331155349
3665,28.77882693380936
3666,68.18510537796011
3667,36.81184711963259
3668,51.69555774194276
3669,30.739053208252056
3670,71.26250107988716
3671,37.62462963628107
3672,28.61094611927833
3673,47.887934541611514
3674,29.601095879986694
3675,64.78571166312614
3676,59.48226379951895
3677,65.16968215332392
3678,67.87590538283371
3679,47.152433676104096
3680,75.62086952316653
3681,43.877012068185586
3682,49.73001537610951
3683,33.22000274320284
3684,59.60835037185807
3685,28.148635337293356
3686,49.61662161859607
3687,65.8294425876594
3688,65.01358867866877
3689,69.12946867258486
3690,57.10312832336881
3691,24.651867761140146
3692,73.71531302458573
3693,31.654135827138134
3694,49.27504502362105
3695,38.92835859924061
3696,84.66584477669724
3697,54.12908460994023
3698,28.493136666532532
3699,39.39981262998216
3700,33.70399403194077
3701,53.55669387039478
3702,66.40528172800558
3703,37.92371126589336
3704,72.31433756520225
3705,71.83855086182507
3706,55.058228327640066
3707,32.25375786108425
3708,37.082406748958114
3709,63.887909106490426
3710,44.54644961676194
3711,35.68409112593994
3712,31.06640708253082
3713,71.21491620286355
3714,66.8126624918926
3715,25.229957468413822
3716,39.098784671451114
3717,72.41950189133667
3718,69.3003629749465
3719,61.861340950304644
3720,31.885861230332047
3721,69.87548811901027
3722,57.495130807340416
3723,69.64995499792327
3724,30.9774593886587
3725,36.67736910155415
3726,36.25279840905932
3727,53.47766215808523
3728,15.151536256513118
3729,68.96038891179288
3730,35.12084384870965
3731,39.572930897643275
3732,52.67738138693766
3733,69.97330206164202
3734,66.02188925936335
3735,58.031614457339835
3736,39.34710869709587
3737,77.18929057857775
3738,73.6045886784335
3739,65.21513412207901
3740,38.057407748710034
3741,61.873028415599705
3742,65.12021259779138
3743,43.326147272158195
3744,53.5966455100805
3745,50.85278156293074
3746,67.72529491787921
3747,62.45438706804771
3748,36.21223879397216
3749,42.55384850104672
3750,33.99420202888232
3751,40.15581009426509
3752,32.72729601414151
3753,68.86456562879113
3754,61.050004214376195
3755,35.29773218033665
3756,58.69878957229818
3757,63.66210254188867
3758,42.228327525493995
3759,70.40884200684282
3760,69.71346118136472
3761,63.05994308243091
3762,30.514230824232488
3763,65.74094503610895
3764,37.94604952918493
3765,64.03278741904052
3766,53.88066889271229
3767,35.884477262246946
3768,34.41636407419085
3769,31.300798085927603
3770,29.729975354886633
3771,72.75699899549443
3772,47.26764454875807
3773,51.190591342395315
3774,33.76993280932838
3775,66.09151379150403
3776,78.88285246165715
3777,26.76920457284576
3778,75.92080471995541
3779,43.74194329442062
3780,25.9648875588963
3781,55.66642682822888
3782,35.14486113835558
3783,63.50581146225065
3784,25.36705828397978
3785,43.80782953049294
3786,53.66269975635604
3787,58.79799778255938
3788,72.12406114560628
3789,74.05658036207265
3790,39.13827566724085
3791,82.45968137995143
3792,29.55775926877473
3793,69.56503597089302
3794,50.69124139976721
3795,33.82472428004802
3796,67.61952006344285
3797,71.50847075010452
3798,64.73568159237735
3799,31.42770019674719
3800,42.83991959747961
3801,72.20913906074578
3802,24.12606693364391
3803,32.68017625829391
3804,59.04794416816273
3805,43.659761422815365
3806,75.84989714641509
3807,73.73043379873107
3808,67.68493860433225
3809,75.23799786239746
3810,76.80143934639544
3811,34.01919233490517
3812,63.54228836264042
3813,34.74570596722166
3814,28.514426270108647
3815,71.60749458492238
3816,72.1635367291147
3817,32.632976986222104
3818,45.30548440467466
3819,50.49325134432705
3820,66.78301873113183
3821,43.41933323800684
3822,31.90901936619719
3823,29.253491404685782
3824,63.69628588028088
3825,36.0190196760021
3826,48.45214579449238
3827,64.04674764219428
3828,42.97807150566385
3829,27.948081846633976
3830,62.756655362064144
3831,56.988997013708286
3832,35.42184364002582
3833,28.13628246059732
3834,39.74423687154797
3835,74.45024801070328
3836,53.378011145570994
3837,39.736041340997424
3838,63.061815849064395
3839,31.696483984424454
3840,75.7137656688985
3841,57.03262863728797
3842,38.913264339766364
3843,34.1618382203238
3844,69.34676038862763
3845,41.29078367445956
3846,35.08549596411727
3847,44.81487662702842
3848,35.696500643804306
3849,23.892600629500695
3850,46.33605520060511
3851,37.96263188741397
3852,64.0745482094856
3853,42.87847680351605
3854,45.16736820186307
3855,28.252757841165675
3856,29.389001875632452
3857,64.700776946328
3858,36.00799840770886
3859,61.076960172031065
3860,44.40648848228886
3861,62.460965326008846
3862,58.90698898208428
3863,32.47995713697717
3864,54.512743430634444
3865,64.09578474867844
3866,31.791532795617137
3867,70.69227967372618
3868,27.55566027579513
3869,46.093236800901344
3870,73.41308932719305
3871,37.231322052148315
3872,33.692710948424654
3873,58.01893480942409
3874,32.44193587435103
3875,33.51765932627161
3876,26.483795987302816
3877,52.33409800332816
3878,67.24475427638427
3879,45.73765154877624
3880,53.661443899585805
3881,34.5069741871782
3882,49.434989425091665
3883,31.69495110631329
3884,42.98102344530276
3885,92.82489461277159
3886,36.40667540453299
3887,28.976370054363404
3888,29.868101098556018
3889,20.935058544365788
3890,87.51702884118878
3891,73.7980398029513
3892,34.85463746477692
3893,29.2144822700624
3894,32.124393494384265
3895,56.439983489818594
3896,32.582163323044036
3897,27.857165983739087
3898,30.830637226693632
3899,44.13797193634494
3900,28.183081225564223
3901,47.64119863580116
3902,70.13255786831569
3903,68.59974813312307
3904,37.712051337283064
3905,29.21140787021999
3906,75.62578306448694
3907,49.180322788138135
3908,31.98629499600278
3909,59.133203081032065
3910,49.49182538423338
3911,52.71259948862806
3912,31.15018209170562
3913,56.945174378166115
3914,67.36100713427024
3915,61.637808471482266
3916,68.57847786775714
3917,60.42062074385358
3918,44.82781906949268
3919,25.919147553852852
3920,26.314278418511243
3921,30.789343642432485
3922,50.02560288753844
3923,71.22953917691774
3924,69.14965489174293
3925,29.964983496952375
3926,79.44794105353867
3927,66.50979499644407
3928,41.45568671291931
3929,37.277624425344
3930,54.294233410095345
3931,53.126147379311895
3932,37.8508381139425
3933,34.44696932368336
3934,45.885306507956386
3935,31.194856895864138
3936,32.299023039893726
3937,80.12220912157015
3938,65.13732705781058
3939,36.92117734022794
3940,76.35006929603662
3941,33.681804052595005
3942,67.07138140207552
3943,27.022164791868516
3944,61.661665754172546
3945,56.61276546097288
3946,46.212897778081285
3947,29.313764651296193
3948,44.94845267629194
3949,41.94430454868298
3950,58.91324026912338
3951,44.80000045593297
3952,31.21508991158909
3953,53.34238053979121
3954,28.310416371189245
3955,58.22024020922835
3956,40.49419682087175
3957,71.70618327708144
3958,29.05495414051368
3959,72.71890793566644
3960,51.00208561162521
3961,39.20119493640857
3962,68.74475926623555
3963,30.86823195652593
3964,43.80485678764441
3965,29.898365267529265
3966,60.4928152560138
3967,37.95404072667198
3968,39.074414474385236
3969,63.580500264606826
3970,31.204302717398804
3971,36.007602872344776
3972,66.91400196855328
3973,38.738265261663
3974,45.72383618849438
3975,74.168495166832
3976,72.15914244105
3977,58.53588079658586
3978,69.64573261857224
3979,58.241730420586165
3980,64.76741368661402
3981,63.39373655775833
3982,44.617250321601524
3983,52.3216168295941
3984,55.21877597117215
3985,51.06012786526787
3986,34.86321940811541
3987,34.64523593841862
3988,39.63685201684022
3989,41.799054465634526
3990,32.89620117947406
3991,33.1385743457349
3992,63.52792376234851
3993,27.733115642331747
3994,62.35791732843078
3995,25.355708306706244
3996,33.788376533013924
3997,29.540077777788945
3998,40.50073647625771
3999,42.33457209600558
4000,61.8414152759764
4001,37.76881327994329
4002,31.322590044817098
4003,63.789014055554595
4004,49.731584558765235
4005,28.707945649207716
4006,26.703909155409104
4007,30.38778115287483
4008,37.569693971356045
4009,63.48729395672592
4010,33.93631157564933
4011,68.08421349182385
4012,30.408713130410753
4013,33.79635899708014
4014,30.58760836171076
4015,45.34673603415133
4016,51.72066786872864
4017,41.818383837316134
4018,28.360482454195232
4019,73.99920215496837
4020,29.438565927575226
4021,59.054576543917676
4022,28.59830518510577
4023,31.189417049801506
4024,62.810257030777066
4025,33.18060801068257
4026,61.49563105122472
4027,69.5898619663906
4028,30.048627528629552
4029,64.86536048629254
4030,27.045413644973152
4031,32.10223835377387
4032,42.11940677753587
4033,38.13122819485369
4034,35.212948356119426
4035,51.60044564622129
4036,43.85383887500035
4037,31.970113918344744
4038,62.40732709883138
4039,71.59959732803185
4040,40.16456816725402
4041,59.43618988319342
4042,45.58706708193759
4043,64.8499094636126
4044,51.62678787076325
4045,73.96062051712816
4046,65.0662502967203
4047,40.70922562128537
4048,71.95151754503051
4049,68.78907282749499
4050,65.85369862975543
4051,34.56042275876189
4052,55.549086551297066
4053,32.99296246504443
4054,68.79642899720706
4055,43.13215139648238
4056,35.32781979650929
4057,37.23773290815338
4058,23.410396700153193
4059,63.42390431806058
4060,69.19984252593804
4061,42.51834578523102
4062,70.76001906876536
4063,67.41441096574258
4064,28.759174098217564
4065,53.22585287289463
4066,62.958488554801775
4067,31.28878723394849
4068,31.64571825067901
4069,24.35629878087248
4070,32.993838092512235
4071,38.27992795254197
4072,29.68150651602123
4073,39.57305857138807
4074,32.64971268282809
4075,48.99188082931503
4076,31.652546144888458
4077,33.64438606945074
4078,44.439086833703314
4079,35.48789558468698
4080,32.24170211371957
4081,31.661300972293745
4082,71.49877458273795
4083,37.11367069566538
4084,33.43549787945858
4085,69.52792163531515
4086,60.318289154797085
4087,32.19183439012522
4088,52.1685884708218
4089,67.84976667458926
4090,36.14133289740388
4091,67.3970092877648
4092,35.41484177769392
4093,25.225571630158374
4094,56.976950729026285
4095,34.93697437056228
4096,53.06127254092222
4097,34.59543397300083
4098,68.06216134886053
4099,72.77613816152135
4100,66.20949031642019
4101,74.61296027223631
4102,52.35794022754192
4103,30.210996879141746
4104,62.26557000377917
4105,62.7184179410453
4106,71.26488112755064
4107,70.36146706690958
4108,34.60130370642863
4109,68.79079239011241
4110,36.40056698793165
4111,37.63983596343573
4112,48.27077715695756
4113,34.47672785136524
4114,69.04652925300086
4115,36.079130965594544
4116,48.992042172514196
4117,44.238979471398316
4118,24.561267613050255
4119,34.56388067852606
4120,69.7384525042855
4121,26.22556939984265
4122,57.98838946121727
4123,36.59966302719269
4124,53.418767458976916
4125,34.540777586334904
4126,38.44723288085568
4127,48.90717821086971
4128,37.822139014779985
4129,34.12342941216332
4130,67.03064215640933
4131,75.83408221859841
4132,31.782933539688813
4133,50.09302721460287
4134,61.087194178004914
4135,26.423924292351575
4136,40.413479031333225
4137,72.75164604558847
4138,34.128986753522796
4139,83.20557404572293
4140,43.57411466360269
4141,75.90159587769278
4142,27.557306998020916
4143,56.208519097035364
4144,28.788756911974733
4145,41.62935460514136
4146,42.706797517113785
4147,37.07766437098473
4148,60.39848025272157
4149,60.43152113268409
4150,51.428686901476446
4151,37.54127778404109
4152,35.270893851855384
4153,33.84533606903244
4154,35.69508912592071
4155,55.076870949568956
4156,66.47066793580576
4157,73.30173244946708
4158,67.28024047420139
4159,65.62194114707428
4160,47.54468769292987
4161,44.03079417664281
4162,43.65877860509432
4163,62.478226233575995
4164,72.98876735266694
4165,26.158422100583486
4166,24.939911330478875
4167,65.27586141012868
4168,34.733898466108016
4169,40.437808004455874
4170,39.76977197172686
4171,29.40973125903991
4172,39.072840687789096
4173,48.39293986812939
4174,35.06349113596697
4175,69.19200217041924
4176,54.29183024046872
4177,66.2060412480695
4178,45.79337140800992
4179,62.377181888276695
4180,46.86832748171369
4181,50.88300680995417
4182,79.89681803646309
4183,47.49321606556572
4184,26.435520240508723
4185,16.60986208262908
4186,25.17156428979979
4187,57.18808911662622
4188,29.4399355313176
4189,65.17462325256332
4190,73.46812216225096
4191,32.502522815931314
4192,55.15279404365817
4193,38.64026222222692
4194,51.21319564850515
4195,69.389374340338
4196,61.32957540191509
4197,55.7725204331457
4198,52.66726360661502
4199,67.42252264022261
4200,28.067596057257557
4201,80.67347127536581
4202,56.972933709398816
4203,65.91728691247278
4204,32.20212301802811
4205,31.95164502301921
4206,67.54416218199877
4207,32.41153778560238
4208,78.45020852668549
4209,46.88128790872458
4210,49.806591008886706
4211,53.68695548183979
4212,73.35483325218127
4213,45.55829866947125
4214,39.94175668226435
4215,54.045408579335586
4216,67.77531798603408
4217,29.42524226766032
4218,75.45765451232904
4219,32.568537934546995
4220,48.784661522416535
4221,29.387926203854402
4222,71.14377653310288
4223,71.1361875508483
4224,35.242072882980565
4225,32.289916423026185
4226,40.27325547776044
4227,33.76538620107236
4228,30.10222620781863
4229,69.31727156957332
4230,26.424182540968335
4231,36.98410628028074
4232,26.308680753817285
4233,76.02364820118603
4234,71.32287821546748
4235,54.469478457270355
4236,55.18275338168885
4237,36.67317794685955
4238,73.96321018839261
4239,73.46177949198328
4240,64.68464968113341
4241,84.00569223464282
4242,84.82588300738591
4243,37.36146374820229
4244,34.9049277433821
4245,64.41674896370067
4246,49.393963644162085
4247,28.24034690434598
4248,31.1919958201862
4249,72.60027502233737
4250,37.00224435919242
4251,29.14052078484248
4252,30.599430448702964
4253,31.437778765970112
4254,65.15057469985209
4255,68.42515253922588
4256,27.23197824225385
4257,67.47807670969192
4258,60.67120808073248
4259,73.98036236728697
4260,71.45746709210229
4261,36.36786241601692
4262,30.100804797998315
4263,79.43864113435163
4264,58.73793069569248
4265,32.5049830654295
4266,35.99391972629081
4267,51.542243363805106
4268,39.11426105705719
4269,34.41735321371631
4270,78.49523959077314
4271,41.951319404867625
4272,69.39836648040009
4273,41.343418255975706
4274,44.47166955469855
4275,51.976825402964785
4276,69.47903802621167
4277,31.472276598486406
4278,63.84668301862181
4279,33.35072530556859
4280,74.45293045138209
4281,63.51024597348977
4282,30.659781989434425
4283,22.513511692414156
4284,67.79510840050592
4285,32.16044363106096
4286,31.352383795200314
4287,37.08883425633741
4288,37.678395062320746
4289,34.92634084297166
4290,49.03715931711956
4291,44.06323101591684
4292,37.54861868297908
4293,61.11262925877356
4294,35.27278863344231
4295,52.0498465435878
4296,70.09401118698462
4297,44.465195766451565
4298,29.331062763140206
4299,29.21828541132177
4300,53.637784462933894
4301,57.93990694252044
4302,48.203716274101154
4303,30.82317516485315
4304,30.89122145130746
4305,56.23662467320396
4306,29.788876414435208
4307,73.04373266449997
4308,34.74901101723299
4309,75.60374383366623
4310,31.925158212188606
4311,30.810827573136727
4312,57.22400143497695
4313,42.97710652101591
4314,25.70995571794302
4315,61.836576527341464
4316,26.74782609602429
4317,62.30138102273777
4318,58.68354057736279
4319,43.67646574162748
4320,48.732825650557565
4321,56.58445174940327
4322,27.11857227159293
4323,66.21644280842506
4324,70.43980285826656
4325,31.182025002539188
4326,23.182062770053417
4327,39.00030086480993
4328,30.30116461309579
4329,69.84614989068544
4330,63.29217738073422
4331,30.142933216065828
4332,39.23296198080427
4333,39.9720753023765
4334,26.624428658909174
4335,76.68916685921828
4336,35.44560318229463
4337,27.35275327685494
4338,24.743455891604576
4339,40.36743316048996
4340,71.897062775076
4341,30.03835389903469
4342,32.46698476728803
4343,32.72026731124001
4344,60.83252028282763
4345,32.379947857663865
4346,73.1425790931891
4347,34.05282741822246
4348,50.94306461451771
4349,68.87779068301597
4350,42.54759612586604
4351,70.34432356193322
4352,49.908960906979644
4353,36.82760323943666
4354,34.56319633017392
4355,41.64630129692556
4356,70.68791327384852
4357,43.19743991617562
4358,33.143549345124384
4359,53.85793349706769
4360,39.88820151043025
4361,33.069246902797204
4362,28.307103486930043
4363,77.61684552195403
4364,25.654227845097132
4365,42.87052087151729
4366,37.46751048603305
4367,72.7664556543475
4368,56.93209733098594
4369,43.52974026803789
4370,44.41515719982965
4371,37.22343180514107
4372,34.85823561443369
4373,62.05985766566032
4374,32.17582524918691
4375,41.259587292921736
4376,56.20034314019275
4377,36.537476949215716
4378,57.57721641030112
4379,73.17115512391791
4380,32.2744753153523
4381,36.67866924383763
4382,46.88040609628423
4383,55.92683227853536
4384,37.62246993209951
4385,37.90918412935321
4386,51.586441251258044
4387,57.69754866677029
4388,29.667269690783183
4389,74.09013529547434
4390,40.313162462653736
4391,73.39205423155241
4392,37.49707006645942
4393,48.39182804691982
4394,72.40061909046511
4395,23.420786705005753
4396,28.698585824310566
4397,56.01126297736874
4398,70.23440499629868
4399,73.35899149519808
4400,34.632171681738015
4401,63.63338444832589
4402,33.39770924780333
4403,58.710164106228866
4404,37.679872390137234
4405,71.57258643780713
4406,34.168310134149
4407,70.70116772570566
4408,35.80493283418824
4409,45.130530221693
4410,71.92679410267559
4411,28.80462686978061
4412,36.029142021400745
4413,60.20537474121468
4414,52.17154004136491
4415,57.70114225925997
4416,70.88430465177058
4417,33.631102169253985
4418,49.96258255860837
4419,29.085526369249735
4420,35.65618288595354
4421,30.542198834901075
4422,73.52619249697429
4423,32.497073510202995
4424,54.75787337645442
4425,42.97194607499544
4426,46.38213878769429
4427,25.17986095646376
4428,52.99145102422197
4429,58.66030422374418
4430,51.13346087983749
4431,33.5720895675924
4432,40.81937927771328
4433,49.896848099679445
4434,68.49434732018747
4435,27.47367822931066
4436,31.352604418004464
4437,74.0793153044119
4438,30.074355114742
4439,40.829312737060214
4440,32.8545488894828
4441,31.65628857757831
4442,75.09330882118044
4443,58.35921106661853
4444,50.25953654422539
4445,27.28220465851047
4446,49.993325620198675
4447,73.934329523732
4448,42.144683132853174
4449,29.52266409611823
4450,41.09895282056461
4451,43.142368636424706
4452,72.22912894241315
4453,51.02568317587838
4454,87.10735581093718
4455,52.49544985922805
4456,59.189303812486905
4457,31.19479874388979
4458,41.358691696767885
4459,34.52926781504374
4460,73.58197664310804
4461,75.78178411479331
4462,30.416802058222014
4463,76.76438257719785
4464,73.1023053794705
4465,39.733947622097986
4466,34.605176126339195
4467,31.096883046474705
4468,63.194015853619405
4469,76.3487645200868
4470,24.576392952195746
4471,56.65215419527642
4472,37.26456566424048
4473,24.538532217084775
4474,31.61762418811327
4475,56.749396516782085
4476,33.260334542690146
4477,37.70322663465331
4478,53.50050843476263
4479,35.60200458425433
4480,26.949723431546186
4481,47.214593616831635
4482,47.50795865226988
4483,65.7576053544711
4484,37.21257759111094
4485,31.343685194828545
4486,26.945255508352716
4487,74.44018214023956
4488,70.82803206174943
4489,33.25281574708935
4490,22.043318175520668
4491,50.71362196874697
4492,27.13075790729272
4493,54.17372073438741
4494,23.65315019073294
4495,53.57280818248484
4496,27.85764253870717
4497,43.05750400865825
4498,32.06334324089491
4499,61.16125418345179
4500,21.82600827511686
4501,27.973424241891223
4502,70.67614534336519
4503,62.819497613712
4504,71.87708008641344
4505,30.125713751440745
4506,57.568753050122886
4507,49.777509462116875
4508,35.28582372430726
4509,75.37102146680468
4510,40.90530020229056
4511,53.2892271980911
4512,32.42081526541783
4513,51.25178830424839
4514,52.45693536601456
4515,48.82021980947681
4516,62.90104272868468
4517,38.095260874242484
4518,23.482318438189754
4519,28.27938240479017
4520,28.842039818126135
4521,39.08820777568528
4522,44.19886701972326
4523,33.83524825274739
4524,49.38282920508435
4525,30.436357325411617
4526,32.88670120044362
4527,29.427880410436686
4528,30.667774518197884
4529,66.53882332917233
4530,49.10993140382822
4531,53.96409445364582
4532,73.35849259772782
4533,30.442310008324775
4534,37.120925763171144
4535,34.832810242448375
4536,61.12768715082096
4537,64.25971456475449
4538,30.02501172035499
4539,30.406285961961274
4540,65.21393832076826
4541,65.00339530964986
4542,27.934899246583534
4543,25.97605391850607
4544,31.252700425881535
4545,67.02958837678236
4546,79.61470807171307
4547,63.15031261564425
4548,70.93739704191748
4549,74.07290391666747
4550,48.26511888810545
4551,52.31255342222815
4552,35.123865376005945
4553,30.585733686049675
4554,47.01413243588735
4555,42.92674033170023
4556,71.3071089883397
4557,45.98290793092134
4558,31.424233538526796
4559,52.63495149169442
4560,30.8764609808441
4561,31.570289662259594
4562,63.05302955923271
4563,36.75547311317219
4564,29.47539664220521
4565,56.761229891687634
4566,34.815127479046
4567,53.60841310449752
4568,54.88921353106538
4569,55.575693446064335
4570,30.165723123392148
4571,35.77047074640819
4572,26.583491400420407
4573,70.8947422000895
4574,28.73754794869882
4575,31.878266260011575
4576,37.958627783859114
4577,64.45558817595463
4578,74.00075458272634
4579,27.51461902090056
4580,37.34767935878264
4581,52.75368425637525
4582,44.3315552486215
4583,79.88445712246563
4584,32.81809880281304
4585,60.78896352883196
4586,24.649775023044835
4587,33.39701590720099
4588,55.4078944549991
4589,63.441247326967584
4590,64.66364635661026
4591,35.32571335776831
4592,66.97118241716802
4593,72.29176500542883
4594,23.911156031646037
4595,28.694664015850517
4596,49.691570439969965
4597,27.593788972765363
4598,34.398166019274726
4599,33.096921498650815
4600,73.8433351336942
4601,32.73741078137035
4602,34.08416285619668
4603,57.51907195981874
4604,63.81411481042377
4605,75.97350447283884
4606,47.46659783769269
4607,33.18702961121928
4608,39.40376081587533
4609,57.9686937680089
4610,36.629432594759336
4611,28.717731704327555
4612,40.88052387180525
4613,34.512405644393844
4614,31.475132270858467
4615,35.38513264228419
4616,65.20048842208726
4617,34.26798154022473
4618,87.92832991973768
4619,39.84648445245304
4620,37.83066558608754
4621,31.659759632778695
4622,45.52354226102951
4623,27.43665245914698
4624,41.01800396818912
4625,71.57035866324664
4626,59.89435730566454
4627,76.68807212219772
4628,69.62246234283322
4629,33.11622708337302
4630,69.91847764729441
4631,74.28055386026062
4632,41.61113663451057
4633,34.43760279151123
4634,62.32080351932892
4635,41.24724605110143
4636,34.05130878293778
4637,35.18626722551107
4638,64.52174383619476
4639,67.76457390728024
4640,34.4772674832861
4641,65.29252868584236
4642,34.341448647834184
4643,72.47189224736687
4644,33.640327653484896
4645,29.38212637104779
4646,74.34464009142854
4647,69.43442214320172
4648,33.7722709808678
4649,32.279490285108636
4650,45.64134795627884
4651,38.76557322569191
4652,40.964853717879706
4653,66.78205668612779
4654,78.96649724756344
4655,40.90098433308602
4656,35.8331045094961
4657,34.81705361386816
4658,29.24035098485215
4659,62.239104734141335
4660,31.346901870596405
4661,38.7071894376253
4662,59.75613411213464
4663,51.35223683679202
4664,74.10058199231045
4665,35.132777536425436
4666,75.36608571275765
4667,24.820390308111886
4668,21.09094525574273
4669,41.822901920861824
4670,41.176375166475324
4671,61.89232645379005
4672,41.492630099360554
4673,35.31020202955622
4674,58.28057793083151
4675,56.67599485421462
4676,36.20756670479407
4677,76.57865110496274
4678,34.74183579549068
4679,52.657550410522006
4680,65.5488349192196
4681,32.71052322164052
4682,69.57800611107294
4683,41.40764554650903
4684,63.74157010100102
4685,38.67082777306205
4686,65.62207948066632
4687,69.22485297042743
4688,43.48361134583262
4689,66.32324793252064
4690,28.255351601961337
4691,69.90272477273902
4692,46.76386187118136
4693,27.886581590974913
4694,72.27458645885258
4695,68.53764130925083
4696,60.42357221690937
4697,29.3447697704577
4698,49.9879992258292
4699,62.37933744658851
4700,69.59175393757552
4701,33.68238702490296
4702,42.10683752964081
4703,32.61797572359136
4704,25.67394404471109
4705,42.625443943293355
4706,34.23446236973169
4707,63.45770763792544
4708,30.899894774933976
4709,33.83320265620439
4710,27.89088860473923
4711,33.23166328473077
4712,59.450284260926345
4713,37.65800901477001
4714,41.24523529455816
4715,76.75282386035475
4716,34.19679147255202
4717,68.8625123532409
4718,30.78641871595342
4719,26.19924433415015
4720,77.03397574870584
4721,30.937136054774125
4722,34.5208949427797
4723,28.860191131788554
4724,35.830301478913654
4725,30.023061390545138
4726,34.47837063232089
4727,65.93775919163943
4728,73.21318150567609
4729,59.777366730263545
4730,73.03057932518963
4731,61.721225523511244
4732,38.032023594092145
4733,37.92756881706592
4734,43.44603292504546
4735,31.023141589697588
4736,34.19994045194163
4737,68.6700873504991
4738,28.29744508884315
4739,77.8366613185157
4740,74.41174458407474
4741,27.62146885711791
4742,34.45748592786006
4743,69.3332693067063
4744,49.02269328731769
4745,61.07940651952284
4746,48.865763237935475
4747,63.38395392696182
4748,45.425638845041874
4749,74.0377174647435
4750,31.961235740131862
4751,37.32751419811137
4752,37.5492782984669
4753,69.0866350981392
4754,82.18297866355468
4755,34.204637575231914
4756,58.63111867616283
4757,37.32625026584736
4758,65.56155616792893
4759,28.934754250506128
4760,46.50386164706412
4761,67.37604814518681
4762,33.88933648581182
4763,68.58051746108504
4764,38.55062299159523
4765,24.023147752228414
4766,31.65895590950568
4767,33.32526876498739
4768,34.58374749569005
4769,33.33555984115762
4770,34.02982029275779
4771,31.32574417009634
4772,42.13341550711295
4773,71.56499853170577
4774,47.926457163760375
4775,55.855418173804644
4776,66.94861350014037
4777,29.972382747087856
4778,33.49297731343063
4779,59.732990735171825
4780,44.240632743208415
4781,67.90117173905242
4782,32.81562346770173
4783,36.582336648136156
4784,34.45660646837849
4785,38.33024038989622
4786,33.405611657647654
4787,67.93147852321496
4788,62.71918861193998
4789,76.39969378330932
4790,26.58222264886169
4791,66.9872848555082
4792,55.98135654815196
4793,36.038688139472725
4794,29.167103925824417
4795,36.277668499073904
4796,40.951116297350666
4797,25.531924983536562
4798,36.26728523334722
4799,52.98108199294028
4800,61.79376563703585
4801,27.7402379765529
4802,27.041858687655846
4803,31.662879118214697
4804,35.96458589445463
4805,31.012594385369727
4806,25.191230328344528
4807,74.2760414465018
4808,30.958922062056644
4809,85.47275775535769
4810,60.88212317235903
4811,68.8549692706596
4812,28.30119152101945
4813,33.36231752490629
4814,63.97595046114212
4815,53.942396947065376
4816,52.87723792495784
4817,58.325575627330934
4818,36.45042474242513
4819,83.46633143162389
4820,32.391074699691764
4821,38.09779392400793
4822,50.01838837315417
4823,54.47116608657997
4824,36.33421327237076
4825,27.069042399943598
4826,49.281586086704436
4827,26.54569722540847
4828,62.26626554484638
4829,32.555190839337385
4830,73.58792148998096
4831,55.98738411748871
4832,72.43246609670213
4833,30.53988692147861
4834,25.81131261580922
4835,28.186261580279606
4836,23.52390244558411
4837,26.934596057210747
4838,58.40483552667291
4839,82.92888799795661
4840,45.53960203539391
4841,57.25293398294045
4842,29.612993257623568
4843,34.20421712811233
4844,40.924685787510306
4845,26.807019371386957
4846,48.56732893534972
4847,69.45793069810934
4848,71.88703587102344
4849,32.59523903456797
4850,28.624220710933663
4851,34.32774125564784
4852,60.36053158663969
4853,26.403394831152085
4854,34.88096688574676
4855,45.604805041528195
4856,70.28392895056803
4857,41.21286489637477
4858,39.904205053931776
4859,35.29753928029075
4860,38.23973598869415
4861,37.74142581906401
4862,30.01828048567229
4863,32.87049428747106
4864,66.45053663663106
4865,37.03928859375477
4866,71.89154183464015
4867,39.33025908836675
4868,38.40303301571228
4869,46.298132441020456
4870,38.53033845407332
4871,70.73640364569532
4872,62.78126784040472
4873,37.457719031514856
4874,30.47013726650924
4875,58.14089240698942
4876,62.644684770225034
4877,32.41021367247846
4878,75.63692984382543
4879,71.8876466024945
4880,34.53230497412658
4881,49.21981032446482
4882,37.46989596973322
4883,31.982402493115508
4884,36.72842627566809
4885,62.330350798630846
4886,74.74854070548476
4887,44.22242889586281
4888,41.65866442203768
4889,32.122031669854
4890,42.96510007492806
4891,45.54865502515989
4892,25.08133583936326
4893,71.30450102275887
4894,34.071164974700075
4895,32.83379459629724
4896,37.8690793236632
4897,55.74729198639974
4898,41.67521788915251
4899,71.83609555128896
4900,41.01025391028614
4901,63.93075000195683
4902,46.248635442149535
4903,64.29407558244073
4904,54.03804640839866
4905,62.49126994415114
4906,67.00601700077118
4907,37.03919395947952
4908,26.903182275495688
4909,74.90907086797031
4910,44.368104429660235
4911,27.283199813854807
4912,32.436242165859255
4913,71.57628563071108
4914,22.107802024688798
4915,39.527675496802225
4916,42.69536623869082
4917,49.77331636543374
4918,28.91403704054535
4919,68.95339222697098
4920,26.109086961080124
4921,36.87476576567539
4922,32.180310287968105
4923,58.55609623061985
4924,34.37471053492041
4925,45.33791000260969
4926,76.9701866335855
4927,37.045805189765666
4928,73.06746721712852
4929,81.72137074840944
4930,31.765789217747596
4931,47.34892176258088
4932,41.61087919911313
4933,59.34528965615921
4934,34.131293880434676
4935,32.74994089368669
4936,62.60082120525352
4937,29.6207115394237
4938,76.24189752173173
4939,34.24691543914297
4940,43.91130000314879
4941,65.00900633481288
4942,43.77559430410522
4943,62.369782507022606
4944,27.363985206288376
4945,77.80846260061419
4946,27.42039533100396
4947,38.663816702252504
4948,29.36780289596309
4949,36.880506383085795
4950,34.108725699627556
4951,21.636037095184385
4952,39.736163560484414
4953,59.84644100650229
4954,40.166709507292474
4955,73.16489442984299
4956,42.26845130058072
4957,30.59276629079973
4958,59.308469048043996
4959,37.659959484568155
4960,35.01708904307043
4961,30.971060403430684
4962,71.74664291030271
4963,41.48878083448969
4964,43.99762706466525
4965,70.09526177593915
4966,34.18071258432667
4967,44.449118336451605
4968,76.16887598785434
4969,71.34093769283996
4970,73.11417013292008
4971,62.00877137380111
4972,37.594542559370986
4973,25.634958824450315
4974,70.09913967494857
4975,32.597170146141224
4976,41.25212787289118
4977,28.733858834896925
4978,52.0096283810871
4979,43.89894747873029
4980,70.10697717235529
4981,31.740344048358942
4982,32.833532523104054
4983,38.701503426780995
4984,37.103194036399024
4985,63.063592511076244
4986,71.26915441710635
4987,27.553178635812138
4988,49.892896932019674
4989,42.1495974657584
4990,60.44937511533249
4991,69.77230606697242
4992,38.60690881223155
4993,25.027122477806095
4994,49.338877662245686
4995,34.19540303357036
4996,59.72842394738964
4997,59.43793132144049
4998,43.78911743555361
4999,65.72959361571307
