ID,RiskScore
0,32.188703892512
1,51.66203513305124
2,30.395767471217738
3,36.071515825641434
4,33.44627475138074
5,69.30392444349457
6,31.09118473754871
7,32.5923447088459
8,35.5595656032589
9,69.31470948776983
10,32.69916578206938
11,31.290426404997003
12,67.22244796949713
13,38.29264213328652
14,32.602632355327295
15,59.753353674668304
16,24.769525276396998
17,33.39743480913014
18,66.21500671437644
19,44.282718349659305
20,74.25167762317764
21,31.6792250247639
22,69.79438879088035
23,41.65242009093958
24,50.27357470471711
25,29.921704053875025
26,33.3600756680799
27,28.535660145201604
28,54.9699168457634
29,68.76647125998488
30,29.865933922848658
31,67.16705299972858
32,32.23644300871654
33,30.241367301124807
34,39.53029800424695
35,37.519634619908054
36,65.77576571123876
37,57.471452344730736
38,48.05887654024509
39,76.1337811437022
40,71.21302484968554
41,48.2196330759842
42,79.10009927334767
43,19.32648733403329
44,55.26782143294709
45,29.02099544153581
46,33.77292172292603
47,69.58797228135975
48,30.33303275045999
49,36.002705475671426
50,66.8509610913712
51,58.17123906180707
52,42.82485840567702
53,25.748880584135357
54,32.007085845244845
55,40.65148073546272
56,72.62350574842613
57,35.108853552903064
58,40.80682492434792
59,58.851225852985024
60,68.79848431042407
61,47.09411189985487
62,31.77764795914386
63,85.58428877403414
64,26.47549230023356
65,31.858918103268433
66,62.37804009847611
67,62.76860941333216
68,35.49502137982678
69,69.05073239205927
70,37.089440687368416
71,38.894892504953226
72,48.342504858171715
73,57.24577318691853
74,48.93636125140408
75,66.48352229480733
76,69.53058104059023
77,25.10431441865512
78,53.70105952569653
79,58.737793744283294
80,73.1490504913259
81,51.802884702055714
82,61.343264549340915
83,34.784609075908655
84,69.19870088621612
85,75.96496458001134
86,62.97071129408056
87,25.375194328314706
88,37.56825230399954
89,69.64205244994201
90,34.75771129097252
91,43.65492872287978
92,40.56670194915332
93,31.06585378347168
94,39.65824486925357
95,36.462915722142796
96,36.26070548629145
97,66.46214791315904
98,37.69551422214682
99,63.50441314399235
100,33.92347845895444
101,34.62541938816368
102,68.8494332309
103,74.44281280231225
104,31.733544436083225
105,77.65443979211219
106,75.84815556789985
107,71.38114722700045
108,39.58960303524593
109,70.64491231768591
110,53.31829417117407
111,67.62320764129991
112,77.69923310318248
113,63.395340886945746
114,67.78341336309529
115,31.952503216438085
116,70.962165910366
117,55.04185447590635
118,40.78945305170623
119,43.76370341715139
120,22.381114079873022
121,74.95889169132457
122,32.43963538024033
123,50.44048665774088
124,34.01843672213753
125,61.79915928493069
126,16.83580249922861
127,28.480923658556474
128,34.954842120589994
129,63.87359060358599
130,31.191647306804455
131,70.8487452970177
132,72.67869901365063
133,77.84417129210253
134,20.28861536548037
135,38.30715002070332
136,21.757060254673053
137,41.075767293919924
138,34.09591409340451
139,50.576105243970964
140,39.00888280089761
141,35.42592184300294
142,27.347979503856592
143,27.77355182740788
144,62.8337877049459
145,31.97412613595604
146,49.050175774856534
147,64.07332408604542
148,68.96718934790651
149,67.39321313956151
150,41.65241959598167
151,33.90479067340893
152,77.56933421618983
153,52.8046349338809
154,68.8357953545701
155,33.10533808743703
156,70.74295976768099
157,63.57290437061645
158,65.09132905486089
159,75.08914321091598
160,36.918853756569916
161,37.98381027997658
162,68.30604218873006
163,40.16601296349482
164,43.85969492104192
165,52.564774284820494
166,38.503495745085715
167,34.39621478469961
168,35.271669643929584
169,27.98842983992307
170,38.393223482536314
171,52.169498954053395
172,64.91485640255547
173,48.85418842170696
174,33.052042612885835
175,58.25519910527122
176,47.65196317944672
177,43.56230110389168
178,48.255496825818874
179,76.91041214260336
180,48.74138840708795
181,34.2045316711626
182,61.155569065244485
183,66.69280680915027
184,72.60269117947944
185,66.5977954617174
186,70.81595882895651
187,58.986316537146095
188,34.578072902590435
189,18.17278119660921
190,31.364866920398818
191,72.49205325283104
192,50.69114086876923
193,30.747637233224165
194,68.4021574283703
195,26.500138003852097
196,30.73598444969618
197,65.80122366366977
198,63.456290679205395
199,35.10077324303436
200,32.26694751501987
201,51.94078634483995
202,31.097850698592808
203,34.34441356497161
204,70.41128122252786
205,59.65331582209409
206,63.18166859562761
207,38.98428222619961
208,53.78492820853532
209,54.283371179352734
210,29.73108519687831
211,29.300028183832957
212,75.37872436858666
213,64.21520232985321
214,40.20068210707943
215,57.75406569296675
216,61.48627531534089
217,64.46761321337243
218,52.09585658202539
219,31.470002593867996
220,33.101787750082984
221,33.75607914860301
222,28.93175144539387
223,53.28611215903466
224,28.155082656908032
225,66.098311651567
226,62.726550316301825
227,36.01403766006479
228,40.82578552222476
229,39.61879015090159
230,52.028222446440274
231,47.36282878224644
232,37.460129181387856
233,46.22169046393402
234,75.22184350426524
235,64.41804245169857
236,30.623833620815702
237,52.974133678576244
238,66.04326718324776
239,32.314250363234066
240,66.28001278362504
241,73.92718538206094
242,42.6368592951911
243,67.30746514949021
244,69.56379498623045
245,67.22215834409724
246,23.583362705080415
247,41.92895665280501
248,76.13653642013881
249,22.33074208518494
250,66.8463687124242
251,33.63188574437848
252,37.214504424234626
253,52.578368864546135
254,54.46449105178161
255,32.49953808410013
256,53.072966631435115
257,67.98069599032786
258,68.12205709969936
259,33.490576386867204
260,48.33210502859668
261,40.032634157830145
262,28.684980231363475
263,76.90389341477866
264,65.92096898571025
265,27.1518869014956
266,47.42026709314395
267,27.149549113880497
268,64.64258071892267
269,74.29722019887247
270,53.546356197790026
271,77.85241918594788
272,33.169080203507626
273,46.71735062396943
274,28.295808064547405
275,45.10163163655876
276,62.88495603925884
277,35.12062048249295
278,58.03596042593509
279,29.177680331407384
280,59.375960957295305
281,62.37266506360454
282,54.938373827263725
283,54.62374159752997
284,34.115764850126624
285,32.08028887115448
286,29.548740193977036
287,68.68565617683481
288,50.06928126213316
289,37.463176504903146
290,49.07542732809567
291,42.05500356739404
292,53.22989023675852
293,73.13871316691728
294,32.37969779215877
295,69.38361498541292
296,68.7275429325559
297,31.430576421916673
298,38.898491167714994
299,70.2844503085384
300,45.776932858356815
301,74.90307899346516
302,52.719664008710964
303,37.135328821973616
304,58.155459832990566
305,30.369971099886143
306,33.88085517978327
307,71.48916386002914
308,50.182445130362005
309,29.69480407161496
310,72.73193659051368
311,54.272404340282414
312,46.50357755716848
313,46.04697860650836
314,68.14729614305624
315,76.1836870736276
316,35.988839990202386
317,34.92455229874449
318,58.13946587544913
319,27.67934343283929
320,29.585686324391297
321,41.00226578344017
322,72.55450204225758
323,62.098582581775034
324,89.9198708470977
325,37.9231003892333
326,68.22405905813102
327,32.33201610214728
328,42.57765364624644
329,27.94777450177582
330,37.60739105456288
331,81.89374335543494
332,23.489587342733905
333,70.67986488337911
334,58.477340484748304
335,67.0328534545298
336,58.62580684122364
337,27.272691050644326
338,36.082376951010986
339,43.88820002337017
340,68.15879440689194
341,75.01323990152463
342,73.15293158055152
343,66.35129120474707
344,33.00834596766457
345,31.718358699287457
346,38.29040570046718
347,36.15520465659099
348,39.82146956872929
349,23.706174651397895
350,45.77030896298832
351,32.702205133536914
352,57.907234964160715
353,24.660980893682158
354,25.05623871932367
355,31.440971094525313
356,26.316792433113484
357,28.68840257365862
358,29.953637314492553
359,68.92208261198611
360,29.591484297508654
361,25.3795768161591
362,33.77704408377359
363,64.8324984704678
364,50.42495465495872
365,46.19184970664729
366,51.947271431346415
367,30.57772213584859
368,61.701863577723884
369,50.97118733517708
370,36.407816123399606
371,25.521568884974823
372,31.313054209737594
373,72.02480203538072
374,54.86758075840879
375,38.18591658631554
376,26.169211246752056
377,61.81249613007535
378,52.56930676743872
379,66.53728281318111
380,34.15668161964588
381,30.38747818493092
382,64.86328494890643
383,69.29913272206993
384,42.50904157892589
385,61.753200594736036
386,27.459940978926937
387,35.540154001112576
388,53.69344319097839
389,33.72467994685609
390,71.14163965307483
391,67.0352893546507
392,62.07696841399941
393,40.27720539907023
394,76.50025823580557
395,69.99126894687423
396,33.58305253364625
397,26.32217718287949
398,69.86692081165862
399,32.7983567139924
400,49.11886592424676
401,68.64772409760981
402,28.00037483013984
403,69.04190874110104
404,72.9030717775164
405,48.08209785728028
406,31.794243826292764
407,65.94924409663587
408,43.76630984820357
409,33.321268381850345
410,35.10259799256402
411,42.611616108256385
412,37.19689528575528
413,38.856266523691396
414,64.50555073216469
415,49.470659428929906
416,40.60416576428519
417,35.71829937390126
418,29.15645046212562
419,40.49865377209638
420,24.648143349275422
421,40.12098172714674
422,29.822538823499926
423,58.065656300876896
424,25.405931974497953
425,51.16251527712805
426,29.94704697486474
427,33.23464155089914
428,51.4947583848265
429,32.459770910556045
430,63.7653316940189
431,32.91769832573746
432,70.14080178041657
433,61.05280091588982
434,68.5783688631081
435,58.502182872168405
436,28.153017631869588
437,74.00323992898166
438,40.12857848871082
439,44.45266968732555
440,72.53784932169953
441,31.531676685734272
442,68.62126972915719
443,64.65972428643707
444,66.50105785286453
445,70.31035676182888
446,72.36571409496534
447,55.96651693782415
448,61.126314459726046
449,69.15487819103056
450,64.87886092184792
451,75.22177066259074
452,29.878321167215525
453,59.39021172770997
454,56.77962806120351
455,49.516354474030486
456,41.200654825483646
457,52.45668450716121
458,39.361092074876716
459,56.59183855563379
460,33.76698946382078
461,37.69681969787565
462,30.18260370890909
463,47.51774689303502
464,26.60685682069541
465,50.898189549881444
466,27.026532530497157
467,61.56531827427989
468,40.81664766191891
469,70.13934121615011
470,58.38385328177033
471,66.97371554591457
472,33.97553494671101
473,33.96161887707623
474,29.273547548554852
475,66.28620903482897
476,30.49065918416419
477,73.93156175741606
478,31.700635620963933
479,58.86961652523727
480,59.8197291913417
481,39.496659403310574
482,70.99033013784145
483,39.46912407161306
484,35.57414944605553
485,64.80130337042532
486,67.99640398069641
487,35.41870389899014
488,73.38155208963701
489,28.26127527943898
490,70.06303867192304
491,38.61323735355739
492,67.66868747417016
493,31.06323249570803
494,68.09897695821489
495,37.1221421542643
496,75.65206237221946
497,70.3991752582502
498,39.565292721336334
499,28.901638121579424
500,58.05638717252829
501,42.58599362173977
502,72.20189200166152
503,30.153549028701566
504,42.332112080394566
505,52.02672640807649
506,40.61835202483646
507,73.68155336466177
508,27.650937742116138
509,88.45701185920782
510,39.58293845937269
511,63.06674403625349
512,28.529887045520542
513,78.67884841832776
514,67.55782175324457
515,39.92144114505962
516,45.65492942732781
517,47.70847424044284
518,38.50435930015173
519,47.043227845923994
520,66.84681262225858
521,69.48874630714597
522,69.38763486734899
523,31.564268430560077
524,38.67229121797859
525,71.49491409818552
526,42.484162003866324
527,52.14599095141362
528,23.2266144332538
529,39.77127164709886
530,32.518255537184594
531,29.226036346954476
532,39.865350066169505
533,58.933283468609844
534,54.7356218594553
535,33.92819180468498
536,56.97006327942003
537,74.29641785505942
538,69.55006226940858
539,73.45354452632263
540,61.996364587467866
541,36.62905860271718
542,78.16232240989797
543,47.541335881343294
544,64.02255370453982
545,71.47609622514003
546,72.14005751433696
547,68.0548001962145
548,63.738389476540625
549,54.70207716316024
550,44.4333739529938
551,31.198441588578245
552,55.5960601324999
553,30.60004352079554
554,76.20119727081942
555,48.85490917345229
556,36.751009462475054
557,35.92812833445455
558,77.39164995178838
559,39.27476268331419
560,37.40629512076075
561,67.84026011379747
562,74.14365459728046
563,68.68457783748299
564,29.20569577809526
565,73.78540666343847
566,62.73113544167352
567,44.12174818720965
568,56.7196300160786
569,34.843160126432316
570,71.38652008063615
571,32.25903530539793
572,72.99137186090262
573,54.48707303351374
574,50.765028137730646
575,36.85099814884576
576,39.12375340568083
577,25.605907766072374
578,57.69320996463711
579,30.616356729911487
580,29.756892252820016
581,31.105573207150144
582,75.46974715432617
583,45.76032370726199
584,35.215521530069715
585,30.080950670871346
586,70.32391712398598
587,41.36680030206165
588,48.49940542778075
589,33.4043728363353
590,64.97865814126284
591,39.356694014693915
592,78.05886924161673
593,58.144661749919536
594,61.425407912922736
595,29.912110001163498
596,65.41370081989584
597,42.454353936437904
598,48.31964579315478
599,59.213892990677294
600,33.949647698498296
601,66.84401070229961
602,60.18343396182714
603,71.96777014738977
604,62.31939769135517
605,38.62745121294414
606,37.30461676339395
607,66.6485391574129
608,33.826563299561585
609,28.867124822042992
610,64.5969860863675
611,45.20554307142163
612,37.47269014949131
613,38.83070736348964
614,34.56073299426782
615,35.1474175053644
616,33.5928362605319
617,29.78097202635316
618,53.25896317949163
619,34.06753643602559
620,35.196425987546405
621,56.32895945572951
622,68.70377068488128
623,63.263785841557656
624,35.91283829058727
625,77.62606455397199
626,50.042487365694235
627,69.35071059184699
628,79.58945187531981
629,33.48584977761076
630,35.51046383899649
631,36.14272441253344
632,73.31083908723069
633,36.02873232666844
634,33.256565787961684
635,41.71389147569975
636,34.37016521174783
637,67.7007090045959
638,30.140709313077668
639,76.46800094274127
640,69.61403458491661
641,42.485302977423906
642,35.3262704906093
643,67.56952778776756
644,61.401449326403664
645,30.69633232448356
646,70.60612653056323
647,66.90699929430329
648,53.19000443676407
649,81.39432206747833
650,31.32527472155819
651,29.665952350841543
652,15.209157288050449
653,31.909677599918833
654,32.769613356667435
655,42.96052782744107
656,27.956265557596147
657,75.86764951697221
658,35.334257142742615
659,40.23574971403968
660,38.59760833326468
661,23.029427253162673
662,29.663725979309422
663,33.897066119902135
664,43.14809799010536
665,75.5443047452281
666,25.16913911603411
667,41.17116294289568
668,64.59920664591904
669,36.844304531165875
670,33.153050921520574
671,28.521521746569874
672,23.193828302419877
673,34.05531113399341
674,35.89329236419122
675,71.44626070394624
676,49.43601813229532
677,31.109651295192034
678,35.83897288824097
679,76.89567064130411
680,64.9610096005099
681,42.97473928747298
682,38.19675081379634
683,53.937810105888644
684,30.81827076610944
685,47.667717447526584
686,68.69538215818586
687,34.32112059642827
688,76.4162959568745
689,57.48949631699405
690,36.261504244338454
691,61.27677799408441
692,51.331365834356525
693,34.58828802989375
694,27.685137492977148
695,70.09927101133694
696,53.63841209100954
697,72.24095182485361
698,77.29892042379784
699,31.781058357603687
700,57.349644750443304
701,39.849246091670096
702,29.107091159185796
703,35.75617837803176
704,32.09192080635755
705,26.062668680498877
706,48.22612736885113
707,69.03400710957246
708,55.88968900627878
709,47.3855944586476
710,64.89786326556943
711,56.79828732170264
712,33.763660393823805
713,69.65773977492597
714,70.74382560219034
715,20.083633393177525
716,26.507691279155143
717,65.83189763378124
718,40.65365815738622
719,43.49688804606184
720,68.5242291246157
721,64.56517536424461
722,32.298466616635444
723,31.6145506432416
724,63.3521685558195
725,42.55513859609918
726,33.17940119537715
727,58.85336915595877
728,74.46774056887932
729,30.058684258392056
730,31.14630722520028
731,50.845952298263796
732,31.640838709049437
733,45.298708277988545
734,42.33662866287941
735,26.509383035652384
736,62.49598959831159
737,43.561817919465526
738,40.658007156413454
739,29.26499812503294
740,33.42205638196964
741,66.49270362772148
742,49.14946253397674
743,39.33532869683071
744,28.488649428666513
745,49.53985362304593
746,59.54806287625581
747,58.449676194462974
748,35.44794437572766
749,40.707443370349026
750,70.00159539400474
751,43.11331395310336
752,91.0093235791542
753,45.486042323774925
754,35.972053661303065
755,48.84068823677176
756,27.3991985638526
757,73.3267168366043
758,67.87297951156114
759,57.64410181387849
760,32.755357644042434
761,44.63787215106667
762,46.73092962568998
763,37.73879842282513
764,67.44986010860337
765,71.18793075086204
766,29.09957315011278
767,91.33162066634651
768,30.641554511318667
769,41.63664936774085
770,30.7177088710155
771,73.94300860169143
772,62.04308623646273
773,28.246859925712457
774,29.58944853372389
775,43.13580182726405
776,36.10709808514228
777,30.700632735733194
778,31.968789236025412
779,33.76125907252364
780,45.551059683201295
781,48.223128855123775
782,71.68496202136215
783,71.90293854614855
784,34.54023106161606
785,27.220119335408828
786,54.344421058884706
787,68.37203396877642
788,67.53687694819651
789,42.52212812643329
790,66.87785814184522
791,33.488942733526756
792,31.221302381570354
793,33.07062878351304
794,72.88193097960334
795,38.656940065584315
796,46.79572060835095
797,31.55215322797897
798,72.10474823388503
799,68.16285676009313
800,65.34777688685946
801,51.04649698150844
802,27.692757383011646
803,52.9834197082424
804,72.23949358080765
805,66.73657841255068
806,64.39630918953704
807,57.16252912452501
808,65.48643663455262
809,46.007298408862034
810,75.85653549956876
811,50.87226467338287
812,31.578608328745556
813,74.80518867367529
814,47.04164523739245
815,74.60248922658022
816,26.61955818482147
817,49.627039389331344
818,69.18643798379613
819,32.586133883983486
820,35.75140349993054
821,51.71698430214551
822,43.6948965245589
823,61.02971769749116
824,72.44745666589907
825,81.14083817202393
826,53.96658745658334
827,40.242646054958925
828,26.72330430900414
829,40.47454658073775
830,33.49741976775514
831,64.5885031188869
832,42.67444200985195
833,49.07473057109715
834,29.598798567857038
835,63.732486678248506
836,25.5173798938388
837,34.989499611186865
838,34.19180979958487
839,54.40618536861498
840,66.78907419991197
841,71.27600914561309
842,65.40255816880342
843,49.70458781881013
844,83.97757343577484
845,35.70092555392493
846,43.707285527349384
847,32.40152107649281
848,69.86459109334353
849,43.12921094656404
850,29.701002266200312
851,59.43009641872866
852,49.17660235283437
853,32.284333794044784
854,34.65347420403008
855,30.34225954033064
856,59.24959818037612
857,30.124149472912155
858,33.93048987511567
859,66.78975149213908
860,31.419383120448074
861,41.39909892367419
862,48.181788028287414
863,30.99261699525451
864,27.871062902386385
865,49.0492514197807
866,74.85847101303516
867,30.672440053132213
868,43.080382955435205
869,62.40311917549561
870,29.86035848339164
871,29.14109891337314
872,59.53342322302533
873,47.437977978697255
874,19.87284719639746
875,68.4806847830673
876,29.084540918923224
877,32.418331267535166
878,41.36969968200623
879,32.75138285617815
880,30.539959876618102
881,32.020974866121776
882,80.5427399820168
883,32.869034108664486
884,48.42279036630586
885,28.718891191073986
886,55.62239260644376
887,49.8993538789338
888,75.09808760274696
889,58.08209939400197
890,33.40060681349199
891,31.003239457992223
892,73.1493372179909
893,35.58055042260673
894,40.47674379862403
895,21.4002326715982
896,51.96705430893539
897,46.0397636358954
898,48.77006212719441
899,71.22150002137587
900,22.538530113520757
901,72.12110761767387
902,77.25055348283745
903,73.47723792451802
904,56.82386002829185
905,85.46963652923117
906,45.19121317026307
907,71.67835269704352
908,47.710934051337446
909,55.30671440064538
910,52.07386609958883
911,71.91665064455299
912,74.93633136365021
913,65.42561696808562
914,32.52353774142755
915,42.17968606690776
916,59.29037973209664
917,48.973987540347146
918,27.484992630796796
919,35.946782457405014
920,29.564511063141218
921,34.8265876097085
922,49.18876356679209
923,31.64218892152741
924,66.10061012111998
925,80.55216714916918
926,56.303615915165466
927,37.301223142424476
928,38.902213864428845
929,32.079646808833076
930,35.261909162158915
931,32.70977573594398
932,31.786832997412237
933,52.74930006610921
934,31.817961374003062
935,48.4112024189712
936,67.49709523073908
937,19.806186633179923
938,64.31752544591689
939,60.98262571665405
940,62.86724389392174
941,40.46046885098619
942,40.22079405156123
943,64.50366395744481
944,28.016703540470868
945,69.43906072242069
946,33.14566293553758
947,55.333699068791084
948,59.975988413702744
949,44.52520679129567
950,28.599098721497732
951,49.46179437329824
952,56.133834276894845
953,53.75850297391416
954,40.7315212660112
955,86.8634431973939
956,63.739695571766205
957,41.41177190096245
958,45.80354836495485
959,29.815197447703852
960,35.00141117745129
961,47.28051742769369
962,28.99291533141455
963,67.93777795478613
964,51.49410091302295
965,38.47474796729
966,32.602415598042356
967,69.79072291026944
968,30.61563297720513
969,27.278024071114356
970,65.04429664583553
971,33.19989210097353
972,30.216661408145097
973,41.39832915877596
974,38.16242132678302
975,33.804741578235316
976,61.86288258803447
977,69.05026845438832
978,69.47574991616511
979,31.131229691625784
980,53.63240871975595
981,35.05932101634467
982,66.67421938103057
983,31.93979402496768
984,51.752450706181
985,40.71858975716618
986,29.1121961726431
987,72.6829443753527
988,28.74014979894383
989,75.2394388701515
990,37.91003613604599
991,52.4271163275338
992,38.03631873364745
993,29.636331328331906
994,72.75654053402052
995,16.763680697400204
996,46.45625327199836
997,26.854633894626044
998,73.83066555201967
999,34.537883880713935
1000,31.288554453796767
1001,64.82366218945657
1002,33.1855277669725
1003,58.859431328436
1004,59.59632468657723
1005,28.23987393835954
1006,74.78858978698332
1007,33.61503671589551
1008,58.918248555465276
1009,32.41434848181191
1010,77.62450648010662
1011,26.733314165396287
1012,34.234824600376484
1013,69.18614502564492
1014,52.33529619221125
1015,70.3606333310075
1016,40.627829310317644
1017,52.644670903189265
1018,31.017964155114317
1019,70.90465364475968
1020,28.724542853522603
1021,41.17093261050777
1022,42.968517266701255
1023,64.708572428188
1024,65.20862217998837
1025,27.50760978087539
1026,33.812422484526664
1027,32.978495407645156
1028,23.091845833555634
1029,31.48229204561556
1030,64.22514500308516
1031,34.12939377065747
1032,36.5207108200655
1033,31.96345169634574
1034,32.141845635585625
1035,67.09328394754165
1036,70.22817096852978
1037,67.75232276038867
1038,53.9343983885669
1039,66.58257455244656
1040,52.37732340588193
1041,27.19306260364978
1042,63.14527341201661
1043,71.42100667768462
1044,24.685858076546673
1045,68.15839612114831
1046,29.4397884671887
1047,35.55488317775454
1048,42.48050155362231
1049,31.11213099223517
1050,31.34100328249124
1051,70.01298126922698
1052,45.08113043605821
1053,55.93153540057038
1054,65.97847905390017
1055,41.73712585010832
1056,30.424416638197627
1057,30.89593215026919
1058,57.70339692664339
1059,30.02770094872907
1060,64.82640339287916
1061,50.32090301346556
1062,68.48035735560009
1063,58.54472639929136
1064,39.03552226354119
1065,48.764843506129594
1066,54.296529056733675
1067,49.731465813329514
1068,33.69975094799956
1069,36.05885585009762
1070,41.784548554771504
1071,24.79171445391374
1072,40.17586320664956
1073,34.303510563036404
1074,57.096904126849296
1075,37.3432824057893
1076,73.34837448672515
1077,41.91214617457517
1078,55.82370467113674
1079,50.92968876192607
1080,33.96598768687964
1081,31.127531631467416
1082,31.355604200298725
1083,72.49029275814185
1084,59.94703857752304
1085,28.93824977160245
1086,35.1200745349291
1087,64.38203513095064
1088,33.34989112088191
1089,40.159203768354445
1090,31.358552961359567
1091,78.71840802073747
1092,63.553609361089634
1093,27.73123957981872
1094,31.065484744167183
1095,72.60795482689865
1096,37.03920517094079
1097,72.33666801841163
1098,74.05683112086794
1099,75.52728430816998
1100,27.385048637549726
1101,27.41091670681768
1102,60.22385526828829
1103,30.85186237142702
1104,63.08068113874924
1105,39.05834304557431
1106,68.47259125957761
1107,59.629491055328025
1108,24.459333885616587
1109,57.7537222644565
1110,46.324254787355066
1111,49.88756951924326
1112,57.879025890269766
1113,33.6879878244994
1114,66.04750724752482
1115,63.94159458549417
1116,49.7154036758699
1117,37.57752122471044
1118,60.40652278007359
1119,44.90574141229072
1120,33.120539616593774
1121,34.13986423469838
1122,35.34560223466161
1123,36.682653053263444
1124,63.54358740407403
1125,27.28838725643832
1126,61.859306620750054
1127,51.24715306185663
1128,41.35185982364842
1129,41.21656937190714
1130,62.71879779041743
1131,81.91575746865679
1132,34.989736606496166
1133,37.98203258168119
1134,64.80065684944933
1135,48.70503424835162
1136,47.20262670100752
1137,53.2344024366782
1138,50.767815184355086
1139,43.689931317838045
1140,46.969656952598946
1141,47.98626698297675
1142,69.64842200516566
1143,27.339292859096325
1144,65.47884630493326
1145,71.10569736765557
1146,30.00481027812899
1147,47.096767049778734
1148,30.87605336461055
1149,69.04418715357968
1150,33.01322521912377
1151,33.26524318160571
1152,29.75770344436699
1153,58.81268980303066
1154,34.40793945380724
1155,37.14544165218145
1156,27.841214016754293
1157,69.33210290134679
1158,65.53994331671204
1159,66.31458893769347
1160,31.67204972761816
1161,59.22297953942892
1162,69.25764548023557
1163,28.137654644822604
1164,71.40028723369166
1165,62.466301741244855
1166,71.37477663348228
1167,68.42547769537478
1168,33.3604056171157
1169,47.140208493952755
1170,25.85576205328491
1171,71.32904059710839
1172,30.86030085022211
1173,58.601283880703
1174,57.14370768280867
1175,42.89058810906137
1176,56.684432672976406
1177,63.40884856095488
1178,38.01001329539467
1179,31.127296940973604
1180,41.18563505384224
1181,67.40127939346823
1182,52.46337172247155
1183,34.49961482931218
1184,37.30591567342872
1185,37.17908261250522
1186,65.64064500344371
1187,50.35624947668588
1188,19.46017229325436
1189,29.231691334839002
1190,27.916418058951702
1191,58.74972814248545
1192,44.01083857587031
1193,35.619047557128994
1194,40.69711183638956
1195,41.082575066032476
1196,31.2239142131807
1197,69.27299747896492
1198,33.576438324509645
1199,54.9344073075997
1200,68.11289465017737
1201,36.28743949863175
1202,74.87776210438759
1203,59.54142211011905
1204,59.959676195404676
1205,30.40022785648587
1206,33.71233890588454
1207,68.52357094453109
1208,45.50117822795841
1209,64.34654193347704
1210,53.90199795245407
1211,45.00907912790272
1212,82.03331359488939
1213,47.15633029773122
1214,70.98587237879522
1215,62.37613286928397
1216,26.916289391674514
1217,51.93267080824705
1218,31.309824883862298
1219,60.38284897130455
1220,35.59110748489889
1221,47.00037082988438
1222,38.01767811256554
1223,35.955527451626764
1224,34.58366006054601
1225,54.294500049488235
1226,71.42058546320743
1227,60.52038341375836
1228,37.9035397110552
1229,76.11285963394934
1230,40.040886096078665
1231,30.07989971845936
1232,44.489251432767155
1233,59.30139839920303
1234,64.11912389601255
1235,42.981579390152625
1236,78.53559425249009
1237,55.03473534859015
1238,46.51993887401224
1239,34.27135621872526
1240,32.70918475202178
1241,72.44566200866183
1242,35.839264128387214
1243,31.975164087695212
1244,47.41666798685472
1245,48.52507072954833
1246,67.99401687156131
1247,48.35807510056713
1248,75.13378428966409
1249,31.825480833769547
1250,46.963304636714035
1251,31.26981908732178
1252,31.23366779175155
1253,30.420488125654796
1254,74.36789324527626
1255,54.425644422788295
1256,44.983617707390955
1257,73.49592157146694
1258,64.35193677435507
1259,71.12965340084197
1260,58.74767970529946
1261,32.910749374544764
1262,29.263459462189104
1263,75.92129343146318
1264,30.517214756540408
1265,57.5002030104162
1266,31.74331260280996
1267,65.47316721166982
1268,30.792589946941195
1269,65.87980878229526
1270,37.6789874795595
1271,37.99876443569547
1272,37.88380700166516
1273,41.26028949127518
1274,66.48192860277432
1275,70.14170062505713
1276,59.68203494759457
1277,31.18316141034798
1278,43.680731918388844
1279,30.733693836485838
1280,70.04550039279988
1281,59.366169191656326
1282,48.0858588421107
1283,33.953856285367145
1284,69.5533744729585
1285,78.44063662514844
1286,38.596438636893275
1287,42.78020580039709
1288,55.27292106715206
1289,60.22903673118171
1290,34.0816023797283
1291,72.42398048168968
1292,54.40177975517067
1293,29.51436726054636
1294,44.88829369128261
1295,66.31931795694626
1296,30.55098144447467
1297,32.67944413618713
1298,36.894815418379316
1299,47.54039686637939
1300,41.206704390449325
1301,78.40775961722142
1302,66.01988945634224
1303,58.704091057271754
1304,67.35131928404518
1305,40.767144146383984
1306,69.1222411608241
1307,25.502226942342652
1308,56.90762001932924
1309,34.277064676500444
1310,48.39339062886661
1311,53.25583941276022
1312,69.97945769754983
1313,38.9913561390992
1314,28.953681336717384
1315,31.365963649210048
1316,26.472957896942276
1317,57.18442905995306
1318,31.219915595135344
1319,38.242045460305725
1320,44.128342131792834
1321,34.12325310778402
1322,69.54973285557507
1323,70.63650387914176
1324,48.979235301555434
1325,62.21778615790167
1326,35.95489842907198
1327,26.8993149807481
1328,71.64398495053379
1329,39.26962381445392
1330,64.04505300080739
1331,47.74719234378192
1332,25.49236189865338
1333,34.68161349845117
1334,73.7184924949326
1335,72.55357981808159
1336,73.92406703572155
1337,30.042865746954995
1338,45.452080626965724
1339,55.6436944638729
1340,29.251677363047516
1341,30.00406969287557
1342,30.415537740316314
1343,30.94531905897432
1344,31.071610475286313
1345,28.045442371083322
1346,52.25788349145146
1347,30.140871007751983
1348,72.86396694269128
1349,65.21832407982427
1350,37.84777086534337
1351,61.15159922053604
1352,27.407520378464994
1353,75.53538713184628
1354,66.83465293484193
1355,32.21615922433169
1356,45.00935389530524
1357,31.97051778896606
1358,29.768897415797554
1359,38.1194040476702
1360,52.010677410003915
1361,67.41972494160636
1362,40.070287697105165
1363,30.909980272276528
1364,26.40319266300316
1365,39.689398416166654
1366,33.23550618135462
1367,33.22190389279126
1368,62.58474152881571
1369,34.86835834554051
1370,36.24974971594766
1371,31.6766701852222
1372,26.864079714834915
1373,74.67777342031421
1374,27.417514531716908
1375,29.585055866617747
1376,74.43240520929146
1377,32.91386516526352
1378,59.26922379407982
1379,31.020938360979223
1380,31.67295886660009
1381,37.12517052186367
1382,33.08608650595197
1383,31.987987101595397
1384,67.70150686750031
1385,76.15805808690303
1386,74.31093097959476
1387,44.11769519605596
1388,28.348987523504263
1389,34.169534229762455
1390,72.37282783371326
1391,34.239210062341044
1392,69.12160109978136
1393,66.2667677289135
1394,38.0032302871215
1395,58.58576950656767
1396,33.566911811115496
1397,35.088351501642904
1398,60.82108978065092
1399,41.12987067098437
1400,29.338607380051123
1401,48.333495691384314
1402,25.108102118277348
1403,28.373097899310654
1404,64.77360551190671
1405,75.54709333007665
1406,35.81851451440002
1407,32.1907576798377
1408,56.09294532948701
1409,60.535065284992086
1410,32.064141152676264
1411,38.17969158564209
1412,70.53142497258122
1413,48.5339478738416
1414,60.59293394351696
1415,73.16190078693984
1416,73.02579123007996
1417,26.305080844069515
1418,61.860236371387856
1419,76.53660193322706
1420,63.746303919328234
1421,69.43808298757045
1422,74.69018164468804
1423,48.81953172103389
1424,35.14639944115299
1425,34.23979075497205
1426,37.29231694549739
1427,59.92781103553304
1428,65.55386952261316
1429,33.689691406338085
1430,76.41306853486189
1431,25.36448327086592
1432,22.74641026685253
1433,73.04014806149193
1434,58.54638295125292
1435,52.04547917876137
1436,29.578296022650456
1437,30.195225027837964
1438,84.24591441268825
1439,60.17139897061156
1440,62.34125551125935
1441,33.657899390610666
1442,41.26498240225405
1443,26.77597498505264
1444,37.56478695565737
1445,34.238691718398954
1446,39.531211244970564
1447,71.34650454607694
1448,60.61342016204297
1449,46.47572858787435
1450,51.97225143931429
1451,42.49726592050152
1452,31.607903716603115
1453,64.63342493348232
1454,43.67130649095495
1455,72.28120270386127
1456,68.85799272879105
1457,73.44110662279316
1458,41.84911112117825
1459,66.00706019421975
1460,33.53794316878569
1461,65.6673768103904
1462,69.8755286432016
1463,41.38456219117295
1464,50.02548926641932
1465,39.0167899140224
1466,46.75975310874412
1467,42.287587572307004
1468,42.11527089541764
1469,34.2682019255342
1470,37.66724158232776
1471,36.599918658788155
1472,28.772154236420658
1473,76.38733659691347
1474,48.928761359351505
1475,47.05008171043966
1476,40.01635364588034
1477,54.84786888238456
1478,66.45315636074
1479,45.716132149970605
1480,43.6364827052833
1481,51.31518758216577
1482,28.731572586449456
1483,43.742286874548654
1484,36.832577676211876
1485,44.16852056319496
1486,60.51964188891255
1487,28.903170796888542
1488,27.137012439269864
1489,30.70629385251807
1490,33.0412175093803
1491,49.420723533317116
1492,51.09494637794033
1493,74.50571360588322
1494,53.230494059780604
1495,66.26277768491889
1496,66.98174691630838
1497,27.37897016834881
1498,64.6494763373597
1499,60.801643137648114
1500,72.78129427763615
1501,39.43857574115801
1502,64.87882425399728
1503,54.8114817790422
1504,68.53252336428025
1505,29.05243047816415
1506,71.41335115888812
1507,33.16417835641067
1508,43.90353874331376
1509,38.669621220016154
1510,52.687121927893934
1511,69.43998578770159
1512,57.643881999191294
1513,33.407150172629905
1514,33.71145850186702
1515,65.51022818369094
1516,71.19065136988544
1517,33.29382445164741
1518,74.77662622790369
1519,36.53765570611321
1520,39.0418902073547
1521,49.49675368081726
1522,49.16863711332391
1523,38.10647538028347
1524,33.43705670087405
1525,32.355200415012845
1526,45.02083082103383
1527,34.959643470378744
1528,29.3017379752373
1529,28.696070083394122
1530,69.23104331899856
1531,62.61849199155459
1532,67.64198284444166
1533,49.43017475496516
1534,58.43737774029657
1535,48.940031611972
1536,58.654795945088345
1537,57.61741112041408
1538,32.509255806152424
1539,46.00151102111638
1540,65.55228326547343
1541,49.32012289950694
1542,86.55106210406043
1543,75.96284279679341
1544,52.483459772658335
1545,35.32168893524599
1546,46.01007029057929
1547,63.281573340206634
1548,67.2474810613453
1549,39.088476827932624
1550,29.309187267385056
1551,26.748247707380937
1552,53.36317631576162
1553,61.834036775023655
1554,68.53814997764239
1555,39.09836269221016
1556,34.672417058215025
1557,36.15782366082509
1558,75.62547721966153
1559,59.606049199196875
1560,67.71822874693156
1561,43.920192451885214
1562,66.58059312351213
1563,46.771162089433545
1564,62.19342947388202
1565,35.62566340722519
1566,31.166679506203977
1567,68.59404090087557
1568,40.3671284782776
1569,32.585784422813646
1570,28.092710062739812
1571,32.40003178234471
1572,50.38387750778941
1573,30.712484475052484
1574,75.63467060833858
1575,70.05060113515445
1576,65.49678661065938
1577,30.079819934477946
1578,72.47288819445228
1579,48.66602190978218
1580,66.94446379158575
1581,32.80837165009308
1582,51.12295564881688
1583,48.04412382427609
1584,51.95348924454087
1585,74.6728471717544
1586,34.02446236247557
1587,31.816264130709616
1588,30.883347392154644
1589,42.687812966223035
1590,70.41107727740317
1591,43.280486147085995
1592,28.594605671913662
1593,72.38771696792756
1594,70.7723629017677
1595,47.724742784218044
1596,36.31632170381936
1597,61.043716604398156
1598,47.90051648378455
1599,27.785031547422577
1600,32.52535764914807
1601,69.35569132741998
1602,26.3536323011906
1603,55.91741675286064
1604,46.72872150225991
1605,38.62990691352218
1606,56.44795152397381
1607,76.88031202006798
1608,37.934413758135726
1609,49.26925194235175
1610,68.05449512029688
1611,38.922845056948006
1612,53.48939181292902
1613,28.96920406091604
1614,42.24523994280271
1615,71.25416485619796
1616,42.27334617422214
1617,55.34877202867097
1618,51.0038462455508
1619,36.52685482614865
1620,28.132201037680616
1621,45.7679130042491
1622,60.106531202449005
1623,66.26878706375513
1624,75.11931886627826
1625,68.82779454111264
1626,38.95137587528305
1627,49.85124845279426
1628,29.62083769240593
1629,25.749000772088664
1630,48.22702178233486
1631,66.3541836438458
1632,72.8135698357578
1633,37.90567472988603
1634,41.18930960732616
1635,36.993870478898714
1636,45.018760315842776
1637,39.06890720190637
1638,39.82174759204644
1639,31.45333598071886
1640,41.187038197897884
1641,37.899440245356956
1642,46.48881049920659
1643,64.6627442883289
1644,42.17931491527634
1645,57.69101104058035
1646,62.720590301842904
1647,74.27027471376904
1648,21.234155017974466
1649,62.606626277262194
1650,30.619917712946133
1651,48.08812794775294
1652,44.337334813407274
1653,71.17415028637902
1654,36.117074341001185
1655,50.52383719757935
1656,48.54448665787522
1657,61.17966344167287
1658,75.84588537779219
1659,58.532464588489816
1660,57.10383570843912
1661,28.253631047727737
1662,71.41490534840511
1663,29.07992098390106
1664,73.71517846348671
1665,28.590731145867966
1666,46.03095517776418
1667,54.260870816051614
1668,64.1196316882646
1669,35.62578653790817
1670,46.900772205339884
1671,51.38971014331533
1672,69.34339732247243
1673,36.829171306688764
1674,45.76091276491539
1675,61.40505484534871
1676,71.06454335051689
1677,68.9113892085409
1678,66.74919671674454
1679,38.505577488747846
1680,35.24143431430818
1681,62.005012670219855
1682,56.93040925397887
1683,71.54826797165022
1684,63.3983410700543
1685,39.05450163473387
1686,47.02050515598063
1687,24.306604219873723
1688,72.6123604264328
1689,60.40143703095177
1690,57.37061471272557
1691,69.15361479554228
1692,38.33674170148758
1693,42.5423157301135
1694,71.20852104062875
1695,32.748886187233666
1696,49.06418285641009
1697,34.30405077762335
1698,76.65935966196744
1699,66.13763107453458
1700,30.039630480182584
1701,54.39503320666681
1702,25.354788096829065
1703,29.603348784912278
1704,30.011418682596904
1705,40.31075780867352
1706,68.4322166312862
1707,58.6949527906427
1708,27.118796681963826
1709,60.208533465389934
1710,57.1747490027103
1711,68.07135315472235
1712,38.838536151748734
1713,32.18225097178416
1714,50.87991896975808
1715,39.153671257277544
1716,59.21032652821373
1717,35.67316809490623
1718,50.35904701761845
1719,35.97450455085973
1720,42.925049483498846
1721,26.087766662603784
1722,31.665491464393327
1723,53.345749885913634
1724,46.683086298549725
1725,72.59788979088869
1726,69.07160858981328
1727,36.02676893539936
1728,49.342884438738906
1729,66.91075301699556
1730,48.104491578931096
1731,30.81113393362529
1732,43.16230534378602
1733,73.31530259730758
1734,40.922871051193994
1735,52.397231497698996
1736,31.491197469113565
1737,54.606559214520814
1738,28.344728851300513
1739,47.15000623590748
1740,36.67888266359503
1741,33.314177375102986
1742,33.62988101268657
1743,31.812984973889836
1744,82.1390040700177
1745,56.763371186221114
1746,47.973113173950864
1747,69.59651150091496
1748,73.78321041710856
1749,24.08942434574545
1750,43.848843684023926
1751,41.19594212773028
1752,35.87592885755689
1753,55.77826268215271
1754,75.1623245541334
1755,73.02913449888115
1756,61.60436822869552
1757,27.298895364402934
1758,32.491962448610565
1759,72.68119594594216
1760,33.71300076334849
1761,27.207872873711565
1762,61.75920476894392
1763,68.82506260334041
1764,45.466856715887054
1765,32.646735650919
1766,72.0998918781232
1767,32.35228907431828
1768,73.83039404933662
1769,65.35167522396702
1770,69.1726156843003
1771,38.753820627848164
1772,70.25102217795501
1773,31.11718338227907
1774,28.65625976009846
1775,37.06381541403692
1776,31.967515704955616
1777,30.190396667037945
1778,39.41278077371162
1779,55.47751811300036
1780,35.66871403558838
1781,30.902862829902976
1782,68.5335940183026
1783,29.3464297357077
1784,70.50584181387902
1785,63.167560313276
1786,34.10613357957383
1787,59.49290222509678
1788,69.54032880954512
1789,32.139668088822106
1790,43.23755230556581
1791,55.19233228045249
1792,38.75289778872087
1793,33.35864558362081
1794,67.38137149338371
1795,62.51571650257016
1796,70.37660665772758
1797,33.418624664662545
1798,68.73690633285068
1799,31.630885982830396
1800,29.7785706389133
1801,46.93039418214864
1802,54.79870217655016
1803,37.113045709326855
1804,33.88430298558309
1805,69.30603350484466
1806,31.384050015873846
1807,35.749620996195354
1808,50.07861534699846
1809,77.11909418976327
1810,49.45335927523256
1811,25.243726758498397
1812,47.908966058284875
1813,47.16772921100064
1814,41.393680844258014
1815,27.29295385089644
1816,58.66533816473413
1817,38.27959758514597
1818,34.32507598410597
1819,27.509536242973006
1820,65.26912931320811
1821,63.63075836218244
1822,74.62714930502074
1823,41.0130141583734
1824,41.66663137727939
1825,27.499312166941102
1826,29.96637465043874
1827,28.041098246395602
1828,45.0902405891758
1829,70.12048315087554
1830,27.020364897867907
1831,26.84782869564949
1832,40.84269506991629
1833,35.28842114753546
1834,67.56794343011956
1835,36.8280960334464
1836,36.0094130989204
1837,77.60380447269239
1838,61.88627368781123
1839,44.10039590867681
1840,29.881477521565095
1841,31.810178083943807
1842,41.3880132241608
1843,40.074337596091134
1844,53.097655775508684
1845,60.02306606199949
1846,31.783239226015557
1847,52.986098873102996
1848,60.576899509236675
1849,49.56261962212288
1850,38.395622366838175
1851,73.8558464063918
1852,71.47655115456027
1853,31.95679467788362
1854,59.997533774795045
1855,34.713702193868045
1856,65.49020064898966
1857,35.0386674588742
1858,33.87253299191726
1859,47.5439557192185
1860,33.11512085075444
1861,67.42688651296706
1862,43.867932722920315
1863,59.221825427607314
1864,49.414262106271174
1865,69.41697048947663
1866,66.55314925522228
1867,66.42042134571548
1868,67.04876846238895
1869,31.032704241487405
1870,64.34848599245214
1871,26.90240881471549
1872,36.439079871869524
1873,76.80447094949639
1874,31.067996037738617
1875,37.09161559277087
1876,51.28675070167127
1877,32.352510151843674
1878,36.79989349830629
1879,43.91076020074301
1880,71.23126631393956
1881,43.09307359962229
1882,28.47751135916478
1883,37.3605934529393
1884,63.73467435737216
1885,38.729949572500544
1886,52.32424995738682
1887,31.147469986332585
1888,32.59137023272631
1889,33.534557735093706
1890,60.992281551338074
1891,64.02730292399622
1892,76.04006182812503
1893,36.168875550857265
1894,55.45912157403823
1895,28.129337087982247
1896,66.79218562418907
1897,34.74678308749094
1898,30.96564320623294
1899,33.72784094673146
1900,35.91751188048393
1901,34.952572606820766
1902,36.53047832507697
1903,73.4375072026588
1904,22.5507887502151
1905,37.2525110391838
1906,42.90035342120209
1907,64.97209429683842
1908,49.22482329683976
1909,28.435847239349318
1910,70.96467596281265
1911,52.85365307054583
1912,42.19068351758876
1913,58.53576181436287
1914,35.431263000895754
1915,76.59590384248813
1916,59.06695025811377
1917,49.97005865964632
1918,37.05506380753173
1919,26.594389894461855
1920,66.86151992388365
1921,76.36650770591143
1922,62.56982440568089
1923,28.31224354698547
1924,42.71790050662687
1925,59.75293906710733
1926,72.49157633973962
1927,29.247255622598846
1928,53.4617419127994
1929,35.319497044056455
1930,42.78376689293776
1931,43.204676545500995
1932,39.2843155477338
1933,28.553330842310558
1934,28.980692884898858
1935,32.56978611306428
1936,76.70963894876915
1937,29.482381609639326
1938,55.40280710203414
1939,60.83299353364043
1940,78.84834790563579
1941,74.46413684420259
1942,34.88281307955074
1943,29.187756756076976
1944,35.25586575697584
1945,29.98475373856609
1946,34.26056748678212
1947,53.8061402344352
1948,53.11776629407957
1949,71.30106420407097
1950,29.030897980579805
1951,38.45552080100786
1952,23.261116242001844
1953,40.856239564144325
1954,72.2896263183085
1955,35.80422058492971
1956,37.09838444154947
1957,85.35708281952093
1958,30.82150665142673
1959,39.673739000767604
1960,29.788955460742688
1961,37.36359461870261
1962,63.68401496171753
1963,70.00017421996206
1964,27.12395839178212
1965,73.10619911874812
1966,29.93517225981579
1967,49.529751274683385
1968,35.73863654881794
1969,25.16346435587463
1970,38.45550976253347
1971,51.333460143821
1972,57.992616052566575
1973,43.038759211834034
1974,56.64844599211024
1975,61.10013321118771
1976,34.71440249778373
1977,29.42107469326925
1978,59.56699848676055
1979,70.52201106512827
1980,50.720118174251105
1981,19.428711021531058
1982,67.75149370011101
1983,31.877544875065656
1984,34.319495854939476
1985,33.36247847281637
1986,46.277382805938146
1987,28.930275106144844
1988,30.19227182707246
1989,51.07263922061352
1990,38.409101329985525
1991,37.54603146887173
1992,30.300948511958648
1993,56.64460908335178
1994,48.07981279197107
1995,41.357218423508286
1996,72.71910700459674
1997,68.80776597102266
1998,30.079751234580762
1999,45.76670089183052
2000,55.16060328576447
2001,35.15945017279528
2002,67.67433344461125
2003,60.212873344925114
2004,41.07907196503959
2005,44.79025364366171
2006,76.04138199345462
2007,40.09439021167253
2008,33.38648439647581
2009,50.343257223609655
2010,30.438355548466117
2011,39.962619747054354
2012,37.44543481428518
2013,71.78834175696659
2014,65.07795714140066
2015,67.84215585592864
2016,72.59257651611352
2017,31.7295930915446
2018,62.729403604555
2019,50.4566354132889
2020,31.046966790677153
2021,70.58405163825071
2022,68.14186535829042
2023,52.298257798953884
2024,71.43800531800348
2025,74.9454287234733
2026,37.147801345820696
2027,28.939339653546725
2028,29.110358492107004
2029,25.22791351925265
2030,35.97971448523645
2031,41.7117355016854
2032,71.48636910316256
2033,47.48367920922235
2034,60.97750861242331
2035,35.74472683166686
2036,32.9555547129484
2037,62.742525584482024
2038,54.30878838995014
2039,68.00711762872912
2040,62.87804589466971
2041,38.98978661690954
2042,66.39752915576054
2043,72.66192586838933
2044,28.118435633326964
2045,39.90072780498669
2046,89.44876246065182
2047,35.77916698474682
2048,38.44890991302746
2049,70.58719903198542
2050,42.292980100272
2051,43.20481774800611
2052,37.17742189130853
2053,38.692285054977496
2054,68.67117044354596
2055,46.44060135326151
2056,66.79409894797517
2057,39.940424265041045
2058,26.279439642798874
2059,51.97700126542857
2060,59.82347455063878
2061,54.554569889793115
2062,68.37717782522084
2063,75.06325430283248
2064,68.56968289114745
2065,75.04921283833104
2066,64.14836449749205
2067,72.47149437268283
2068,30.454815764413077
2069,34.79615015838958
2070,71.03932907045291
2071,50.20262521878461
2072,65.3201057581652
2073,33.75767867713621
2074,72.55163516873715
2075,51.35490317810635
2076,30.949485703218414
2077,33.20847361275814
2078,79.01231808023786
2079,34.870744099663355
2080,70.15037117026418
2081,41.18253505725699
2082,33.095111193167256
2083,33.81850350897356
2084,66.56754809418246
2085,43.31795284334474
2086,64.14454706919612
2087,28.07867183306554
2088,63.32050612801875
2089,55.55589161499839
2090,67.53379108911969
2091,32.83180138251089
2092,46.39169775914355
2093,30.341544851134643
2094,31.47555650169118
2095,32.29584972945244
2096,78.13124737227983
2097,30.469587426281016
2098,32.30345248848996
2099,30.83966060645096
2100,32.11129864306624
2101,49.99793582301177
2102,34.4314023096489
2103,36.48671674877363
2104,65.24094323544566
2105,40.725533563782626
2106,59.67340979952016
2107,42.42680290334147
2108,46.03936183730751
2109,62.53506898320826
2110,38.27979309534981
2111,25.941852807827075
2112,30.24999698040045
2113,78.96944812435625
2114,53.11168763581904
2115,29.154283675866967
2116,47.8109742732322
2117,58.97878479109668
2118,66.342331777903
2119,32.37818644895848
2120,45.193209283582405
2121,32.662189154279574
2122,34.824340844264654
2123,36.58630196237029
2124,62.213294403453716
2125,38.480483065494475
2126,32.51866496361269
2127,66.15618404352432
2128,36.208480366813475
2129,71.03612999034152
2130,61.9205906885905
2131,49.47435104042618
2132,33.78668543850266
2133,72.84287850408907
2134,27.635351516542002
2135,35.456620726361734
2136,44.95574755281555
2137,58.22094879278028
2138,60.624222471069714
2139,73.94631349831502
2140,32.14024300373977
2141,30.829405064583153
2142,30.318386850145124
2143,44.31539371442012
2144,63.489572772611254
2145,33.9449792223591
2146,72.43898335997642
2147,32.8464839732804
2148,62.71808492107321
2149,69.84737828380071
2150,50.18762422237525
2151,48.40814546732071
2152,60.88265873870414
2153,73.52007106125626
2154,78.79600973306205
2155,54.75343304360347
2156,50.20730684276209
2157,49.20991544947279
2158,72.07244937501076
2159,67.61839066980998
2160,32.9498941045639
2161,33.632537625091004
2162,34.943644568805276
2163,70.1708483161696
2164,35.17989764512935
2165,47.1867341438769
2166,34.14351558006455
2167,41.043283848467645
2168,53.29642363689891
2169,31.312157508845026
2170,28.181634520372796
2171,71.07579264725837
2172,54.07881531531846
2173,34.50622600591033
2174,41.344662159252906
2175,45.153291223030934
2176,64.71878714676983
2177,51.01772568244319
2178,67.84705555873839
2179,27.108090453965133
2180,30.632346035044616
2181,49.1597667641874
2182,38.511503044415434
2183,41.08519659594572
2184,67.06769991115002
2185,41.37012090018751
2186,31.46686177949268
2187,62.82227825607889
2188,36.02486827235101
2189,29.428204498434155
2190,69.56255491889388
2191,56.56898434265581
2192,32.886886393779015
2193,66.48241172154451
2194,53.208448955948455
2195,50.09890646595826
2196,49.64596829415645
2197,39.903280564882024
2198,29.09808378059916
2199,70.63229936149068
2200,33.46737510949822
2201,31.215111657114484
2202,69.18442277826158
2203,74.72567692145529
2204,23.98386430943094
2205,44.29969915936024
2206,32.418219872567654
2207,27.115700359194683
2208,72.91929956121966
2209,32.59351934015368
2210,72.75418709027659
2211,71.01817657956687
2212,37.78884829339511
2213,29.33802123434803
2214,44.62658678549776
2215,38.00640283295253
2216,32.97657733285599
2217,52.002975375460494
2218,69.11851450482892
2219,34.366864536774536
2220,77.10184354977808
2221,33.157059140019825
2222,30.137539624492597
2223,23.629162714710784
2224,69.54373917036784
2225,34.73219470647286
2226,26.51284970766133
2227,45.25962608161894
2228,33.09292818700854
2229,17.725072828950935
2230,65.4753586526601
2231,65.02636315569958
2232,72.41157218752916
2233,29.842100801822376
2234,53.22955486584899
2235,45.222347047911754
2236,53.88099280401216
2237,54.92234481416379
2238,34.2194195283364
2239,38.31696645935095
2240,50.734637531165205
2241,66.02862739982483
2242,29.317884060257693
2243,53.9338972972366
2244,65.35917873630106
2245,68.23913259303507
2246,55.15571153756911
2247,40.5409905116764
2248,25.655300147276463
2249,68.3369390380602
2250,30.58208891378352
2251,29.62441693554253
2252,34.8364052646766
2253,31.36074173170868
2254,62.49081151091282
2255,69.70212777971184
2256,30.757141429860255
2257,33.3413236659801
2258,35.038132919518006
2259,59.74527831380451
2260,52.47303829666295
2261,56.1205525354583
2262,65.77938250499203
2263,54.94124382141503
2264,34.63669444119659
2265,71.724822981741
2266,69.10002269515945
2267,28.513625362133332
2268,29.963025379394104
2269,34.52269779088125
2270,37.077279882502644
2271,68.90327198360264
2272,41.978780353930425
2273,28.573695463617955
2274,35.10647339251007
2275,35.64732707937955
2276,54.49514505956234
2277,34.899705852224656
2278,37.74736399122517
2279,56.94292056288877
2280,67.2704438502156
2281,41.75199548769233
2282,67.66900242242151
2283,32.147815335209316
2284,35.266062280583185
2285,40.39307043705843
2286,48.463007443332174
2287,31.000442639705312
2288,79.1749522128483
2289,65.1092270440193
2290,32.96946997085287
2291,73.93365977417218
2292,36.11548445036352
2293,39.8075696330879
2294,65.82240696895386
2295,35.841957580343816
2296,34.4371751241614
2297,28.57680107950482
2298,33.8252327864575
2299,33.2360265109201
2300,64.7052918643134
2301,69.62692730869836
2302,71.00525488605982
2303,51.56724661606953
2304,34.953409849772015
2305,48.531292897666354
2306,36.91214418859431
2307,29.151976401542257
2308,27.99358047386108
2309,32.61647303919954
2310,34.83211661676818
2311,60.117647688878705
2312,57.986975392627144
2313,35.04858529674539
2314,45.558132762175724
2315,68.23921749267072
2316,44.066720727820666
2317,31.659178426033435
2318,69.75366710758642
2319,66.82668020317587
2320,47.35259909055834
2321,34.368273662468496
2322,38.19101254857835
2323,58.97302714256801
2324,55.87706669598493
2325,47.45244786274072
2326,32.1859383701355
2327,27.28392334761144
2328,69.41899717969443
2329,67.57858373905913
2330,61.084264153432414
2331,32.013267396238405
2332,36.79599746952267
2333,75.19191538685456
2334,38.248773282528944
2335,27.6862198903154
2336,42.501471996191654
2337,29.344546718588127
2338,29.377200657830063
2339,70.58839447288027
2340,34.04191533079024
2341,35.37066027792074
2342,70.76645363711724
2343,60.942884814736345
2344,63.13393217471569
2345,53.784581702683624
2346,50.71205332257588
2347,27.931971892681926
2348,30.67263548361958
2349,65.00515389098841
2350,31.262404562400157
2351,74.06239037088268
2352,32.19534935609005
2353,31.06356215369799
2354,38.38863701686524
2355,71.29907279169183
2356,56.46296506801207
2357,37.11942892574385
2358,71.40700732034699
2359,29.458968581396917
2360,28.77689803911423
2361,31.772402338554915
2362,56.95986011613387
2363,26.3992780409803
2364,32.84911796182558
2365,25.683300236898894
2366,60.782759980304334
2367,54.10393142082508
2368,79.64085009555751
2369,35.297946950189676
2370,66.05828833506486
2371,42.78785616456174
2372,30.328584363805135
2373,77.87128675292955
2374,67.83872168543236
2375,51.19008989994158
2376,26.704006167260456
2377,32.120917754856976
2378,49.80785380241542
2379,74.02801754014682
2380,66.76108904860189
2381,21.929947347513625
2382,30.686509786215094
2383,37.171536899789956
2384,41.7649188499382
2385,63.16093144985756
2386,74.02672979383699
2387,32.1638759201485
2388,36.907942513135154
2389,43.88399183551058
2390,39.69088482701119
2391,58.88652518110467
2392,73.55086748241617
2393,42.74046507890555
2394,62.255585643224684
2395,52.8140312598383
2396,42.26637258025124
2397,28.97193719599871
2398,31.45994175184308
2399,53.55827368950938
2400,26.26255534200931
2401,32.932884636023644
2402,66.59290956698487
2403,62.77632266216537
2404,48.30195758182119
2405,64.42637954203555
2406,33.19625913330126
2407,68.06624235961195
2408,60.96319581552124
2409,41.648117435772214
2410,69.40328406717715
2411,57.885977649078036
2412,29.777516034514193
2413,30.622619449612166
2414,35.839355013384825
2415,34.124827706810095
2416,43.03792196829374
2417,27.451427581386326
2418,68.940195314495
2419,50.46431387013635
2420,50.2497307643804
2421,74.57016622041984
2422,30.015328977501817
2423,68.27778624926614
2424,69.0125271320658
2425,69.12140308089342
2426,52.02593277264902
2427,38.04826173773086
2428,59.43376388613561
2429,43.8960504560906
2430,52.01762343689182
2431,93.80476791188774
2432,89.86695041437261
2433,34.070741896082026
2434,38.26160017445383
2435,49.950227618390606
2436,56.722122820651066
2437,24.641434557200398
2438,71.73269917605987
2439,55.5066167316257
2440,24.622225368212757
2441,61.900171548828936
2442,35.371903916790245
2443,34.68756662674481
2444,40.56207751567349
2445,31.365979307055465
2446,74.936919154685
2447,69.48983610831795
2448,37.399282473731716
2449,56.262706279477115
2450,28.10014969159895
2451,36.332895882141315
2452,67.97207439127409
2453,25.72673143281114
2454,39.65735101084474
2455,29.551038057538193
2456,50.790514806159194
2457,36.912894654030474
2458,53.373360426442424
2459,37.02634849202148
2460,41.783078865975526
2461,72.58832478757594
2462,53.28398492195633
2463,52.38579270091846
2464,47.23813013505625
2465,30.671167839893755
2466,72.73723799095545
2467,32.82914503197959
2468,61.99088143204513
2469,69.57750798119262
2470,78.68081835050143
2471,61.78977642617542
2472,28.44058070733136
2473,26.123154695495057
2474,30.543252045668062
2475,59.26153098980511
2476,31.14458574864763
2477,68.89943745323914
2478,65.55991026188327
2479,28.359269012374142
2480,20.63474558896914
2481,67.47141961632325
2482,27.860889619287942
2483,28.708195400640758
2484,31.48757106997214
2485,29.607837053607188
2486,65.45302181320831
2487,42.142400614331834
2488,63.30607620073927
2489,33.642652626738126
2490,30.859447488048346
2491,52.12691628124858
2492,40.67432724874977
2493,74.32108640376848
2494,50.68883974280111
2495,56.62140673787792
2496,44.8135384822728
2497,70.31093465124117
2498,46.540511875944155
2499,31.063386387389645
2500,41.29592865229351
2501,35.25390243093029
2502,33.26708368633615
2503,29.21452931066116
2504,62.37434701858294
2505,77.2202167394673
2506,70.59827035944731
2507,27.697481676539212
2508,40.431543685874054
2509,58.73020074307482
2510,71.39534594357471
2511,23.634759157060383
2512,51.92650808668251
2513,30.930827998998282
2514,29.787022955383385
2515,29.27015704741488
2516,73.77631203385323
2517,56.064674908744394
2518,72.68873402897027
2519,57.06378216172376
2520,39.52562692690538
2521,37.53071187310474
2522,35.10669251866649
2523,32.9510263329297
2524,76.86004250600914
2525,33.99631625036098
2526,26.482819880686925
2527,28.667917283130524
2528,70.73294174594969
2529,39.85614329529619
2530,70.41749871947401
2531,64.75234206713367
2532,38.620265327187916
2533,73.2110253928524
2534,29.377804967087474
2535,37.82874268384863
2536,30.714480425146444
2537,28.601535619027523
2538,31.537100072513713
2539,30.66463284252816
2540,32.11178875637427
2541,49.37106449767448
2542,25.953588731186265
2543,24.050512308174397
2544,32.86722534164848
2545,70.20401552062566
2546,23.920377438226232
2547,77.19571639574359
2548,55.88700413501202
2549,32.812250764276364
2550,42.983106949476614
2551,36.698127032611225
2552,38.041472887441444
2553,36.387034694691465
2554,37.24771833825629
2555,82.27590608167748
2556,41.2720626396041
2557,69.84907050107017
2558,67.34537359536014
2559,56.76397953935445
2560,71.23582895903985
2561,39.56704331124914
2562,59.24955315399087
2563,70.88145425343295
2564,23.14630821905476
2565,64.85076078287783
2566,40.506442294082106
2567,33.77835740327442
2568,31.363957804462093
2569,31.73320821810629
2570,28.71374119110689
2571,32.147422361152195
2572,66.75746154815003
2573,60.19872649657739
2574,68.04683087332833
2575,53.946616256966294
2576,30.30567329591182
2577,66.88396031646734
2578,64.03602343031693
2579,27.7134946467517
2580,29.80853181381664
2581,33.99852227183726
2582,25.261952854593407
2583,55.92342658949935
2584,73.23720288833371
2585,49.091512123168535
2586,66.12827705552638
2587,82.27731534048033
2588,66.17801897280799
2589,53.96906131369162
2590,25.89680850035692
2591,65.42142330376848
2592,27.58553290015097
2593,71.89945648771214
2594,64.62322165028563
2595,60.95445160360775
2596,59.94579514848229
2597,57.751994387037605
2598,43.06702203809115
2599,29.012395544059636
2600,46.79693163012189
2601,31.387697193082932
2602,24.160153369227487
2603,62.13984378711239
2604,36.53523401419795
2605,30.923275716198532
2606,54.714141678883344
2607,67.23572130535196
2608,51.40549180355396
2609,67.64008827105201
2610,38.396740771022415
2611,57.689381134068924
2612,71.27743631726311
2613,37.52692729543288
2614,47.4522834734476
2615,28.5702193556103
2616,28.070224340093684
2617,14.291537892709421
2618,68.41572113878368
2619,53.73123350258922
2620,59.07198196521265
2621,71.39456286458471
2622,60.71859750347461
2623,69.3861508294896
2624,44.32443268475872
2625,32.78505420197136
2626,32.63851175279883
2627,31.903600656874822
2628,68.0325730073061
2629,35.09452055708136
2630,36.851400688568724
2631,33.30216026447824
2632,67.32487245133257
2633,32.09510993417231
2634,55.600409463882464
2635,68.94754291812984
2636,58.680461922065476
2637,61.34162241517401
2638,31.174147375740823
2639,33.42864269382575
2640,60.62989444861456
2641,28.683331920162516
2642,36.80388799854782
2643,46.09595504679
2644,72.84903404425751
2645,30.639902364104913
2646,63.51378448751973
2647,44.6413764992729
2648,59.9514184372497
2649,34.79679245048723
2650,63.822405210884305
2651,33.01620975437654
2652,29.731366373706077
2653,28.306137714915796
2654,28.24936118219995
2655,64.39907521085722
2656,71.36828516273204
2657,60.917755672225596
2658,62.64498739549026
2659,32.84207830250995
2660,28.21376011140441
2661,18.870333727134504
2662,54.86056650860156
2663,69.57160586921773
2664,75.21327853597217
2665,50.08491272132941
2666,68.56829399291013
2667,34.826500303669775
2668,38.09090542270211
2669,41.33651983783015
2670,27.343249653300443
2671,54.583766990692304
2672,57.262810314153185
2673,30.345320137541712
2674,72.38456123415523
2675,47.82495761426941
2676,42.91943527780976
2677,76.0262529765771
2678,38.42087165652838
2679,63.876242112246345
2680,26.534149117702093
2681,49.801947331138486
2682,35.89396072918569
2683,31.792107123441603
2684,63.6765915205295
2685,75.43686234082156
2686,34.25141301486121
2687,44.933514225034905
2688,34.40544704190393
2689,66.62646095328537
2690,63.552267229636904
2691,37.459944111028605
2692,36.023478323360195
2693,38.476898141431
2694,54.363276256158976
2695,27.997290168180985
2696,65.2645963369605
2697,39.53010838809098
2698,69.49328520261406
2699,39.99394824322049
2700,32.829614701688506
2701,30.526070027709828
2702,44.44059702551584
2703,51.664513028650134
2704,81.59153519985375
2705,94.31428915590183
2706,52.95424322858282
2707,67.56843125577315
2708,34.61097023861376
2709,32.7272829411333
2710,66.19340839222463
2711,34.98179779580282
2712,41.07455128007178
2713,49.5084222347905
2714,73.04618565285251
2715,68.09325450595638
2716,67.34845643707607
2717,22.827049695683463
2718,46.555018607073286
2719,23.419566420951924
2720,31.913354614894686
2721,31.68019209613083
2722,66.6879757222663
2723,28.434128386378166
2724,73.22756811341725
2725,36.27832599452968
2726,69.70183259843762
2727,20.422740219960566
2728,50.00664272877008
2729,47.46694780274123
2730,33.62757249753681
2731,35.69513000890482
2732,47.728813312491305
2733,37.22765491223069
2734,30.65284195271281
2735,72.2106831934148
2736,69.91094250265661
2737,41.06553996240885
2738,24.100617436715194
2739,71.76972377788675
2740,66.83126449862657
2741,28.699987689338432
2742,46.06082481690844
2743,43.174946006896114
2744,50.96814624242757
2745,48.530457936688684
2746,46.2470407681326
2747,74.17477657763638
2748,56.30106548639665
2749,39.44497556164973
2750,44.95945129050439
2751,71.06671135649225
2752,55.767437850328605
2753,43.770492619591
2754,38.78063878003397
2755,60.77668402103171
2756,27.249267366046915
2757,67.79244873498222
2758,69.10562720839754
2759,37.707244521012626
2760,38.82013978650724
2761,34.08408923151741
2762,42.24590208752813
2763,26.229977381472054
2764,60.457114629299234
2765,65.58846502609154
2766,74.16126246145002
2767,80.36300520751317
2768,61.40415938158357
2769,33.86900758237464
2770,27.311908005074255
2771,29.386876435334713
2772,51.532303959901085
2773,70.40097098852672
2774,39.063909578784326
2775,35.85939867667176
2776,66.09711383918724
2777,37.82664627851477
2778,36.3130256907349
2779,66.05121614172934
2780,33.963838405810506
2781,72.18060760900265
2782,38.195371437507085
2783,72.92833013401135
2784,66.38427586538516
2785,37.86836961758276
2786,71.8731617678787
2787,69.63777295782762
2788,35.349363639566036
2789,73.98486596007788
2790,70.81583128330861
2791,49.07531161023782
2792,38.227579135866236
2793,43.73879640453247
2794,63.92747179131574
2795,38.676049369188235
2796,40.90851299139125
2797,29.034928130612602
2798,27.73053336645711
2799,72.05662003438346
2800,41.830860411412075
2801,50.694872556467516
2802,47.86096421694316
2803,69.68504815365209
2804,40.18503755144699
2805,32.084267045107694
2806,84.03192334744871
2807,38.3551211948099
2808,42.230028890571745
2809,56.65326068873429
2810,33.558120747539995
2811,68.68403167079364
2812,34.89036292228967
2813,69.92960749869117
2814,51.20811207317071
2815,30.481296394563458
2816,63.38610734222404
2817,40.92191625770869
2818,36.24586429214446
2819,27.273771015574454
2820,65.80411886917418
2821,65.55239239401887
2822,29.656992765014753
2823,39.638838020227155
2824,29.21450532025573
2825,31.28294627735775
2826,74.78007877597676
2827,47.65116420502217
2828,38.66474953161806
2829,66.89776791743037
2830,32.325133751102015
2831,67.90316859419013
2832,68.3305422665682
2833,41.76742609342571
2834,74.16728473976178
2835,35.89480280217019
2836,29.707515023528625
2837,69.02260098389243
2838,54.32368794509732
2839,76.91017373131169
2840,62.8811859917977
2841,25.20847957920754
2842,62.52089694103621
2843,70.71769445421037
2844,32.77388938325133
2845,40.66885277418441
2846,50.278625833974786
2847,69.46949624094754
2848,45.50950235501315
2849,61.24634082153309
2850,46.908361609316835
2851,65.81223473752812
2852,57.50543812145742
2853,42.830484974923344
2854,27.876262251041357
2855,52.324143900966384
2856,66.14157941589428
2857,62.20877989182536
2858,61.67882619930367
2859,36.80343423185634
2860,38.865145540605965
2861,36.39356127970498
2862,30.742025688391223
2863,62.251968263877316
2864,36.2396329329645
2865,26.505778964646996
2866,61.13302382253057
2867,28.530036655794614
2868,54.745093813706085
2869,33.763638781571906
2870,26.46779196370723
2871,33.65062353831837
2872,74.625116702248
2873,22.547579296664846
2874,71.5796491537872
2875,37.363243966367726
2876,36.83055084599113
2877,36.57686484353852
2878,62.33206389855841
2879,61.36499343635317
2880,46.54139276410648
2881,61.849511302566064
2882,76.2828600281336
2883,45.26588824257349
2884,75.0629853852831
2885,49.95587914747325
2886,30.137940745955028
2887,34.03000600660289
2888,61.75530883407015
2889,29.24774609043935
2890,35.58368750296221
2891,48.06415629283605
2892,34.439230834197524
2893,77.18236159391856
2894,32.663791627953756
2895,48.767698208613176
2896,34.695717107934954
2897,27.921102819049416
2898,64.36416870380086
2899,43.09274067268932
2900,35.552698700421445
2901,32.07888941164923
2902,30.294385095768554
2903,76.43297318373891
2904,31.931223358615803
2905,55.184411375988645
2906,44.01148491871615
2907,40.04684197179678
2908,57.2594907993762
2909,69.54315591308806
2910,39.385029585755404
2911,62.59320423847068
2912,68.26746533220327
2913,43.507197952396695
2914,41.824899531705334
2915,66.98785718682043
2916,48.21076180309511
2917,27.34597801748646
2918,28.634544141495155
2919,38.10911320156914
2920,27.803946155546182
2921,24.674357772157798
2922,19.889285093381144
2923,60.16852065586066
2924,33.270899972449286
2925,37.37180942078124
2926,26.978697353856685
2927,67.88117189240282
2928,37.17920267406539
2929,33.94475923870593
2930,44.179516266874245
2931,35.85428208136629
2932,29.410848673337416
2933,40.029978326180995
2934,40.245298549603774
2935,47.614689448291095
2936,75.54138178278335
2937,27.226812086749284
2938,64.86776338150901
2939,33.11222157028396
2940,32.22920362648328
2941,29.034280741331727
2942,59.144514595421526
2943,37.71075267668317
2944,74.619828692348
2945,67.7835365889777
2946,47.998616842543676
2947,29.13548826494465
2948,25.005067509011617
2949,61.36534322598505
2950,33.90445085791765
2951,35.96020964439481
2952,67.80522676961546
2953,29.94540443459783
2954,42.744399881035825
2955,35.57207405114172
2956,51.76402072694803
2957,67.639327618489
2958,27.616008502028677
2959,26.290413724893433
2960,39.01297824727147
2961,49.0788612929735
2962,75.42445804457739
2963,36.9826382952997
2964,33.53482926590543
2965,69.12681701470356
2966,85.463243402282
2967,30.415384405537527
2968,47.78256171844225
2969,35.20490024282376
2970,31.06228030670626
2971,31.706611070353272
2972,39.856922116995925
2973,33.700273252588886
2974,31.674310498588028
2975,34.72517619732209
2976,34.34511466562539
2977,41.379018296413776
2978,29.547928000811094
2979,31.29421337245794
2980,66.25069215073472
2981,68.64789547136333
2982,71.49874249608041
2983,63.079062686800036
2984,36.733439298591364
2985,43.243428463818205
2986,50.49119279050533
2987,25.158049636169167
2988,70.46272272279234
2989,70.86892744150055
2990,69.963863497832
2991,28.59942260220404
2992,71.01850993022964
2993,46.91644106017547
2994,69.40107252426148
2995,31.799400609997885
2996,50.48423988399241
2997,35.7311410697045
2998,70.66810195341536
2999,35.86588490461331
3000,76.9069153336761
3001,79.65222834711402
3002,47.49184982696973
3003,31.660637299654375
3004,39.68447994642321
3005,32.28952203130186
3006,27.758262838818954
3007,74.83816166102247
3008,33.87211523613138
3009,34.35442743862361
3010,37.463863500428474
3011,78.91705297892686
3012,71.80844261802392
3013,62.11292994466296
3014,37.80166678833936
3015,67.3463554474786
3016,70.7612854843373
3017,69.03932141119896
3018,34.33198021060569
3019,32.465071646618355
3020,36.159411565248284
3021,33.80182194499238
3022,57.539701849355495
3023,45.16954912104413
3024,69.68855716111852
3025,64.2486839035397
3026,53.57857910861235
3027,29.412807135355834
3028,42.500109450822784
3029,48.293692623033685
3030,78.17420430722905
3031,32.352217445960605
3032,42.80550187437457
3033,28.114820316248213
3034,57.88999155184492
3035,66.65533479030232
3036,68.28313606676
3037,32.53076592640862
3038,69.58618376068551
3039,27.60029370648906
3040,65.90494370411756
3041,72.3605771504211
3042,33.811643014838985
3043,32.31483758376172
3044,41.495325272315284
3045,64.38205620315294
3046,41.50059825138098
3047,43.65899896820747
3048,32.464726920491934
3049,30.7644858229284
3050,24.49580907742048
3051,36.85510772037111
3052,71.94293210689428
3053,45.10876889129754
3054,61.01895496783055
3055,72.8606146552295
3056,36.39518846596167
3057,31.246934824380805
3058,34.980288553518626
3059,86.25181815776283
3060,50.91912768834024
3061,69.99069959308635
3062,36.40004765638791
3063,29.071437605929635
3064,31.144441348839713
3065,75.96202939842317
3066,32.595307138932746
3067,65.09170303174342
3068,29.206942717006054
3069,35.135664051812206
3070,27.45798771586073
3071,33.65543319689894
3072,62.462260097783
3073,30.501066285470927
3074,58.00992196676672
3075,31.73185383989928
3076,45.95992822789056
3077,45.344392737406785
3078,54.78709990177843
3079,71.01374382101639
3080,28.162048172075647
3081,29.967189932379426
3082,73.69095943327088
3083,62.478818604065545
3084,60.994028663142274
3085,34.37073267856434
3086,29.941391197351564
3087,27.199253341787188
3088,40.26978970276012
3089,41.91750982640782
3090,59.10785137412818
3091,59.573118446642326
3092,33.70761289206793
3093,69.11353861076806
3094,32.40489073709954
3095,59.11931322172953
3096,72.50726810296891
3097,35.16796431212482
3098,35.17429053016901
3099,57.37771887163021
3100,37.20450028347871
3101,68.46441074328587
3102,33.699780046216986
3103,67.19504489335623
3104,42.61157936549486
3105,36.317934850963084
3106,67.50630919465783
3107,48.05865498333723
3108,86.81881582969658
3109,69.03409823088664
3110,66.16603189466653
3111,70.09427280092376
3112,46.42769121944963
3113,36.782393166984725
3114,37.99785405297112
3115,23.318097310844497
3116,46.221051138910994
3117,36.082657128766655
3118,42.75749434851775
3119,61.55833209593131
3120,55.47123582606746
3121,46.428201977132545
3122,46.192027563660375
3123,34.65321081236164
3124,54.728430025526045
3125,46.02842699080044
3126,31.46462300165077
3127,34.66320373124806
3128,37.018701439042935
3129,29.72158623516052
3130,25.190067530186
3131,49.8939437149023
3132,17.818785511886897
3133,74.49285833422147
3134,72.92909662220714
3135,48.34483342938571
3136,75.24147420421022
3137,33.77091703728479
3138,30.288096918697597
3139,36.03535289956581
3140,22.367238051333224
3141,66.3203588090671
3142,54.331329642907384
3143,47.16776853402878
3144,51.655228602921376
3145,25.734445653419016
3146,31.58367845715697
3147,46.00085157731102
3148,26.61938986270258
3149,41.63712835884458
3150,0.0
3151,34.45789488063221
3152,31.372723042977857
3153,35.143709786946
3154,36.75282570419792
3155,60.96176311682792
3156,29.01869887914598
3157,29.78872419902131
3158,32.0345609050949
3159,38.52501038589906
3160,70.58923920901447
3161,33.13696084877327
3162,61.797152758232535
3163,57.44001063811717
3164,21.28979870483537
3165,53.63098431361865
3166,71.92577884363997
3167,41.803202946044884
3168,40.2291919423608
3169,28.05682837807908
3170,44.881518507343365
3171,35.728641482422404
3172,51.05555056464263
3173,32.93290396319284
3174,27.414123840290593
3175,54.79374571162067
3176,27.305806577673795
3177,71.36619109565144
3178,42.6862968295561
3179,57.276620911294195
3180,30.34861205812764
3181,76.58220094184277
3182,29.87636168969622
3183,36.658105625432924
3184,28.398771517671303
3185,31.721429025167534
3186,29.511009514486993
3187,71.00805893784954
3188,33.63897160183597
3189,41.161088174744194
3190,66.26129122761995
3191,66.20110057382604
3192,43.70893956152843
3193,79.85161932068503
3194,74.28415966908847
3195,31.088613482490587
3196,29.310312179525006
3197,58.90914347031847
3198,73.13978345328917
3199,76.68009111610515
3200,39.05430133413249
3201,21.962665178465315
3202,25.2619673336281
3203,53.78920184612818
3204,65.12438061446333
3205,58.54255047824231
3206,37.840689316924255
3207,22.794314541276577
3208,31.327219686433303
3209,66.61639685109387
3210,50.537424913492
3211,36.41200186164663
3212,64.23936891004391
3213,70.03871015765316
3214,24.834526282696615
3215,30.74061273597041
3216,31.652916768529796
3217,43.69509132261258
3218,34.2669899737878
3219,64.6543211968451
3220,73.77408255343084
3221,67.44849119360421
3222,34.19265780751694
3223,40.14280227682957
3224,34.84030419195194
3225,31.381833370637068
3226,31.42011282143761
3227,61.74918267043789
3228,71.78767301104739
3229,39.95890176647373
3230,32.76508324940577
3231,30.18222070010606
3232,30.744061000117657
3233,67.20312783434304
3234,34.464325383217314
3235,46.042157921715216
3236,46.91843885843365
3237,63.583342382044535
3238,59.05260035075045
3239,27.31849769833021
3240,29.60180273615153
3241,24.660381060668843
3242,65.19135042615919
3243,32.059073781324884
3244,28.681623130470268
3245,33.719088473974054
3246,74.07377721666822
3247,53.45508006046185
3248,57.581629204144825
3249,62.744116108025345
3250,62.16582751001953
3251,64.47481168603753
3252,31.09493398345992
3253,88.75394151046463
3254,70.4798862956608
3255,46.63587617223479
3256,74.98077735266865
3257,35.62682570808178
3258,28.870223428514628
3259,40.33772350232749
3260,57.73171614227417
3261,34.546427148621426
3262,58.497129377211145
3263,32.21111349410967
3264,28.53620707648605
3265,35.13648895145119
3266,36.072165881931866
3267,57.16097534840998
3268,66.2950779801015
3269,76.0089459494468
3270,66.03866315422201
3271,35.50131955514485
3272,70.11291487020986
3273,32.40168973252112
3274,30.047925908060495
3275,31.548423915322722
3276,57.171189046204134
3277,77.23237783404244
3278,36.379779531050026
3279,26.480916656360044
3280,71.31739502336967
3281,70.7279510992824
3282,63.31471974636928
3283,27.216886348532345
3284,28.307447475091863
3285,54.249411366498606
3286,34.67730482656309
3287,32.29899508808532
3288,32.608503880057015
3289,54.869969852236856
3290,67.90967388070457
3291,67.40879007918292
3292,30.490505129332384
3293,70.37733066151085
3294,53.76391767688514
3295,29.358250137419105
3296,37.12851843198562
3297,63.409879301375085
3298,67.69544474156802
3299,62.2444774821905
3300,69.22985130166316
3301,74.17116165605478
3302,81.08733989244566
3303,29.344733580212623
3304,30.823765113565962
3305,71.10234475703854
3306,60.05694751377209
3307,44.984373884626734
3308,24.4892569080493
3309,30.577905013178817
3310,27.57741652056976
3311,62.720637329928785
3312,32.16613772874553
3313,51.4306042605158
3314,32.86177335148427
3315,49.91406439163679
3316,65.86159775499118
3317,60.70098808793677
3318,28.28934340938042
3319,30.390727693561285
3320,42.09922192657106
3321,29.229420256040854
3322,67.73453828495389
3323,29.719545596862023
3324,59.92494445169838
3325,33.38697052979067
3326,48.47227568889556
3327,27.782582298354104
3328,70.33115870384239
3329,68.04808848555592
3330,73.73730680300352
3331,32.803737441442976
3332,50.55458412834749
3333,69.18706389809768
3334,65.99739885252256
3335,33.223655684843656
3336,36.107548079242875
3337,73.68933959224233
3338,62.56704843439206
3339,31.491119816643163
3340,42.51286681079627
3341,36.59891130560904
3342,87.59575990427443
3343,67.21168174874856
3344,71.01723497394644
3345,68.41425632489782
3346,59.652935963622376
3347,31.963450990720517
3348,31.2636430573096
3349,24.761176813392876
3350,64.2521061220189
3351,50.50049390205099
3352,66.5018582769008
3353,30.317635354645635
3354,31.724654052611456
3355,29.33881202703615
3356,69.74371249974733
3357,56.843417522669185
3358,53.44222553004321
3359,39.97028248886478
3360,40.66194022382836
3361,56.13504488203155
3362,59.416123516787664
3363,77.46694409897688
3364,38.50398597965048
3365,46.20582887061794
3366,28.353321930379888
3367,52.234777194893184
3368,36.69130841619828
3369,49.16100099573171
3370,35.93073464811158
3371,30.426402297734363
3372,37.2520902600991
3373,65.32132511164329
3374,22.545403877624025
3375,52.52580079846881
3376,44.112886097629854
3377,76.24157333424185
3378,54.52685946593063
3379,28.34934625537922
3380,32.3464236685226
3381,34.77460978724542
3382,65.80287557376221
3383,28.101256446542006
3384,28.147591583140375
3385,29.05009434024693
3386,29.967266125435327
3387,69.51540020209954
3388,60.85614894158124
3389,32.1470350507966
3390,40.23457062902597
3391,35.6364025187241
3392,27.353588171428985
3393,82.76203729140391
3394,74.30767365947091
3395,63.9161466940684
3396,34.92030526742394
3397,33.951701294848256
3398,32.768878756749345
3399,60.3985957790241
3400,29.082913926951395
3401,40.10848033447611
3402,55.64235427518689
3403,40.77452448718212
3404,61.43063417814719
3405,75.79047601985783
3406,40.13389951832101
3407,30.539239784892708
3408,29.490395295015144
3409,68.64323269797154
3410,59.27020007216293
3411,58.36956757881814
3412,45.68119866010414
3413,37.31702942642116
3414,43.80292357317416
3415,32.185859936794245
3416,76.10476941863065
3417,69.85109377507519
3418,32.688797671704215
3419,28.20444240093211
3420,66.56448862349136
3421,33.86612680986359
3422,54.85464614099443
3423,43.85634450931484
3424,49.84083014399911
3425,33.34400648608212
3426,63.04339681772634
3427,28.900359207672437
3428,35.38935049555579
3429,49.678376984553964
3430,27.96146634785691
3431,65.88340921884148
3432,49.494302558170126
3433,55.96290795919669
3434,34.88497023214209
3435,71.46366353099303
3436,43.7909302643101
3437,51.039570101923005
3438,19.961581433371556
3439,69.94305033177476
3440,35.24048532856375
3441,43.725129192828035
3442,31.317801443804854
3443,29.476466323221715
3444,72.9600924895804
3445,35.930364333269594
3446,25.067434664250445
3447,48.52418207327591
3448,55.82038412139575
3449,43.64267332822385
3450,27.602869733733836
3451,34.91733265753843
3452,52.04171334804225
3453,47.043695669816536
3454,73.26716592716444
3455,32.953638629242406
3456,41.128917132785055
3457,68.28953696779037
3458,59.09395113222359
3459,37.69372118815374
3460,29.758949416803603
3461,36.08034632814038
3462,63.82904680259837
3463,68.93690577962704
3464,33.77925302144476
3465,29.784804328393815
3466,90.17825223732277
3467,57.60160601754855
3468,36.67614566151045
3469,31.283248734342482
3470,30.27143583795992
3471,42.157934624421344
3472,56.22534165574726
3473,64.41167766291896
3474,66.50131060904732
3475,71.86689851039192
3476,30.895824064462506
3477,50.86113006419428
3478,48.554526449625484
3479,35.05504828501294
3480,31.626348919517298
3481,32.98375679672965
3482,33.5918265526839
3483,57.41231171313114
3484,26.554806433534473
3485,61.46036443968787
3486,44.51047517206483
3487,26.832444515906246
3488,30.060105452356492
3489,71.83916912714074
3490,69.88550199651537
3491,42.43139232371276
3492,59.53132646424119
3493,75.99021961309407
3494,27.701385347013186
3495,41.826679985942306
3496,32.58153267540297
3497,28.884767622791994
3498,41.52979176030304
3499,48.561562405979
3500,32.658254090206974
3501,27.820530849087916
3502,73.20315592830887
3503,58.05092416422738
3504,33.1563277133828
3505,39.138662240294686
3506,77.60930933595913
3507,29.963440972072448
3508,33.52108555954315
3509,30.7464541841216
3510,30.584753974471038
3511,59.51673710330647
3512,31.28585532993866
3513,25.461585930641856
3514,17.257923891731128
3515,73.50108346584256
3516,73.57361402468649
3517,29.41767549391076
3518,32.84101246481707
3519,69.57301443432686
3520,73.38594218003847
3521,40.5443619410534
3522,50.01507442376577
3523,32.05500607877246
3524,55.65769492643859
3525,30.931535481845156
3526,28.45858333410798
3527,31.565313922903005
3528,30.070263277877327
3529,42.52035129460143
3530,67.18936217764377
3531,30.221439207962014
3532,56.97911263238545
3533,41.42383480327082
3534,26.680178800297288
3535,75.56615950815072
3536,47.802182320023064
3537,27.890453054189578
3538,32.110310852421016
3539,33.48441944241891
3540,38.08716127251203
3541,32.52503014809625
3542,41.05369507687567
3543,54.42481432442577
3544,33.00865026814378
3545,77.60937462453978
3546,64.32994520210785
3547,37.820188285075304
3548,24.00338569293948
3549,60.559160646823116
3550,45.25127785579113
3551,29.97948171821823
3552,38.33367124897286
3553,57.26340111314622
3554,36.55341054652945
3555,47.036936917099275
3556,41.46722639113089
3557,61.39856251339921
3558,71.87165128750091
3559,42.639011544152304
3560,73.19829945296172
3561,35.29135135430739
3562,77.3902112341122
3563,34.459277254916984
3564,36.91297695214721
3565,61.485047394792076
3566,43.44266185237301
3567,44.97704664633572
3568,27.713188080758805
3569,61.21126702436332
3570,45.5740737703425
3571,48.80520705206122
3572,39.34840947287973
3573,56.87949073614238
3574,63.890403614108195
3575,54.33344560201294
3576,59.40793217674762
3577,48.36769503758412
3578,30.296526007163177
3579,36.43187686590347
3580,69.97271305647087
3581,40.37342409232399
3582,29.99887424007197
3583,33.4797891756509
3584,45.47417193081642
3585,30.39053751468627
3586,78.76416253565256
3587,68.52001139527819
3588,69.42280896946336
3589,72.32598664160805
3590,39.14311408330003
3591,77.75490718535349
3592,71.40858575631745
3593,28.29505079213963
3594,27.847286855042164
3595,57.709480579617846
3596,26.284113398793114
3597,34.48880767649714
3598,32.07260887271909
3599,75.62950442735793
3600,69.53042625381133
3601,36.47318272799872
3602,40.82939036921446
3603,69.03113878437487
3604,37.55908484737844
3605,67.52500412512944
3606,32.53683226710781
3607,37.73739931457763
3608,64.62294906977334
3609,38.129174113716545
3610,31.36351990480597
3611,46.84446212740161
3612,59.12247082052214
3613,62.971017115179805
3614,50.154626317621336
3615,61.837541524290934
3616,30.372744562569032
3617,62.72374438838801
3618,32.95035517428838
3619,40.52215126656922
3620,54.82166240161677
3621,56.006142070960486
3622,42.81946881770503
3623,56.87033156296511
3624,43.12314916488259
3625,30.047076736595688
3626,42.07748712566645
3627,57.22356411588909
3628,29.2149294305607
3629,66.54510427167452
3630,69.89012284773958
3631,31.28956022662072
3632,47.65959456616866
3633,23.027703689904865
3634,69.10344414374421
3635,49.204916083793286
3636,53.12719234008953
3637,59.6630796471417
3638,62.958181272824405
3639,76.60033425757669
3640,36.333640661076586
3641,52.35145653454635
3642,39.5661290660115
3643,52.45160439765081
3644,29.70206102584634
3645,44.896228711496555
3646,52.503162271090346
3647,60.66466314162207
3648,26.648757331912506
3649,34.457809440113685
3650,27.459807191784478
3651,30.162956777491207
3652,46.18621114052428
3653,30.762874303485205
3654,64.63640186899171
3655,70.62642973087978
3656,39.94687405108263
3657,31.18420614989503
3658,62.853522735238414
3659,47.71125121557983
3660,38.82652403777153
3661,69.4018745559941
3662,29.24270269764597
3663,31.924983863259655
3664,71.30859767307919
3665,29.097705159049326
3666,68.30444085726407
3667,36.362712198407564
3668,52.68113672187056
3669,31.006578461710937
3670,70.22759514888104
3671,37.64061312262413
3672,28.02144660443678
3673,47.79215502715591
3674,29.89043834045214
3675,65.20380822300694
3676,59.34675814958881
3677,65.36594977241357
3678,67.12377480629101
3679,45.681587784272466
3680,75.10491997778371
3681,43.72961721306587
3682,50.49346732540208
3683,32.917551448925316
3684,59.547213209046845
3685,27.618619470449058
3686,49.28267893519598
3687,64.86958931989864
3688,65.08725696263511
3689,69.99023256428487
3690,56.799962566647004
3691,24.134186519182915
3692,73.11820918393542
3693,31.48568279679022
3694,48.448495858112764
3695,38.66873220134534
3696,85.53095739202227
3697,53.85537312577235
3698,28.332954885891365
3699,38.8373120033822
3700,33.45555003080973
3701,53.13218661
3702,65.82395138472747
3703,38.114119836473485
3704,71.98483811491508
3705,70.93602747259601
3706,55.343925882977295
3707,33.06222385181013
3708,36.54305926641587
3709,63.855085666491206
3710,44.359428791838006
3711,35.30844130139559
3712,31.307029219448303
3713,71.85768484436093
3714,66.4443836797887
3715,25.660515934397253
3716,38.181129589987336
3717,71.49957308951639
3718,70.34076298821428
3719,61.43871898638208
3720,32.4305283859507
3721,69.31847855063883
3722,58.42234413897677
3723,70.10063287185463
3724,31.085676588136383
3725,35.86926890972579
3726,35.771774017913145
3727,53.44895350709264
3728,15.96432981859671
3729,69.02500230489773
3730,34.92688388310722
3731,39.72302392893865
3732,52.85312440127481
3733,69.3316625833988
3734,66.1554959088862
3735,57.93764132799638
3736,39.18715727551641
3737,77.14793843727597
3738,73.98796461805105
3739,65.85566384484915
3740,38.22013401767644
3741,61.35915979027409
3742,64.82489771730926
3743,43.33179875861685
3744,54.63193289192921
3745,50.61438746424911
3746,67.3604722100622
3747,62.42328957464135
3748,36.18593535674917
3749,42.41150491934481
3750,33.50222322333616
3751,38.83128922867574
3752,31.919086541883797
3753,68.47436956314651
3754,61.2728495411768
3755,35.526253403624395
3756,58.75878109274866
3757,63.7057453048832
3758,41.602765751771734
3759,69.22071305052363
3760,69.86902227188159
3761,62.52573969787759
3762,30.922737692172277
3763,65.89043543503371
3764,37.82227588054926
3765,64.45571419563326
3766,53.889413352103496
3767,35.326352205688615
3768,33.486529777017175
3769,30.766742941537174
3770,29.706667583980458
3771,71.50749113501873
3772,47.78607071308425
3773,51.37497640557766
3774,33.679083627626966
3775,65.3583331880922
3776,77.93557317801827
3777,26.647653926581768
3778,75.32976868127196
3779,43.715969088971555
3780,26.844118845634505
3781,55.51356843703155
3782,35.74876160952394
3783,64.00125826283318
3784,25.535555996173922
3785,44.19023887836519
3786,53.25308376353941
3787,59.122266299261156
3788,71.81731248406062
3789,73.8701059956472
3790,39.16655785591763
3791,82.50849839725599
3792,30.781894158933245
3793,69.75676678453205
3794,49.95616952789133
3795,33.74749203900455
3796,68.83885228529729
3797,72.47530236830914
3798,64.08879761816131
3799,31.773908217009406
3800,42.56753282637264
3801,72.03866064959193
3802,24.774523741070638
3803,31.88384403942016
3804,58.49720272902088
3805,43.81967729736449
3806,75.87879743579356
3807,74.3077678922807
3808,68.90620269092993
3809,74.94279305734035
3810,77.07440586381523
3811,34.253843866935405
3812,63.86900429740551
3813,35.43536144634574
3814,28.42902481607309
3815,71.76753493149505
3816,72.40681327509222
3817,32.981304064088604
3818,46.00767472226242
3819,49.739567823494006
3820,66.28838931972149
3821,43.50255891360347
3822,32.09473688415136
3823,29.801997527277173
3824,63.92292405039902
3825,36.4581392317802
3826,48.10147173193287
3827,63.58417985371987
3828,41.980661049781325
3829,27.74785452532557
3830,62.529016470476606
3831,57.69044611471532
3832,35.592932707974754
3833,27.78174554009982
3834,39.86263315134552
3835,74.38998840420712
3836,53.26606550895951
3837,39.237692583170414
3838,62.990748027548655
3839,31.568412028140088
3840,71.45098414880931
3841,57.323733670468776
3842,40.19684008357544
3843,34.268807309517705
3844,69.21263371154467
3845,42.30306952705916
3846,35.26718671134303
3847,44.72491764861743
3848,36.253706375960775
3849,24.201393282550672
3850,47.07767458986596
3851,37.813099033257544
3852,63.81572456529285
3853,43.071198259958905
3854,45.71574744089515
3855,27.574597567024274
3856,29.444290906110304
3857,64.9733165942479
3858,36.02523297695688
3859,61.643493434849155
3860,44.35385733249592
3861,61.55058146836177
3862,60.302847807263895
3863,33.59761128284904
3864,54.22805896494542
3865,64.61809229747537
3866,31.67110703593288
3867,70.33480396262634
3868,27.795569409215474
3869,45.13021569694606
3870,72.33909083636578
3871,37.20866523245884
3872,34.51915923898532
3873,58.09529935247455
3874,32.465861723297714
3875,32.935475744780845
3876,26.468727698702608
3877,52.607561906258574
3878,67.225891845251
3879,45.83301581468305
3880,53.56973725408016
3881,34.53523629020734
3882,50.88937337091116
3883,32.69443158895631
3884,43.14641003671228
3885,91.78645673096632
3886,36.4949290710705
3887,29.039004423224387
3888,30.29024946887062
3889,21.191471072644056
3890,86.27665022964746
3891,72.64441625904645
3892,34.46370850434848
3893,29.821263717376826
3894,31.020040796386432
3895,57.44244808575544
3896,31.971184010415524
3897,28.350277507024675
3898,31.22061525208084
3899,44.24994220535941
3900,28.26770624095905
3901,49.36639848461093
3902,70.43403959618297
3903,69.17515065879694
3904,37.53376900337596
3905,29.638865949805197
3906,75.35256442973952
3907,48.89379773876773
3908,32.153284907657536
3909,58.93157950664612
3910,50.51829524309751
3911,53.48558258381326
3912,30.63792522240962
3913,57.392726124565606
3914,68.33033534363106
3915,61.99380042168665
3916,67.74621711035398
3917,60.67689909430697
3918,45.19189738314657
3919,26.36929992897416
3920,27.4460796970906
3921,30.433349975369993
3922,49.78344369731641
3923,71.72559480111958
3924,69.12527383928398
3925,30.52112086940741
3926,81.62802121946285
3927,66.46777086040035
3928,41.63418489243368
3929,35.950501807064505
3930,53.61310730766152
3931,53.28286173037035
3932,37.4678090804762
3933,34.45807703086092
3934,45.98188287556356
3935,30.452277765763245
3936,32.84692296763295
3937,80.59805594134131
3938,64.66863127714669
3939,36.93244901030701
3940,75.19428916836263
3941,32.311599307229265
3942,69.7670806282805
3943,27.065098532926328
3944,61.867764451240106
3945,56.92713018774297
3946,45.905098497272085
3947,29.460806853029155
3948,45.375286943325904
3949,42.32641214470978
3950,59.26132455791361
3951,44.17513284722418
3952,31.31975935268832
3953,51.32585983665983
3954,28.73302315603568
3955,57.97399100054049
3956,39.41403876205693
3957,71.05127012209688
3958,28.925480228937843
3959,72.39676560633333
3960,51.62323708738668
3961,40.098996948075595
3962,68.85379341640211
3963,30.381007004352043
3964,44.01623669721313
3965,30.075105399054035
3966,60.24623219562769
3967,38.18265284885224
3968,39.27443696138099
3969,63.20446126527271
3970,31.306436612013503
3971,36.99845898965281
3972,66.43541497955653
3973,38.324547998622606
3974,45.49377328858879
3975,74.40656743780006
3976,71.5459689708949
3977,58.65812674804107
3978,70.82559424679654
3979,57.834172626306724
3980,65.19929103640962
3981,64.39843769264408
3982,45.34409351668756
3983,52.96638200720439
3984,55.13583626502669
3985,50.38508096112987
3986,35.01585591528401
3987,34.09757732376814
3988,39.98436634210469
3989,42.272203067617006
3990,32.49825213919034
3991,32.61914688328033
3992,64.92482101295296
3993,28.766261079559833
3994,62.02003150988767
3995,25.21102342817258
3996,33.55315637640741
3997,30.21540142107886
3998,40.176735890088395
3999,41.919161870416346
4000,61.74596831930357
4001,37.29014190075761
4002,31.39446473194181
4003,63.40506581386581
4004,50.25097586019538
4005,28.45145787691482
4006,26.90678789516882
4007,29.829439232689637
4008,37.606195111957284
4009,63.0856644199848
4010,33.8653592773744
4011,67.65740227056119
4012,30.208956075033484
4013,34.48368885598111
4014,30.102455732536548
4015,45.32667924046196
4016,51.86317496793885
4017,42.096235827709556
4018,28.338916670687325
4019,74.58180616680167
4020,29.394967665004472
4021,59.09848992736889
4022,28.967297260498984
4023,31.19083770882964
4024,62.24026493457983
4025,33.11704474051803
4026,61.3305351536482
4027,70.15954780290728
4028,29.66696359405465
4029,64.1342450053712
4030,27.0129379427038
4031,32.21633748404747
4032,41.540647262632596
4033,38.22450202628672
4034,34.849336706144086
4035,52.09702594067857
4036,43.84792813372513
4037,32.00023399093595
4038,62.38548233922534
4039,71.64511014856188
4040,40.28941995172531
4041,57.66888287775001
4042,46.98097545540876
4043,63.9413583134493
4044,50.7930993500423
4045,74.50295687703834
4046,64.87829929981326
4047,40.65658311945167
4048,72.10525855640854
4049,69.29454750937298
4050,65.23834604887205
4051,34.548216559842906
4052,55.41078424987296
4053,33.39067289590481
4054,68.86050820571047
4055,42.29494473018119
4056,35.08184707182057
4057,38.259071078612415
4058,23.04898543265094
4059,62.764162670949815
4060,69.22894632330559
4061,42.84683226704284
4062,71.38327079600606
4063,67.36384008236345
4064,28.510115918288804
4065,52.47540682496067
4066,64.02049942608082
4067,31.83556591091105
4068,32.80288774699084
4069,24.11461704867875
4070,33.12046067786091
4071,38.452729402638624
4072,29.863089951741895
4073,39.59872564253725
4074,32.74937729381671
4075,48.68998349916773
4076,29.133879890341525
4077,33.60102159815135
4078,44.6144499088791
4079,35.031692583873586
4080,32.4185653620203
4081,31.3388881676243
4082,71.77476531211197
4083,36.84743729405063
4084,33.91435673733258
4085,70.88131002044662
4086,59.84102603284238
4087,31.596385355233
4088,52.87067555960241
4089,67.8064922071342
4090,35.76621169713606
4091,66.6076373893319
4092,35.63947486350527
4093,25.16721567948971
4094,56.85060835341863
4095,35.011793313011964
4096,53.12381758340694
4097,34.359690270010454
4098,67.084589826672
4099,73.09470651697708
4100,68.45836417914488
4101,73.37839348431811
4102,52.22037295358166
4103,29.917344117369513
4104,62.265839835153315
4105,63.08033479283812
4106,69.67193387704874
4107,70.89378302755557
4108,34.77132711086524
4109,68.16629417781712
4110,36.43386952543088
4111,38.17975373132319
4112,48.198141071151866
4113,34.576675613027916
4114,68.42824230377185
4115,35.743647396837865
4116,48.85609599796837
4117,43.96592890776079
4118,24.64216686228417
4119,33.91911718600098
4120,70.0517542447716
4121,26.580327943243468
4122,57.54006802705803
4123,36.608228045722356
4124,52.714819767002346
4125,33.93227365792214
4126,38.43427156456903
4127,49.69694177090072
4128,37.750505404394715
4129,33.53120946474483
4130,66.57470529811076
4131,75.64521209302214
4132,31.837738981939424
4133,50.477992201565755
4134,60.62599276515841
4135,26.67345516291694
4136,39.55648602050387
4137,72.5585249228275
4138,34.69423511671084
4139,83.4175444313814
4140,43.023214201777215
4141,76.43746565997111
4142,27.767449519934626
4143,55.90989681679283
4144,28.91224619361874
4145,41.77624038019917
4146,42.88967917728273
4147,37.058407826779145
4148,60.65222325730238
4149,60.98425299217426
4150,51.84002044045668
4151,37.68833344788911
4152,35.02678281904387
4153,32.07875350831837
4154,35.642478414790595
4155,54.59513397394067
4156,66.31685042261495
4157,72.96965636621134
4158,67.01052341694302
4159,64.02758366448394
4160,47.44281726799647
4161,44.6463909768941
4162,43.79004608291659
4163,62.7319341952795
4164,72.79601996579004
4165,27.003018397170884
4166,25.486112268795456
4167,63.76636065663349
4168,34.79940444853841
4169,40.59220638058402
4170,39.53324066906528
4171,29.50258439362059
4172,39.47867311441083
4173,48.173155757091216
4174,35.28342754948778
4175,68.5828432605698
4176,54.831029233473636
4177,66.70575669267681
4178,46.213023590192854
4179,61.60303643345212
4180,47.8273380044354
4181,50.68800512693209
4182,78.89899456939223
4183,47.01030861300868
4184,26.87675333032963
4185,17.363737230078456
4186,25.146716031954163
4187,56.663190769773294
4188,29.791562092088622
4189,65.00949207682501
4190,73.6987370681889
4191,32.91732511072707
4192,55.00867402873286
4193,38.170739377222155
4194,51.511470596046
4195,68.44602512993177
4196,61.00856807402414
4197,57.37068504325559
4198,52.09875486209666
4199,67.5613086062927
4200,27.85854913724178
4201,80.41597609985688
4202,57.19897618890789
4203,65.98367104138187
4204,32.15040063910524
4205,31.912182790450277
4206,66.93045351662708
4207,32.770857460108736
4208,79.68695099834486
4209,46.4540031963985
4210,49.6975789581591
4211,55.57549122535423
4212,73.21653830118788
4213,45.051149398240554
4214,40.671176434698666
4215,54.15156105011319
4216,67.65557901584326
4217,29.498922077202902
4218,75.58545328003925
4219,32.2899985498679
4220,48.0827434484368
4221,29.290167514068337
4222,71.26430551497059
4223,71.03958996209016
4224,35.36531150576418
4225,32.706697640668835
4226,41.021924948955295
4227,32.99962509840748
4228,29.92449295573363
4229,69.02063048528669
4230,26.05752502763089
4231,37.22978590375057
4232,26.11589795871621
4233,75.1741049616138
4234,71.40717710553983
4235,52.929040256959
4236,55.021787367518144
4237,36.911039881570936
4238,74.39361542665462
4239,73.4253049393687
4240,63.86183713826849
4241,86.39888624782918
4242,86.00037182178067
4243,36.86339998404251
4244,35.03619451160279
4245,64.87575788655711
4246,49.415491518881474
4247,28.13531513974636
4248,31.129158143404897
4249,72.30957629298959
4250,36.95204555574591
4251,29.9528443921524
4252,30.198303503479444
4253,32.24617246622269
4254,65.01681943214237
4255,68.29883867393134
4256,28.307083548390896
4257,67.21035982844121
4258,60.45220895462133
4259,73.19333665610611
4260,71.80985911605758
4261,36.10650475235465
4262,30.023282738287598
4263,80.5967990174857
4264,56.7742212151565
4265,32.86852121332416
4266,36.03425572075983
4267,50.00898015885493
4268,39.068585407526015
4269,34.44160252165738
4270,78.62511764019077
4271,42.8541636666523
4272,68.79902922389518
4273,40.680566676662565
4274,46.48762304484918
4275,52.1068008585065
4276,69.2856745490866
4277,31.441622393318845
4278,63.374372571244606
4279,32.37214915716214
4280,74.35542948748235
4281,63.667321963261145
4282,29.9715478535574
4283,22.01304953676193
4284,67.5685143749192
4285,31.786639488113153
4286,32.11694015613746
4287,36.82822482128853
4288,37.59986448852847
4289,34.972070715058514
4290,49.48933157701006
4291,45.306483393823335
4292,36.931263576393924
4293,59.54176355295763
4294,35.252066666986224
4295,51.85477576846548
4296,70.02564711309009
4297,44.642919608106176
4298,29.63422510585935
4299,29.32959496607025
4300,53.03715966825935
4301,59.31587230390262
4302,47.455044402552076
4303,30.43185231436404
4304,30.718691598996408
4305,56.10806831575025
4306,29.47873947267105
4307,72.86223231194064
4308,34.334045147241554
4309,75.49602604528997
4310,31.800241389925915
4311,30.651450233947028
4312,57.1886052476198
4313,42.968502999207544
4314,25.692220703040295
4315,61.3851274270683
4316,26.69194246001779
4317,61.386222813678735
4318,58.4586450712918
4319,42.81840326513716
4320,48.86167516079627
4321,55.538619126630266
4322,27.6316784043293
4323,66.98225802246137
4324,70.58234654803883
4325,32.44174193686375
4326,23.073374309825688
4327,38.88498224128391
4328,30.440530061870966
4329,68.60082189635405
4330,62.426036010944486
4331,29.48300854201873
4332,39.77615473149983
4333,40.196800104703634
4334,26.81773119838098
4335,75.29035509214741
4336,35.0915093661419
4337,27.21717102644339
4338,24.98245163799684
4339,41.484092859336144
4340,71.69759709325922
4341,30.387107038769283
4342,31.915507490676283
4343,32.46117722077956
4344,61.022284340965385
4345,32.44084732418566
4346,73.7311591596981
4347,34.040764995019515
4348,50.7682121994763
4349,68.77957690812522
4350,43.455047351065566
4351,70.94230297654597
4352,49.48523765262144
4353,37.475356111327336
4354,34.783205219827124
4355,42.779824694286845
4356,70.67486952918098
4357,43.65926173475055
4358,33.064048626123096
4359,53.51198646086369
4360,39.44075105337689
4361,32.87348224789666
4362,28.821091218633196
4363,76.95879143510533
4364,26.0929623464562
4365,43.185178746033756
4366,37.11305254840926
4367,73.69888889580449
4368,58.06946077253254
4369,41.73099814244882
4370,44.58942319389307
4371,37.083023414323634
4372,34.02829574641802
4373,62.25490060691608
4374,32.28957113452162
4375,40.877546127823045
4376,56.35798999983816
4377,36.790135209257436
4378,56.56158054206119
4379,73.1704144865935
4380,31.83448293378862
4381,38.505863600527555
4382,47.074840972422244
4383,56.34263829170012
4384,37.4634607251583
4385,36.84252208889227
4386,51.47812170085879
4387,55.762670975202205
4388,29.27192747976311
4389,73.52139932410464
4390,40.63256761865713
4391,76.38075509111775
4392,37.471115216305094
4393,48.237912858837
4394,73.80430978122675
4395,23.331778223703846
4396,28.6297173629271
4397,56.12448964604573
4398,69.39138664931207
4399,73.80177472991046
4400,34.54023288118918
4401,63.42069829755168
4402,33.22763351657389
4403,58.86716027885055
4404,37.776820487768894
4405,71.58102296175836
4406,34.77818200888076
4407,68.54337546804527
4408,35.4061385546114
4409,44.975398687798865
4410,71.95569312334246
4411,29.254646003054336
4412,36.23849026105663
4413,59.976266666229066
4414,52.07448298614357
4415,57.107005127898844
4416,71.30138832777082
4417,33.71429694821083
4418,49.9875353657234
4419,29.237466583120874
4420,37.226087852019596
4421,30.86319321383595
4422,72.96671573751495
4423,33.041184127324385
4424,53.61272192175042
4425,43.509475723661396
4426,46.73413394970447
4427,26.119839669195077
4428,53.30281557649642
4429,58.92433103188093
4430,50.37627029736842
4431,32.86854904230264
4432,40.89246776725361
4433,50.38730309340813
4434,67.89817743214272
4435,27.554327948852784
4436,32.04680218285281
4437,74.32889205206456
4438,30.03486225191995
4439,41.20700468753521
4440,33.056016498175126
4441,31.42045951790452
4442,74.6223230286775
4443,59.06088725255075
4444,50.679781965210424
4445,27.36432250882453
4446,48.53933480152192
4447,74.669858120799
4448,42.50896000611682
4449,28.76983654257133
4450,40.193773079410825
4451,44.26436788604851
4452,71.96798542749109
4453,51.474870962557475
4454,87.19303524777628
4455,52.705238655484145
4456,59.4826273051613
4457,31.092203028832333
4458,41.39231315016961
4459,34.236519191526185
4460,73.61210340276335
4461,73.85892551236154
4462,30.528968684414
4463,76.80072985508774
4464,73.12892807313419
4465,40.262086769453205
4466,34.53371899535898
4467,31.31100409358929
4468,62.860085455382816
4469,76.04060285774015
4470,24.046380110187297
4471,57.066607444265784
4472,37.42898362742428
4473,24.002751544955498
4474,31.958300567074872
4475,57.08458955421368
4476,33.2261716918482
4477,37.46538494801459
4478,55.05022982243406
4479,35.74987027649654
4480,26.78142072283631
4481,47.75407925370873
4482,47.6597593847707
4483,66.33538017656929
4484,36.536496320117905
4485,30.70569220237728
4486,27.18855161284398
4487,74.89965031390243
4488,68.9604904081657
4489,31.029898767275313
4490,22.6072593818869
4491,50.57988517261652
4492,27.474453762891
4493,54.09635253812241
4494,24.612654871698894
4495,52.25954658340702
4496,27.525552077570225
4497,42.21681593223445
4498,31.917008744168978
4499,60.981914926307525
4500,22.27156879660599
4501,28.321834606659106
4502,70.67241777084485
4503,63.903586385820354
4504,72.11236561866208
4505,30.042422914308144
4506,58.56811361039102
4507,50.03794377029706
4508,35.32002571897251
4509,75.0197580511497
4510,41.75767838005461
4511,53.667134810833836
4512,32.51588944575156
4513,51.650099314279
4514,52.13457840740736
4515,48.906367445168236
4516,63.0015796730731
4517,38.507231481369246
4518,23.506467045922896
4519,29.01044542169602
4520,28.817124039483367
4521,39.97593315821092
4522,43.762450690474346
4523,34.34363454983636
4524,49.16083650049391
4525,31.060423767310073
4526,33.60781389099373
4527,28.963946125237772
4528,30.064736663659197
4529,67.0687509984657
4530,49.39808562648542
4531,54.41194076058726
4532,72.8473286477829
4533,30.60329943362388
4534,36.696125373600964
4535,33.4641785086461
4536,61.34176960428725
4537,65.08533150137714
4538,29.859674446471526
4539,29.798426111200065
4540,64.98264508780882
4541,65.20897807361624
4542,27.84046381631699
4543,26.689885013340895
4544,31.28833096948096
4545,66.44805140646812
4546,79.83732369919167
4547,63.145781349740744
4548,69.77062987217066
4549,74.40044629612005
4550,48.64014732503075
4551,52.49586088751395
4552,35.21227078667915
4553,29.82387620449881
4554,46.714314697381845
4555,42.76531721632773
4556,71.47952452034849
4557,46.49694139987947
4558,31.017517565424935
4559,52.14019860086986
4560,30.350895865787287
4561,31.749990602606793
4562,62.23471621813721
4563,37.458118031855584
4564,29.70093105159038
4565,57.17794355852422
4566,33.8350491057294
4567,52.93093534432046
4568,53.998860871989386
4569,55.081659732113266
4570,30.03261672864504
4571,35.18491408863639
4572,25.945501726780158
4573,71.23507473276476
4574,29.473486925189533
4575,31.559959802446464
4576,36.16744446699113
4577,61.85749481131293
4578,73.79593962816799
4579,27.428889149090985
4580,36.82574063875764
4581,52.74477081834578
4582,45.573202679107546
4583,80.12538464241493
4584,32.76118880496804
4585,60.363226549014676
4586,24.649031778481834
4587,33.404732385682784
4588,54.435576343162055
4589,63.25135844815192
4590,65.95697441468009
4591,35.561035136156285
4592,67.61414651617206
4593,72.42486286267359
4594,24.5315292961134
4595,29.414479427994223
4596,48.911701437386775
4597,25.44539963563114
4598,34.38516313902129
4599,32.118886056286186
4600,73.80715145551251
4601,33.59341224354643
4602,33.77496157537738
4603,57.20576244993941
4604,64.11902931940512
4605,75.58894109474787
4606,47.70555739295629
4607,33.480233740078525
4608,40.04891984700634
4609,58.00530562788213
4610,37.22150105259667
4611,28.952859638164785
4612,41.416063165417825
4613,34.473105703005125
4614,31.74761191352551
4615,35.617674533546364
4616,64.47010594267391
4617,34.5807937058301
4618,88.06628679202822
4619,38.43842535655755
4620,37.476973591468735
4621,32.3029196261226
4622,45.732861384749896
4623,27.168471182737928
4624,40.667407174606026
4625,70.76750507291766
4626,60.668000170983554
4627,77.65103132842742
4628,71.37381916381
4629,33.08774971898446
4630,70.1340422686592
4631,74.62575027321721
4632,43.063726270710134
4633,33.938118978239686
4634,61.918180643145924
4635,41.55664570045689
4636,33.68102305967251
4637,35.053993674881355
4638,64.28620184866399
4639,67.43117083187418
4640,35.36464299045433
4641,64.8077943219814
4642,34.78563542717021
4643,72.8258551684242
4644,33.34385245730554
4645,28.977497720602248
4646,74.28399262348259
4647,69.58429409404447
4648,33.53386312227164
4649,32.809316754401706
4650,46.01915695379817
4651,38.631048433870205
4652,41.58310626026359
4653,66.12696683539565
4654,79.20250904694792
4655,40.941243768453496
4656,35.74214218520853
4657,34.111685765939484
4658,29.532425458767435
4659,62.346000658175434
4660,31.29910730513152
4661,38.631128913534
4662,59.23417625023899
4663,51.49338388621235
4664,74.11188869988533
4665,35.37184396835801
4666,75.37367019549934
4667,25.190962458701197
4668,20.933280891704023
4669,41.89579964441676
4670,40.81494598783633
4671,61.80076928622676
4672,42.318347087746844
4673,35.54049437407572
4674,58.55770928080253
4675,54.95358142423901
4676,36.61929760255851
4677,76.94199909428107
4678,34.094727622888755
4679,53.54085713483378
4680,65.48552760612442
4681,32.68116942618895
4682,69.16114737214085
4683,41.78472278796589
4684,63.523264691053456
4685,39.05970646775776
4686,65.61730275430416
4687,70.28436213540787
4688,43.50042387843756
4689,65.5555478508985
4690,27.94846833317775
4691,71.71219315811297
4692,47.79606382251093
4693,28.06704832557044
4694,71.59428197909014
4695,67.95102211382442
4696,60.214584517736846
4697,29.732659096492007
4698,50.13883739981399
4699,61.106402996931145
4700,69.32674446526033
4701,33.66285147312898
4702,42.62630134687552
4703,32.34321389662486
4704,25.611263046764158
4705,42.595753857664874
4706,34.69653363913224
4707,62.96298611630102
4708,30.69298588367338
4709,33.844380246596764
4710,28.340393351136356
4711,32.50107851285378
4712,59.752705520831185
4713,37.588433304842994
4714,41.24133748873805
4715,76.67507376390498
4716,33.155737104050935
4717,69.60802538019729
4718,30.455867885239073
4719,26.033898808966462
4720,77.16138156759811
4721,29.86542082283016
4722,33.7476838512932
4723,28.84340867973512
4724,35.91924358231714
4725,29.759138595165737
4726,35.068397314585056
4727,66.12750820502788
4728,72.55460900403222
4729,59.41332406843503
4730,74.08597223631324
4731,61.48541690030179
4732,38.53052675748036
4733,38.07863241753449
4734,44.18524227263166
4735,31.171222299546507
4736,34.96609655308479
4737,69.37765273165742
4738,27.765903076534418
4739,78.46110078108538
4740,74.41622801099332
4741,27.73460918710941
4742,34.3934854461059
4743,69.78154486762313
4744,49.08679500216692
4745,60.918248026292034
4746,49.69820480410914
4747,63.30591384499259
4748,45.8507375505012
4749,74.61664059001265
4750,32.39575870992085
4751,37.969449467551044
4752,37.845982169875235
4753,69.78093321143253
4754,82.24886768382095
4755,33.81240865745975
4756,58.4974599032728
4757,38.33612073289863
4758,66.38113937116688
4759,27.20921894968115
4760,46.31927304904083
4761,67.79929796087461
4762,32.42163267509727
4763,68.34407551443829
4764,38.0482586620196
4765,24.21741068483877
4766,31.24232059750073
4767,33.58505691780157
4768,32.229896386140204
4769,33.648677296258626
4770,34.5746343051035
4771,32.07219176023065
4772,40.967913235313546
4773,70.92767758401703
4774,47.65627787998896
4775,56.617307220920225
4776,67.41424337463883
4777,29.433059069210866
4778,35.40769566105003
4779,59.9153667512183
4780,43.86150536979291
4781,68.17215796566867
4782,32.81354403184878
4783,36.623973903267846
4784,34.09301795637039
4785,38.227537338217026
4786,31.980330156764264
4787,68.03854917972068
4788,62.20396571511401
4789,77.94098405205509
4790,26.51194733120763
4791,67.45660571035839
4792,55.65990161496535
4793,35.281728541826055
4794,29.530212681403185
4795,35.86183878117198
4796,40.25147361099352
4797,25.780257007393196
4798,36.5111290206311
4799,52.868531765145406
4800,61.495867381133394
4801,27.375370588509504
4802,26.69970987982751
4803,31.243461092051753
4804,35.73855406351234
4805,30.561554521743908
4806,25.030388095702662
4807,73.99574307371455
4808,30.42994447092824
4809,86.41600185483875
4810,61.2654296490918
4811,68.50120868028128
4812,28.07786717558433
4813,33.51440533906581
4814,64.01886143748854
4815,54.179002857155055
4816,53.57055423447509
4817,58.5528075297351
4818,36.884085668536976
4819,83.94698650524629
4820,32.34923710778419
4821,30.128374655752083
4822,49.70575891398965
4823,55.74137568948347
4824,36.24897524758033
4825,27.170311321712973
4826,50.1656614758589
4827,26.55695114796436
4828,61.4413378296682
4829,32.96356263105398
4830,73.17985851601182
4831,56.17318649401336
4832,73.11542359158503
4833,29.449777405373105
4834,25.31205482190652
4835,28.213870112712925
4836,23.67277198962618
4837,27.07981426706287
4838,57.843984630704654
4839,82.30487534448525
4840,45.684156513134546
4841,56.5997986977775
4842,30.3497394881203
4843,33.75927747656495
4844,41.58543133396394
4845,27.143926465383323
4846,49.507443434885516
4847,69.11256874050108
4848,71.88381961889995
4849,33.21200646535995
4850,28.05009348111432
4851,33.023819631215154
4852,60.23335391252557
4853,25.97527841159493
4854,35.26162150340151
4855,46.1419743483853
4856,70.64195283885857
4857,40.42181626615654
4858,39.60651007302327
4859,35.782687497044854
4860,37.965812733173024
4861,37.44263357466614
4862,29.679018681267387
4863,32.37152838927638
4864,66.57769031063233
4865,36.53562384914872
4866,72.32075446776516
4867,39.056518688745356
4868,38.97292689525689
4869,46.009199404200785
4870,38.49076483215522
4871,70.44173934608233
4872,62.808464294867036
4873,38.34306941440681
4874,30.798396259171124
4875,57.942579678811356
4876,61.87959301762876
4877,32.152091204077394
4878,75.0062494838514
4879,71.90190249396812
4880,33.95206096100929
4881,47.51734938132093
4882,37.29716783599969
4883,31.82421881453049
4884,37.26689583214652
4885,62.352264819177975
4886,74.00924644480129
4887,44.53608271020381
4888,43.13477724814192
4889,32.11399523918424
4890,43.184371883758786
4891,45.46530108632167
4892,24.938301520823433
4893,71.84509122625303
4894,34.26676633259735
4895,33.66323599502978
4896,38.102671602377015
4897,50.75657715478124
4898,41.8731091883778
4899,72.20876261579075
4900,41.24350451672157
4901,64.3635877665341
4902,45.688315374762134
4903,63.998638810047325
4904,53.724364271232844
4905,62.57630782815298
4906,66.97381766506311
4907,36.42123886058596
4908,27.29371479650148
4909,74.88386273639422
4910,44.07992745060149
4911,28.047393742327777
4912,32.475805952343826
4913,71.68069660767705
4914,23.227113580886794
4915,39.24865153344257
4916,42.573133858863784
4917,50.462114463580235
4918,30.013920610612033
4919,69.07424066083665
4920,26.078165943403967
4921,37.580371724042536
4922,32.96919261422927
4923,58.95609823720018
4924,34.33298129296368
4925,44.94581268395929
4926,75.9068956557414
4927,36.52482684724721
4928,72.79077943413631
4929,81.30596616603037
4930,31.809623975543342
4931,48.39309411237619
4932,41.369943134864435
4933,59.58808213604471
4934,34.637578914626026
4935,32.967216521014294
4936,61.48810799146431
4937,29.58039397616422
4938,76.05387329919743
4939,34.43015109322167
4940,43.75549659077817
4941,63.5562582059426
4942,43.736741235653696
4943,62.47467007008464
4944,27.3269823869667
4945,77.800372738806
4946,27.8273680290779
4947,39.03719741278344
4948,28.99041853222185
4949,37.70991361249537
4950,34.14387217208204
4951,21.493044814418848
4952,40.23668713960689
4953,60.16058312031073
4954,40.1452355346542
4955,70.21636892520412
4956,42.343335124963104
4957,30.930274698063133
4958,60.0535456027842
4959,37.30838679444479
4960,34.9030228577569
4961,30.820773470936373
4962,71.75045836050761
4963,41.40885466672841
4964,44.718092330658955
4965,70.20886255321905
4966,34.4498677351671
4967,44.458493468135806
4968,75.55940700846955
4969,70.6120832536649
4970,73.74418306062812
4971,62.41238841628282
4972,37.700928850344425
4973,25.609473992340984
4974,69.38571378399024
4975,32.57096560435102
4976,41.31960673816467
4977,28.03246894312133
4978,51.44812282850478
4979,43.427260892321385
4980,69.45108012352466
4981,31.577317759711487
4982,33.01722396740437
4983,38.86929532131448
4984,37.54307859703076
4985,62.80743648850722
4986,71.15827253214778
4987,27.98128740201137
4988,50.805799684687045
4989,42.1801487985167
4990,60.625430010625195
4991,70.13787257566175
4992,38.95205063307428
4993,24.325752589367895
4994,50.07636955412505
4995,33.966675870684746
4996,59.05738564648827
4997,58.7944378549018
4998,43.40764021041681
4999,64.54750655425981
