ID,RiskScore
0,36.640566401403426
1,54.30675893205249
2,29.578520165846857
3,32.284748872544796
4,36.63037847715704
5,73.94802015244963
6,29.64502297236412
7,28.173982511385482
8,42.20699238096473
9,63.19389110566745
10,39.33933040699834
11,36.61547808104789
12,64.52359318720346
13,34.87372455887836
14,39.772375427096044
15,57.257680613692784
16,21.751541576325586
17,31.097347388139205
18,67.24617208701292
19,75.25608598819511
20,75.27113098039732
21,29.07611623063524
22,60.94314659161314
23,46.26306366664556
24,50.98288042439847
25,28.522529749720665
26,36.20274486743339
27,27.133851019111823
28,54.53093432610145
29,88.97342642896854
30,37.59957801310392
31,59.50521281851361
32,38.919139242604516
33,37.681526499043144
34,40.258571246214146
35,34.17969436935382
36,66.60156952020066
37,50.51858238769798
38,56.895102236704005
39,71.07375536962064
40,65.39236834120018
41,51.57258097087124
42,72.43220207944003
43,29.508081505669818
44,58.37289325401497
45,30.553625232950633
46,42.34630131718976
47,70.42555200195325
48,28.773956227178257
49,31.93057119007881
50,59.583203793194286
51,53.857466222796006
52,47.41591900339593
53,41.301523297110094
54,38.52299417158339
55,44.180032950467435
56,69.38438722587688
57,37.7285537326661
58,42.030226523927425
59,54.22102079843531
60,69.95752472765072
61,46.320804508194875
62,29.902876633860146
63,77.77833705678619
64,33.97964575873996
65,36.74841789385814
66,57.32334574954434
67,68.0537746560652
68,35.9962745755878
69,61.79211017052428
70,35.22983730524986
71,40.40773878864978
72,49.23407461109063
73,59.0619951444303
74,51.89943971513069
75,59.67824860743479
76,67.37939105194762
77,23.964207079964496
78,43.19847102865652
79,58.732320568455805
80,66.96394507494868
81,54.97806396986978
82,55.190720119986096
83,42.02035791616257
84,68.30070094252737
85,70.02979497732116
86,56.66670718317433
87,21.493263107202942
88,46.82498908942015
89,75.63038168906546
90,39.30439879084018
91,47.365558288072236
92,38.93799529693727
93,27.277912792774043
94,44.69492038639085
95,37.42390826710624
96,37.648023484150364
97,66.90216015276579
98,38.99799734221773
99,61.609391707085926
100,33.374925414258186
101,31.172825368815033
102,71.6505313146023
103,79.91988414011041
104,27.2039325173795
105,84.8998123788729
106,65.5465781300842
107,69.42959846315296
108,35.489204064631835
109,79.85985889110748
110,46.394838597836454
111,62.88403820382024
112,75.36682326503777
113,65.75867007324347
114,63.663050624513055
115,41.26427996672069
116,70.96837412841717
117,52.306397842920966
118,46.13279314698098
119,55.03664570232749
120,36.91754260701497
121,70.04349019603097
122,40.79192541447119
123,50.97070561724317
124,40.14414491894437
125,64.62825325340742
126,21.304428070432362
127,25.039692272026347
128,34.649337349299365
129,72.47963302541538
130,27.202128013690587
131,63.34106454194528
132,74.54030689878172
133,77.02304557303304
134,26.61778231367686
135,45.01243151687185
136,22.378573912148735
137,45.89892194626962
138,33.33060352040475
139,51.71840312278683
140,41.68579170853976
141,44.402276398893505
142,22.29644131169915
143,23.22182945709078
144,67.77960069023794
145,27.8763306598912
146,48.96856974412399
147,70.28980383779509
148,69.47116305008248
149,73.59672041118786
150,49.99743809808632
151,36.98942302175726
152,70.72752971785978
153,58.1322650920028
154,62.04751643096092
155,36.04701237229373
156,63.05852390900525
157,65.74060157956654
158,62.310478094922956
159,66.10013894645124
160,39.609483669873526
161,42.34620988970297
162,66.38106833489118
163,49.74644396717612
164,53.11171485678416
165,49.3017123662026
166,40.834211794838346
167,33.530218560074786
168,36.29148767378751
169,32.047827996268964
170,45.63226901682082
171,49.661404502281805
172,59.754211368006274
173,51.23101616464575
174,43.52983171765303
175,56.07626049727133
176,58.20628145443432
177,41.79259092287311
178,28.370989757583096
179,71.84152645835302
180,52.45836513150751
181,32.93529962958619
182,64.78213097311624
183,59.19106038335255
184,74.33781026289763
185,70.39496629520005
186,75.9179700159667
187,62.71542767505859
188,33.03337905230514
189,14.588261202939414
190,29.49820227018631
191,71.74295447763382
192,53.91783155421943
193,28.500550758739887
194,62.53519139019201
195,30.29713022352132
196,29.74964313737812
197,63.75497312128864
198,70.00342460111803
199,41.13487558340368
200,27.441729966999063
201,54.131925172860605
202,32.3108360759548
203,30.782571608482076
204,72.88120588348855
205,57.85977633068572
206,65.31531197840647
207,40.81767960989114
208,52.429031607749025
209,62.39438612230461
210,35.01801974283451
211,32.011746718376514
212,67.34211399050768
213,61.044300971848514
214,43.11066933187662
215,51.94511033513825
216,67.09075025533701
217,69.91505345414176
218,48.46404314361247
219,35.912812598982
220,33.33110485776334
221,32.951411005110714
222,34.00392914855345
223,52.846965902570226
224,32.246769032764334
225,63.77841204897334
226,54.03716139966928
227,32.842881651463344
228,44.327866526582355
229,37.71248987393054
230,46.694865708785926
231,48.1012174333305
232,43.27967632435715
233,52.71695350552179
234,66.74211382553197
235,54.5321169709255
236,27.98714179399086
237,49.467617037162604
238,59.640316795739146
239,29.878947911459715
240,64.30352466386465
241,74.20473939706272
242,42.52838265363843
243,68.04998452707862
244,65.62701332475775
245,69.80921837754912
246,20.61117685380773
247,45.416178606884024
248,79.29073517719578
249,19.928973563100595
250,60.49531527980535
251,30.786084806935115
252,44.553694797896455
253,51.662010203665034
254,46.93944536939841
255,32.68106401144996
256,50.19591954363403
257,63.739667766365756
258,60.31500202877223
259,33.18661076195532
260,48.19788683142654
261,45.9463624210137
262,25.19733315313742
263,80.40606359631536
264,58.220425196938436
265,23.750030123217027
266,54.031653467381105
267,22.465055570944056
268,64.66178851409964
269,84.73140927636527
270,59.2646830839559
271,70.98846324175082
272,29.132195986756777
273,42.10682718946626
274,37.07901471591853
275,52.4233139820116
276,63.485359633831784
277,43.052443302059096
278,57.68490107757037
279,26.378878604407504
280,60.11756712687085
281,55.69888451058924
282,58.07922135725673
283,50.320117393521336
284,40.53138273826719
285,28.517256884056515
286,32.98346329938887
287,74.45522783436844
288,47.3951021707757
289,38.30206846248697
290,53.304393516923355
291,46.30404648814599
292,50.693189144345254
293,63.52973825686352
294,29.290595090136254
295,65.28012874066205
296,67.17727638936975
297,42.40957342245829
298,45.59257783261112
299,71.44370704110196
300,44.13638718855946
301,73.61207372316758
302,63.02613663919092
303,37.67525836308185
304,57.25374155862045
305,25.782433317587472
306,35.01097107747801
307,66.01570827217502
308,53.16675929991955
309,39.39726194348165
310,62.47687306029733
311,52.79977397992806
312,48.243080897228616
313,50.79607788411112
314,62.05648452741007
315,76.78063687603841
316,48.383602839704594
317,37.84570178572984
318,67.49641505401294
319,39.9271608801718
320,26.523597781825618
321,41.873104176800936
322,70.49273473779154
323,73.44321056509901
324,85.48502647504668
325,43.29984430362798
326,81.2842869036961
327,28.991779050028743
328,49.86787982399015
329,28.781000734449453
330,42.27796748268274
331,82.62387380772961
332,22.32069599270242
333,62.353928715473
334,53.57940874184254
335,58.36844439843524
336,58.640330124964414
337,35.42942971017444
338,41.816049897391366
339,45.36450597093307
340,72.35254660826175
341,75.47895930309095
342,72.62020477429479
343,61.83353302471986
344,31.96135967620113
345,28.27969218431445
346,38.23365915606685
347,44.89732148382701
348,42.571096986863175
349,34.242793067486105
350,52.465354831238315
351,32.51466526511861
352,59.6534143710926
353,26.291370377294392
354,38.716553630493244
355,37.92672793990342
356,23.522955106912363
357,26.071786441895636
358,32.003436333856286
359,70.07533852126556
360,29.81698899960896
361,22.407269735862915
362,38.10134392258117
363,58.09084503608204
364,46.774967807682444
365,50.448497444778525
366,48.73389681956866
367,39.195656020479916
368,70.80570474758414
369,55.89972133413352
370,39.76751395494394
371,32.54976360687658
372,30.531938695208233
373,71.56904501076565
374,52.066656055149906
375,44.32153269168802
376,25.389348403185135
377,57.77802406442747
378,53.827794050843394
379,73.59681684648267
380,40.995408369053756
381,33.79125203770668
382,60.55819193131947
383,70.48110631501297
384,46.69727056784221
385,62.33357509243565
386,28.08215861861269
387,27.879447252540626
388,57.544803300882705
389,40.73894467946604
390,62.96760045088439
391,67.81334599082874
392,58.06099600181861
393,38.77100452925003
394,65.97049037178274
395,67.0298215658288
396,31.336332462339502
397,37.54291912198225
398,76.40639315082726
399,37.42256562984505
400,52.26062461885681
401,59.37102291617773
402,25.085671925488484
403,65.50376853221351
404,65.76843830332564
405,50.44025575220757
406,27.7031079569107
407,65.20693294623464
408,46.96702292416715
409,35.70400960439731
410,41.05622973107723
411,38.46965669444868
412,28.693326967513073
413,43.26852977572447
414,54.25355529880113
415,55.385219249010426
416,43.61152124869717
417,37.369539067064025
418,28.464161385704873
419,38.86480380504639
420,23.041938242155567
421,38.51845161633405
422,29.50610270699837
423,58.88940304754418
424,25.695447370925752
425,49.355330955575745
426,39.68551024334028
427,32.95922001156826
428,53.1867226422364
429,34.31239214916016
430,54.99937924176971
431,29.25383943721409
432,65.10221276915364
433,72.76058581452251
434,71.1556995107213
435,52.41991425554391
436,24.135823972591513
437,68.87968069977515
438,47.72441018203973
439,45.00564370597059
440,70.00062289500801
441,34.53368643207904
442,72.79723416145409
443,59.74479670699897
444,68.39844673172759
445,72.99996157034707
446,64.01554815282297
447,52.42089306964648
448,61.24695568470302
449,75.66621867975265
450,65.35021310433368
451,72.46422691106366
452,26.99294303744367
453,57.53671076791688
454,56.99387014095262
455,47.8091433806663
456,46.802407798644154
457,53.925221427781466
458,43.747358151679876
459,54.28558116932322
460,39.47420874028968
461,39.133380960564125
462,26.589200560685754
463,46.41407556890527
464,25.673398373343076
465,53.18422482163252
466,29.31173758839923
467,69.19382606467231
468,50.48148911218128
469,82.7768824642462
470,58.29174678105245
471,71.77270486893488
472,41.98787893454802
473,32.44184880964637
474,27.569894753362206
475,66.90232141301951
476,27.481915477242136
477,69.33717876913444
478,25.681027342172904
479,56.74012925486796
480,52.6902513379202
481,48.79330029106294
482,74.4094610779626
483,42.986221503413375
484,30.982767228279997
485,55.414033161953476
486,66.01401549582214
487,35.48980215275543
488,67.62150489197205
489,25.93955152966623
490,68.74335696787944
491,34.22767226239212
492,74.96567497985876
493,37.107070569072235
494,63.318341555784635
495,32.38400318017298
496,88.01688581686906
497,64.65372818081421
498,42.69477050334989
499,28.12072018874168
500,60.56695461447683
501,46.84936766136198
502,65.56816536238738
503,27.435308457249395
504,43.45193311899402
505,44.578002887930644
506,45.30109416396245
507,71.08262249952008
508,23.66671308645163
509,78.16769881059085
510,41.47936815064238
511,62.735990843157396
512,24.931714955713062
513,89.14053632712272
514,69.17920538949343
515,34.02128513207499
516,48.615488533853274
517,49.184319461667734
518,39.8276593165945
519,55.224098840327486
520,62.1040780444113
521,72.84691078753481
522,65.34132409961565
523,34.02630927255885
524,38.786419330244286
525,62.953952839978
526,46.43520201239054
527,53.45927743716705
528,24.66932755058399
529,36.704832404643476
530,30.088311223856763
531,23.96262517290946
532,40.436347503222564
533,53.201672587576475
534,59.342830518431676
535,37.09051622441791
536,52.90512660204873
537,68.56323933821092
538,69.0889494428844
539,70.61231193250055
540,67.85154257255942
541,34.130052813167616
542,70.64660555380756
543,46.74545078555157
544,60.04845366943799
545,79.30362545886442
546,67.2991005711408
547,60.51906016088303
548,54.738971987819234
549,52.97993926324517
550,45.334921069235925
551,44.40141066354133
552,52.27824075661179
553,36.13332578855874
554,66.31538399094104
555,47.731662763653624
556,42.84205278527459
557,40.38056489967776
558,74.14389474459932
559,43.99745039963156
560,46.17342280348308
561,63.097241089003774
562,72.18534396033208
563,62.280435964537475
564,26.72579230285058
565,71.43130041961098
566,56.93671228478251
567,48.74123057252922
568,53.52650624961403
569,32.73499912650459
570,73.86499835714324
571,37.582468989142164
572,66.94230472470772
573,51.42603652690722
574,46.82924527170502
575,44.52260369721716
576,43.706316346119046
577,33.617835676723665
578,55.999082559070075
579,38.05327318623027
580,32.59354807954466
581,27.907777824902595
582,68.0994174488717
583,43.54710475003791
584,39.035097159308634
585,27.796815173478464
586,78.04069709704255
587,41.61731610767568
588,51.55214133719435
589,35.84130491912984
590,56.81220003237209
591,41.24121749682511
592,77.61088776318257
593,57.84768442365569
594,63.678742718288
595,28.176314410424418
596,72.01076076549124
597,45.36274190468374
598,50.57669514411844
599,54.666095313979014
600,44.7421625135877
601,65.15493797757554
602,54.87835884102667
603,67.81332916142225
604,62.926362301876985
605,45.025840365680985
606,44.18265815455904
607,65.57934617088395
608,32.74129412232387
609,36.8756272104297
610,60.29630649880794
611,53.81533729882781
612,42.08222240013867
613,43.01714786598893
614,38.2005503210498
615,34.813868543114125
616,29.369136821115635
617,32.243108633684784
618,56.75297211556123
619,37.29122911315667
620,41.94184096417823
621,52.605618016963426
622,56.48943659502832
623,61.437323112301556
624,33.09499739418246
625,72.01237694314516
626,51.740724036595715
627,60.06612167252209
628,75.04233107925066
629,33.49659531943101
630,41.59333983914171
631,41.65075072962445
632,74.54450299094952
633,32.04978062369065
634,30.666575774767438
635,47.43310138694141
636,37.3372476293161
637,62.91403051422564
638,35.8454760246982
639,68.59405067323728
640,74.83991131217076
641,44.17503727917336
642,40.811085314387995
643,64.87388689572956
644,55.69005101717461
645,33.5415645312122
646,70.88374713397155
647,63.31598624218827
648,46.94887663905628
649,82.57942780680862
650,31.80265508513995
651,28.283609159006605
652,22.54213295892519
653,30.402274186913257
654,40.823412815497456
655,49.379472801679974
656,34.094327412592705
657,75.60894633546488
658,40.97819480474875
659,46.80014667340631
660,47.310851994803585
661,17.855734279993605
662,27.2717723325049
663,41.61471909756418
664,46.66216009078685
665,65.09100457046907
666,36.087856247248745
667,46.091727227432806
668,65.31074787054763
669,38.9686783923153
670,31.463709838702975
671,33.645719552257816
672,22.30668238532939
673,42.325463990109064
674,35.38616106425139
675,67.74803253289927
676,49.8952387972963
677,37.50510750601271
678,43.67084019974001
679,70.79253006939419
680,70.95578439336467
681,47.932105099144835
682,43.67569071673888
683,57.863573815693464
684,28.524450595456546
685,47.216193708875636
686,71.0781438194339
687,34.756346782583734
688,74.27788852222619
689,58.184341100901634
690,44.85086292292059
691,66.08106073374955
692,73.78071601210294
693,39.7666526521098
694,23.389199304041302
695,69.26078091706931
696,53.38605721510933
697,64.31504037638973
698,68.71144684380177
699,39.56789281819343
700,54.68143660665618
701,44.894808063900136
702,29.7069152445148
703,30.014574532527465
704,28.948985987456755
705,25.271058790741733
706,41.104704049415425
707,68.71618673918024
708,51.59310952771898
709,50.644996472178036
710,60.086480999172075
711,59.273890748727176
712,33.01110123122846
713,71.41400788776214
714,70.94647544617185
715,20.121802271562075
716,29.380529956202142
717,59.661824405297125
718,44.76465232140888
719,42.21473813839559
720,60.6927761704043
721,65.43364975930183
722,28.14970394095357
723,36.65418792870468
724,61.55203092812768
725,45.072130974521436
726,30.401195737274552
727,60.61799827411235
728,67.63813014952692
729,27.15525956336963
730,32.64046908846014
731,47.8578203147212
732,40.01685439058871
733,49.966050473817916
734,43.20991993797326
735,24.534906395032984
736,57.59846333931708
737,42.61045872533379
738,43.09117651499976
739,28.15914671227995
740,29.660553492928912
741,68.00756139460671
742,53.84593382324585
743,43.857542829147924
744,29.22845463487184
745,50.57671816790577
746,67.03204423823706
747,55.45020558924545
748,40.199226505323544
749,44.6991891763812
750,68.28591316083102
751,45.58283768271552
752,82.23882849001032
753,49.07983953284192
754,39.98819694785086
755,44.268675727764695
756,26.52209259391807
757,70.74188334159749
758,67.45089979973565
759,55.09490494158561
760,31.84659279426623
761,48.66772574765541
762,47.95726171597238
763,47.0200513627643
764,72.28509396709734
765,62.15210599273237
766,24.631705762619724
767,82.3408100900154
768,26.669211325447485
769,42.569060518316235
770,40.056122262717395
771,73.27983006827398
772,59.38268407184617
773,24.38476647580904
774,38.28565972173918
775,49.32040730957772
776,38.06545266413073
777,37.04877436208344
778,42.53591895028755
779,29.4195740636476
780,44.00131748249987
781,47.277297923845126
782,73.84436014623994
783,71.69836610990072
784,37.80804150440163
785,36.716796315754635
786,54.28952063172267
787,68.11206032177475
788,64.83010588210078
789,49.602488644750025
790,66.08940129183067
791,30.16235926846921
792,42.20949257173207
793,35.327305681113884
794,77.01370200673196
795,44.86154554230218
796,53.035441467773516
797,31.637567393454564
798,71.41287763117026
799,60.80005713763065
800,68.07111934111323
801,52.76937298240735
802,29.44603052159984
803,52.68410128039451
804,63.90633017436706
805,66.32271241189471
806,66.69014433055818
807,55.64983189356715
808,70.61311998107121
809,47.263233449018784
810,77.81988230201685
811,50.720990834849026
812,27.7727401823774
813,74.1709591407767
814,46.038917098851165
815,69.68972667368087
816,22.463599131753718
817,49.649119211757224
818,63.14713852424312
819,28.711066902772306
820,32.297044762709824
821,50.255204082167616
822,48.26630748297144
823,57.767512982246245
824,76.22000336503889
825,89.31619712852662
826,57.06429196434621
827,44.989688645231084
828,27.22764538736273
829,43.91668187051898
830,40.29677210778829
831,59.625933163388225
832,49.800562782283045
833,49.8449336569161
834,35.38891104000316
835,57.74201693300602
836,34.734990726938676
837,40.77720683248063
838,39.51554024676124
839,52.67015245793012
840,65.58033043508868
841,66.52369786840788
842,58.846797162177694
843,57.927979410670474
844,87.63862088512927
845,41.00728781694942
846,46.81554323574229
847,29.675566587178604
848,65.71872743379805
849,47.53063280897067
850,39.89864172810681
851,53.044618588677565
852,42.81247020754816
853,38.90428897645345
854,33.24843874629121
855,28.589566674502564
856,53.65347885336413
857,23.365509811712492
858,40.08362452645263
859,65.47639370232038
860,36.442300064033134
861,43.712859382581286
862,54.46458794315235
863,27.012666619455995
864,24.859162890233947
865,42.753071331442605
866,69.04946806565964
867,35.176428306549155
868,42.790563877183544
869,66.10729184463585
870,29.11024217938842
871,28.45159188544614
872,58.53121749223445
873,45.35064076785628
874,25.58794112405405
875,71.02368759581367
876,29.968951505216964
877,33.109751323798776
878,44.357858608483
879,27.592314338643945
880,35.64500114696491
881,27.616881111666395
882,71.48375384683088
883,30.668605945037147
884,54.25309932152726
885,29.63872860278612
886,51.14455501340075
887,56.61675602733739
888,70.07301044374395
889,60.10545458977845
890,29.859580500297763
891,36.97486018099554
892,73.1797353990103
893,27.359560061650118
894,45.97636388050938
895,22.179197761495082
896,49.49419136242953
897,45.36028612867442
898,51.196007769583304
899,66.35133729307321
900,36.46643979565174
901,75.8306970916745
902,71.77086017515983
903,76.29112619904096
904,57.147849961663425
905,74.84616977233742
906,48.10823895493047
907,71.34243146066396
908,54.55605541785049
909,53.72600364367876
910,52.26159954652306
911,73.31154292808631
912,80.3468021754103
913,59.05934195700801
914,26.490109654015804
915,43.552063744002396
916,54.13700382164565
917,49.0244938654151
918,26.5978174989233
919,42.3404360183584
920,25.392122156221173
921,30.36346469050316
922,45.160224170735404
923,38.5787577631349
924,66.45462516300522
925,83.66268104759922
926,58.227712330234105
927,43.900396051919564
928,43.260611031499714
929,29.034374731834905
930,36.35625173290395
931,30.360189135923644
932,28.094907860628776
933,52.100213935550826
934,42.903223610188824
935,51.30399021415378
936,65.06335380239446
937,27.620829044802854
938,62.99470079719093
939,54.36608922822367
940,56.32464678671159
941,44.95256435781966
942,48.49981430196153
943,64.77909915132093
944,34.04541340521444
945,77.56824061312562
946,44.132539523061865
947,57.0536523673959
948,53.732938781372454
949,45.76866172132395
950,36.22582677187235
951,44.85492748083198
952,50.73851460075463
953,54.87167029840222
954,43.524072278829586
955,83.73646653016068
956,69.2091433964524
957,42.2470214341406
958,49.984448143068114
959,39.78059641755887
960,36.184807030011875
961,51.62061937310881
962,35.96900546410037
963,73.48289648250064
964,46.63604894235335
965,36.4491665651024
966,37.378201265509844
967,65.92522953887688
968,26.83254388122892
969,24.11581547758057
970,61.947187611583765
971,33.0538133866664
972,27.054861814882933
973,42.47303520748806
974,34.47279803845269
975,41.181849961965575
976,63.44071275695189
977,70.42667136802821
978,62.526944120927666
979,30.155353266516073
980,50.46725382455621
981,38.212407101463725
982,71.39393447351897
983,36.24756011164164
984,46.52531614507037
985,42.8517625295997
986,35.96251166363909
987,71.53320375019422
988,32.84349368292095
989,73.79781043038871
990,40.92635293427712
991,52.86404126607591
992,43.689055034366866
993,28.627752399633497
994,65.61990630262412
995,21.150794578988897
996,51.99648344486647
997,34.386043398136465
998,73.13569403937555
999,31.881943188423488
1000,36.27770400269085
1001,65.16258837435166
1002,36.05048337026244
1003,53.60429896831708
1004,59.96345495766272
1005,23.641292735599947
1006,71.57024933202572
1007,34.6303195534606
1008,61.04040690652273
1009,29.440913926543647
1010,87.53857083569633
1011,37.86036657830253
1012,30.379551105212947
1013,74.98944802490684
1014,51.750916753458434
1015,73.8166536816758
1016,45.0610642840741
1017,54.22845152779127
1018,28.542102036352325
1019,64.63265816464128
1020,25.979819177400667
1021,47.362236555954944
1022,49.130776781710225
1023,60.800555674653154
1024,69.12597353584138
1025,37.1071335644547
1026,34.339268822178155
1027,33.442011038102486
1028,20.523851113731933
1029,27.207232831784022
1030,58.327909922316564
1031,28.149536504367347
1032,41.45052454983829
1033,31.615995765470053
1034,31.05725526530196
1035,67.89306863262594
1036,65.42481233229816
1037,64.94112805797629
1038,50.28122126108904
1039,66.44105552557019
1040,50.82491948023709
1041,28.8838394031932
1042,66.78611835065135
1043,68.76594848388699
1044,25.388713073375804
1045,61.604783305214205
1046,33.996736083191614
1047,39.54669610339155
1048,42.762390688584645
1049,28.157582399216807
1050,38.415243746279856
1051,65.16902888326582
1052,50.97723442328616
1053,52.2702339711668
1054,64.95703995591074
1055,48.002557016522665
1056,28.29024468783359
1057,26.709029573912478
1058,54.52582245567495
1059,28.46744928238554
1060,56.99099742007935
1061,54.089083695387636
1062,71.58956964747438
1063,53.117385753456915
1064,43.676676897374385
1065,56.51437493028018
1066,49.02073383955917
1067,53.847632855002736
1068,44.340377715712776
1069,44.08372479787119
1070,45.18606842597823
1071,24.089966407238872
1072,42.43184425273084
1073,38.03983702206391
1074,55.38107606754029
1075,40.77279643288438
1076,71.55229450338712
1077,46.698502878746304
1078,54.703824408446145
1079,46.57741364923567
1080,29.921280921550103
1081,35.89101496970215
1082,41.24655187059847
1083,63.58478359586394
1084,57.56900158853473
1085,26.705940524624566
1086,30.472071924411807
1087,58.42939153950702
1088,30.459160408390858
1089,41.311886933634746
1090,30.751998932687044
1091,74.52083715890606
1092,60.211732056888216
1093,20.619426500007318
1094,43.56549251484441
1095,65.80622132304865
1096,43.26029119651139
1097,69.07111659433542
1098,65.53719854585384
1099,78.63047008754322
1100,30.94249579039181
1101,25.289990842487455
1102,53.32613333401115
1103,26.25670143664326
1104,55.85013693780612
1105,40.790127711415124
1106,61.97993487219629
1107,58.78929522868082
1108,23.130001825336656
1109,54.722523786969155
1110,54.46672367815636
1111,52.802622742573234
1112,49.95322512788339
1113,30.19293185963445
1114,58.11078816529084
1115,55.597230296704154
1116,44.985469626442814
1117,34.43190795810165
1118,69.21932890227266
1119,37.83569715823962
1120,36.02049921968643
1121,39.93227916764346
1122,32.05189082351237
1123,41.123154079922436
1124,58.66777771551091
1125,29.642505269722275
1126,57.82263383524146
1127,52.712878085105665
1128,45.88892410702734
1129,38.19870392321547
1130,66.15434508890662
1131,76.25433186294298
1132,39.167064205685556
1133,40.57708572702108
1134,59.11465911493126
1135,54.1879563561093
1136,52.22388644473513
1137,55.655174813689584
1138,50.981344971342104
1139,49.53595988827869
1140,55.35295873520168
1141,50.59042896066125
1142,80.17399966184257
1143,28.027262212483713
1144,63.311810114944684
1145,72.29167207959613
1146,29.83462055848357
1147,43.47606734649315
1148,32.837649241446925
1149,76.85399675732663
1150,31.90821424149419
1151,44.36166729045633
1152,33.594555350770456
1153,56.68808578750337
1154,31.1027238927317
1155,38.7752404688444
1156,38.91517634682322
1157,68.69539124288227
1158,67.18207670312317
1159,63.96683503335238
1160,27.551964805652194
1161,57.26690759152305
1162,62.481313277548324
1163,33.67681663330573
1164,66.54803585095442
1165,69.82238197451807
1166,73.5352693586504
1167,62.77986075816719
1168,41.706953300663606
1169,48.09004855444308
1170,27.89245431952789
1171,65.25885194637596
1172,26.532647063367783
1173,55.464905916388844
1174,60.89691751469912
1175,47.27403760150263
1176,59.413700009706304
1177,62.435673233671224
1178,46.75588226226665
1179,27.59458521614395
1180,43.303825635298935
1181,71.90880887820344
1182,51.451653089459974
1183,39.31247583277089
1184,45.59128308162373
1185,37.57213972653829
1186,58.80908067173427
1187,52.65501350089999
1188,30.587583564402877
1189,26.016907161967808
1190,25.306338428136897
1191,58.338058584443
1192,52.152190435656195
1193,42.65551560386183
1194,42.73610795804274
1195,47.84670495923694
1196,27.9923616017978
1197,66.20287563241664
1198,33.80610154081606
1199,50.6397418968853
1200,57.41916427089168
1201,37.626290764459824
1202,74.50046301046427
1203,61.032528303817145
1204,67.94434988402546
1205,26.972155274792804
1206,32.58402018495063
1207,68.26678626603497
1208,52.71792514536668
1209,62.84855222592112
1210,57.377192032952365
1211,47.87361472483346
1212,71.52625976685303
1213,55.20511955425625
1214,76.05755223442756
1215,60.61353465499626
1216,22.892216130954953
1217,51.92436950246667
1218,34.25233106383463
1219,56.04298597179509
1220,43.79842681670134
1221,46.41942532120712
1222,36.08679407633834
1223,44.32649342806998
1224,31.88498837163657
1225,54.955950972319975
1226,80.09603293339717
1227,59.94975309905426
1228,41.28471540917338
1229,85.68749876594677
1230,40.685778281839234
1231,26.229983795269007
1232,43.251252478274026
1233,62.08161103595245
1234,72.3699310423699
1235,44.03889267718325
1236,75.5329138316279
1237,50.42965191630276
1238,52.263216665019854
1239,31.852667589147146
1240,32.44267834814153
1241,64.12049208607147
1242,36.31438189841192
1243,35.18043695208444
1244,55.6388130271546
1245,51.63955863612011
1246,70.76215375766215
1247,56.0779742817559
1248,74.70355590819743
1249,29.247361766337093
1250,53.19421835486501
1251,28.966125973676686
1252,28.682061697634833
1253,28.423966659477774
1254,77.0835777949686
1255,54.99455828833753
1256,46.91235889764314
1257,63.69618215946519
1258,68.84389441792638
1259,67.72651040081402
1260,67.53016938463048
1261,29.506550304125852
1262,38.11607838013671
1263,77.24293649670699
1264,25.417774466546653
1265,59.50524110411994
1266,39.623444409885984
1267,59.19718235974867
1268,39.199079988240555
1269,72.0394146738365
1270,44.83996770289201
1271,38.114252652446865
1272,38.45733223336007
1273,50.392438210337005
1274,73.34215904270674
1275,60.11598705826444
1276,61.87662799855456
1277,32.13907119719666
1278,48.640980286402154
1279,27.466347408031524
1280,82.39100055474674
1281,52.524331962104796
1282,54.86317947795841
1283,41.09067008585284
1284,64.39722263108888
1285,68.95833950310987
1286,41.234380979862365
1287,48.06833357999006
1288,57.46207472855194
1289,62.317345480949136
1290,31.7317723853015
1291,79.48573989054387
1292,47.63051941534851
1293,33.9439403258164
1294,46.3284588243489
1295,63.92650298823144
1296,31.528403379163827
1297,40.36301381816452
1298,46.79877737866735
1299,45.61462635016096
1300,44.73887638876601
1301,69.35449232045464
1302,65.55724349437361
1303,57.68854742400596
1304,62.48843902051191
1305,44.66242906045446
1306,75.4940236079886
1307,28.835761320941558
1308,51.501516141724444
1309,41.754748533089696
1310,47.928852260494985
1311,59.28717891924159
1312,67.33164600398003
1313,37.67720215151293
1314,31.194063626796094
1315,27.150208831018034
1316,27.752340129444637
1317,53.13937648824797
1318,29.207219965392273
1319,34.693877792901155
1320,47.843499701907724
1321,42.091749116635
1322,76.27547774955798
1323,73.55601460909165
1324,50.625532959619
1325,58.36348994115578
1326,32.98204768832882
1327,32.52393031191932
1328,72.83590563264477
1329,38.506899794250984
1330,66.59392240956625
1331,49.318625140539524
1332,25.64691739607869
1333,34.80037520257774
1334,73.41093761152769
1335,73.51475236540183
1336,69.58793218120736
1337,29.032284018448408
1338,46.67113151833817
1339,53.31930626896138
1340,26.600587480770777
1341,32.00651692480572
1342,27.548511365710443
1343,30.42143935971865
1344,28.169839225894446
1345,36.729923652471456
1346,51.16103831284845
1347,26.435976611876303
1348,64.06895507080655
1349,61.91114337778566
1350,34.2103201706187
1351,57.259592408928015
1352,27.25283468897346
1353,69.75907224216476
1354,72.73848067295233
1355,36.561021403309944
1356,67.40281450137874
1357,39.27678732497812
1358,26.25250867319048
1359,38.87330657272772
1360,45.791347033395986
1361,61.71838889947875
1362,47.18282200721164
1363,34.54661603244414
1364,32.51938269199894
1365,44.30460608978439
1366,40.113315239930415
1367,38.34023239664041
1368,54.99541631649044
1369,40.738383361656034
1370,43.10870377594093
1371,27.916598255466617
1372,33.18620107173365
1373,72.56836062585833
1374,31.517916797880766
1375,26.965657973011016
1376,76.24861311367285
1377,32.930385749713714
1378,64.1740771058836
1379,24.129596976735694
1380,38.94041877954307
1381,41.73549991006318
1382,33.63945150769299
1383,28.570984236088382
1384,62.53369934599598
1385,69.41678615591964
1386,66.47858692809675
1387,50.03903570096468
1388,25.854405328652188
1389,42.906331142589046
1390,79.36800264740819
1391,35.764614577612065
1392,73.34147311813369
1393,72.12316326078445
1394,45.19041677779407
1395,55.83547485820346
1396,34.97181482568955
1397,39.326291705330306
1398,53.08483663181909
1399,45.769444559910774
1400,26.364593900764362
1401,53.42464300902621
1402,37.570886300746174
1403,26.148145042900843
1404,61.84516921638812
1405,76.65637825009165
1406,35.23502395779741
1407,39.40115938979509
1408,55.26365422733918
1409,54.43177053383292
1410,29.546101055483625
1411,43.65243891735858
1412,65.76077996438542
1413,48.44397176216427
1414,55.0732665076975
1415,75.6121526420709
1416,69.59597991327712
1417,31.102230983729882
1418,57.70559592830226
1419,69.92744028684348
1420,60.23317744012448
1421,68.89813581974266
1422,69.56961805507098
1423,53.2672255957698
1424,35.97785362825033
1425,37.734692206605544
1426,37.4359769759636
1427,58.4480562744605
1428,61.25284976111709
1429,33.833710344740986
1430,76.54207616369301
1431,29.633013866882287
1432,22.94196345835641
1433,65.50146741638697
1434,54.75910133275884
1435,51.86626968703363
1436,28.954334475951043
1437,31.43141291224357
1438,76.73829477638652
1439,70.40307399221022
1440,72.24592609526468
1441,32.884456930265486
1442,46.15911903736245
1443,23.06475723606413
1444,42.129701673555225
1445,31.34946070165663
1446,33.33556919102081
1447,79.9692994687025
1448,62.78904459537054
1449,56.598039255927326
1450,51.4435942080196
1451,48.09212201909909
1452,38.75126495320487
1453,67.3119199830376
1454,44.41226232538305
1455,63.143359651933025
1456,65.7091383835031
1457,78.79868404256234
1458,49.64749898685785
1459,65.04539879778238
1460,35.991266958825996
1461,58.342653376859275
1462,64.80749954895535
1463,42.43786823989805
1464,43.04196521252593
1465,49.35971151498024
1466,47.84944283998973
1467,43.75205078452068
1468,46.4942625931623
1469,32.43483392783436
1470,49.291277827584516
1471,40.457056618642014
1472,30.734265177799152
1473,66.12524960014706
1474,47.29139950161137
1475,45.22576481532985
1476,49.4724164034374
1477,53.50941433280249
1478,67.92203472028262
1479,43.420458231709546
1480,46.60347136288613
1481,52.16297744777023
1482,27.87151945737637
1483,44.449469258617846
1484,38.162610771665875
1485,44.77452355351438
1486,62.718632659743406
1487,28.511841155609957
1488,33.17259376446083
1489,29.667886760034595
1490,34.940673621516794
1491,53.50044252386984
1492,48.474715673959984
1493,74.7520823399561
1494,50.34326685538386
1495,56.36897180222991
1496,63.77936053617612
1497,35.297168681925896
1498,57.147950925565475
1499,57.656812951970615
1500,69.33561399176003
1501,47.138305391697884
1502,60.765079971936586
1503,51.818065960170955
1504,65.49833287909088
1505,30.912854176283737
1506,75.47458846694092
1507,41.368678921261115
1508,48.11356238324455
1509,42.899243522754716
1510,54.34974303902657
1511,74.99333699246358
1512,59.058893790801605
1513,30.070711661218038
1514,31.488458519792186
1515,63.43990020084845
1516,78.25563163540767
1517,30.590700031251913
1518,77.97520415609172
1519,43.3772558543781
1520,37.38187682823632
1521,50.743231373189595
1522,57.02684348409658
1523,43.59178448588342
1524,39.50906706675354
1525,28.063029299309747
1526,45.06307017049136
1527,30.344273142133716
1528,28.32480734616989
1529,34.37599440995403
1530,73.39891986103825
1531,58.79688682845373
1532,64.07730343080236
1533,53.56512521056232
1534,64.71565048806976
1535,47.343106418498635
1536,51.70833856611312
1537,51.1701208064514
1538,29.61952673496361
1539,46.38509675630218
1540,72.95052068505613
1541,45.14866757266016
1542,75.71640159498132
1543,68.32078763832335
1544,52.06828953934401
1545,39.19271605073908
1546,49.01054765148987
1547,68.71073502713774
1548,66.41900393404833
1549,40.998048223404304
1550,31.768245839059592
1551,23.910561828291065
1552,50.8771761330703
1553,56.11767047142463
1554,64.17132545013364
1555,41.365479436957976
1556,32.684087094786456
1557,40.67159765972442
1558,72.42815763682981
1559,59.080466654729804
1560,63.79025807984962
1561,44.45164171077452
1562,65.06919781244294
1563,49.91865817130228
1564,67.19474171388843
1565,33.300282755650564
1566,36.80081226652989
1567,61.98628065935762
1568,49.71577867412323
1569,29.329672866716233
1570,30.297522662859524
1571,42.15787048267774
1572,47.0869448548066
1573,30.90184824292911
1574,68.00339772158821
1575,67.4118176899044
1576,61.93683958279288
1577,30.46970810227568
1578,62.17259946020518
1579,46.588433700131674
1580,68.56443837837853
1581,31.415927605670056
1582,53.969042429327004
1583,48.31932003590402
1584,53.56448978061215
1585,78.05206353268136
1586,37.43654912671857
1587,26.6974514841054
1588,30.962439834374013
1589,39.62621968097057
1590,62.55565074153438
1591,49.27349650502076
1592,26.57150348539899
1593,74.43504493840888
1594,63.86962841433542
1595,45.06512026066379
1596,31.8864497963704
1597,54.89732740399155
1598,52.32207468471608
1599,32.02309861049575
1600,36.817389353626474
1601,71.52662522630274
1602,23.159064700579282
1603,58.84922051634633
1604,54.49748773367017
1605,32.984066372359834
1606,54.73229842512851
1607,68.69811721457148
1608,48.36823962572491
1609,51.50543841812199
1610,58.73355863672721
1611,38.25364542156194
1612,51.14207829906047
1613,29.624209921177844
1614,44.03852473121223
1615,77.04511241130393
1616,46.19599454142882
1617,53.0436870161493
1618,52.67899512160732
1619,32.28601217281664
1620,27.094292606653664
1621,47.13126127913176
1622,60.53270505800786
1623,58.32721996453533
1624,65.90027551879173
1625,73.57675694440883
1626,38.794867656226
1627,54.15253578057896
1628,26.638069424004264
1629,25.387425496255066
1630,49.43337954759006
1631,62.72555705919204
1632,74.61707458254884
1633,45.628977563881456
1634,46.23651268068737
1635,46.69819985492978
1636,44.08586823976162
1637,38.256601095062756
1638,47.6051871950211
1639,28.554046337339415
1640,46.13446223010353
1641,41.07769782671791
1642,46.11676340484804
1643,58.90781730817446
1644,49.282918840520885
1645,54.055005417773394
1646,60.09498323061804
1647,75.5172837260568
1648,29.642256993578624
1649,64.14153867482254
1650,30.24149458470591
1651,49.92976546209514
1652,41.62128687399347
1653,72.9649438436327
1654,37.65487953297427
1655,57.60721682797981
1656,53.638473652946686
1657,62.411038751149015
1658,72.04870766621035
1659,52.56276109944204
1660,50.86600998534235
1661,34.00545772143879
1662,65.69752436778276
1663,36.98522311539244
1664,80.24012806002956
1665,36.924872273608244
1666,49.13247758594843
1667,50.13738295330632
1668,61.620539611706825
1669,31.898756313949203
1670,50.039047849125815
1671,47.95815432813808
1672,74.08555501821358
1673,35.891621392546156
1674,46.843471113793754
1675,76.59221718414341
1676,73.24845432939287
1677,57.02878299409831
1678,47.19088660538495
1679,41.96536505796147
1680,30.280342128308504
1681,64.11790435595005
1682,56.98481411681665
1683,70.77904196938832
1684,60.81225755466768
1685,43.869813062152566
1686,49.449024819321785
1687,32.43443629982694
1688,71.6371228446442
1689,55.87822310022705
1690,51.99726938092544
1691,72.50412302017986
1692,42.13346309641794
1693,50.33540378673887
1694,66.51666958610707
1695,28.951119575417536
1696,50.693346785967876
1697,31.455416277686904
1698,71.83617607977965
1699,61.31427157072204
1700,33.807681934425375
1701,56.635473206227836
1702,22.29110529878695
1703,40.31119175096908
1704,26.778728423885536
1705,44.50236546297259
1706,69.47856325931379
1707,61.52704920640947
1708,30.198540060462612
1709,66.70859892190313
1710,58.87505072754169
1711,73.59366027514888
1712,41.76188423120324
1713,34.09325275615562
1714,53.79111197910849
1715,49.07803461372917
1716,51.08647330454232
1717,43.142237977586625
1718,56.134022156140894
1719,32.248957676418044
1720,44.29898223056004
1721,23.50548712963556
1722,29.596891013179413
1723,51.30224011042299
1724,48.67270681475702
1725,76.24445776707876
1726,74.73549245720197
1727,46.30355544263397
1728,53.050682833911466
1729,80.09021283264984
1730,49.03022717764637
1731,28.571931266710287
1732,47.68379212691512
1733,70.55277268598984
1734,45.10531190734418
1735,50.00875098404038
1736,28.225064870929895
1737,53.802359956581505
1738,26.822521654822086
1739,48.15428880180627
1740,40.44530905971538
1741,45.55343940726882
1742,30.667174369894205
1743,28.59688478912457
1744,84.28563877254342
1745,58.26702568132228
1746,47.53662776289557
1747,72.12029389502895
1748,78.17409968242072
1749,34.243708700487595
1750,46.685836000943
1751,47.16610533795802
1752,33.26963617580184
1753,59.8245807782173
1754,73.21772133326444
1755,68.02309877407617
1756,62.04303127080168
1757,30.537144490714553
1758,27.1491460383017
1759,79.08282707667806
1760,31.380349974684442
1761,24.263507846405776
1762,57.08765844666851
1763,60.28503817750675
1764,45.53594477442919
1765,29.976636320797375
1766,64.75090638859396
1767,31.2365999878644
1768,72.40062609311389
1769,64.79503294814766
1770,65.40249149179458
1771,41.38143733171743
1772,74.51055503401085
1773,37.97389913955164
1774,26.78165279554912
1775,36.697500939199315
1776,29.168124521272595
1777,35.79445960232679
1778,41.34992425238873
1779,48.10579174523012
1780,33.25281426751208
1781,40.55105414962952
1782,62.24428258425617
1783,25.816464259862293
1784,65.39721771122476
1785,58.674468867304
1786,34.3692832874018
1787,52.605050281443894
1788,72.6824116058113
1789,38.77934376237388
1790,50.03703716168299
1791,50.53314341689613
1792,36.425183922164116
1793,43.05366282223828
1794,58.23984774375815
1795,57.24408460226437
1796,71.58114069429148
1797,31.77896996311699
1798,69.27685229248058
1799,33.72521817379682
1800,27.734842022242283
1801,50.974892142589894
1802,53.79588465697103
1803,32.83976135453472
1804,38.6987878395441
1805,63.79025088060449
1806,26.32429898780118
1807,38.82326746351859
1808,51.66835607498164
1809,86.01162717631473
1810,50.99643999009468
1811,26.818129499562954
1812,49.94611528579775
1813,49.53087091453058
1814,39.322272235944894
1815,25.017080458380736
1816,56.55743434673679
1817,42.5348981272761
1818,33.285614251215364
1819,35.47935928386498
1820,67.22974579199939
1821,60.11079162369593
1822,65.92790543247602
1823,39.3952680757677
1824,40.47764810012991
1825,31.721704070422973
1826,30.01923881660075
1827,30.009897614743434
1828,52.303077189495376
1829,62.07608767615322
1830,30.783399274442214
1831,37.094787191115145
1832,43.11928478484316
1833,35.19070212815039
1834,67.86226753479173
1835,31.39295187483787
1836,34.77295726075948
1837,73.21830118705543
1838,57.578820736688705
1839,49.450173616685795
1840,31.806807648835555
1841,27.96525511608463
1842,46.09022745700385
1843,39.564933844712904
1844,45.575958891212835
1845,59.752572259980944
1846,27.59181151210613
1847,54.88578251893235
1848,59.99281395910842
1849,53.88879049617037
1850,45.59013237359844
1851,76.06554286930711
1852,79.67029010345443
1853,29.57800529251433
1854,60.97012362288768
1855,40.52677516658929
1856,73.2936705021905
1857,31.43351902142546
1858,37.05417284509504
1859,52.422634322961514
1860,28.500211790168887
1861,65.90305164705566
1862,51.15789733689757
1863,58.34620670154434
1864,53.129562353406854
1865,62.31731133272742
1866,69.11557553014318
1867,63.08840099673457
1868,61.41607806016059
1869,37.87855134974444
1870,69.22785336941485
1871,27.529166459593917
1872,43.07849024911479
1873,74.25198788444436
1874,35.309110323476744
1875,38.994742924034156
1876,46.24486673558307
1877,41.37557634655963
1878,38.61411103674196
1879,46.95814550963161
1880,72.80838741820264
1881,43.375167571329236
1882,27.93793106741816
1883,40.193335176112775
1884,56.55666516410069
1885,50.11872352887874
1886,55.813381049697895
1887,26.762579837817523
1888,37.067576270689784
1889,33.72071880021147
1890,65.77144560500389
1891,62.11757475398284
1892,68.50013608390566
1893,35.13606773989491
1894,56.017819542209374
1895,26.134474599759244
1896,70.30968232953278
1897,35.3504051960732
1898,28.849561649813566
1899,28.483140655021035
1900,42.472378324973725
1901,42.2238469603819
1902,41.24719571562128
1903,75.42187485869218
1904,29.495358549149515
1905,40.251099943055436
1906,46.1669441422544
1907,57.979793951835255
1908,57.929478946266876
1909,40.43471788345962
1910,61.29598177140506
1911,54.8592397890968
1912,46.99444003267581
1913,58.36387997063143
1914,32.054623879483614
1915,74.7385575677563
1916,61.663125566974244
1917,55.51477500538826
1918,36.90268834907876
1919,38.269471518628045
1920,57.58947287781319
1921,79.29437432157745
1922,63.351348738144765
1923,25.005072439696104
1924,46.8092701826354
1925,52.7624278792551
1926,68.30767292499283
1927,24.65611837725153
1928,49.61588367405124
1929,41.58870002058265
1930,50.04340837521863
1931,36.48981617061721
1932,44.96516605518811
1933,31.897618207552636
1934,25.225751456821115
1935,37.60824147533282
1936,74.06241710083394
1937,29.024878319412412
1938,55.81083877496114
1939,56.81551382862939
1940,75.99288659981337
1941,70.97497010269575
1942,41.873668130036414
1943,24.107528030346135
1944,33.27294723647727
1945,27.978912002253086
1946,30.18955184481594
1947,56.98047745902197
1948,50.1441991517368
1949,65.15606411594274
1950,28.023219070462766
1951,40.32399999545788
1952,20.136351509931526
1953,47.658903175736576
1954,66.88428846674579
1955,33.51542022460833
1956,40.311709158438234
1957,88.47685892334118
1958,30.333771173497386
1959,43.8481996065197
1960,34.06415290130006
1961,41.826654426088616
1962,60.96461288524209
1963,66.88769621145694
1964,23.991726870275198
1965,64.17751605071676
1966,26.007939731699025
1967,45.689542261987036
1968,40.37190001037861
1969,28.144110304893736
1970,45.72879626580681
1971,55.795414349050695
1972,58.08955254273447
1973,43.50854684555104
1974,55.66414267498864
1975,59.8735861355812
1976,37.6051841813654
1977,25.202019555900105
1978,53.788501629587216
1979,65.10777651528983
1980,51.03366865965702
1981,15.8430995677302
1982,63.24329499894194
1983,30.820265045625895
1984,38.04344693808738
1985,33.23263783942022
1986,45.80575809455787
1987,27.36244847774738
1988,36.33574993683151
1989,48.559067683122166
1990,44.33184615471875
1991,44.13372773996012
1992,32.15100260064322
1993,58.00105406797985
1994,48.971851731957635
1995,45.80340263553634
1996,73.53469853293578
1997,65.58210103388066
1998,26.901869621405027
1999,46.604874021477514
2000,56.171786813802974
2001,32.97537043824305
2002,59.431691191874194
2003,60.75674124044267
2004,47.17705707627327
2005,49.24731351000954
2006,75.85587714483188
2007,44.7271533189528
2008,45.20003095112178
2009,51.08939197390599
2010,27.357031121061866
2011,43.87275396932706
2012,36.23719884706142
2013,67.12852121280028
2014,67.4637847388447
2015,61.472988794584225
2016,71.57511799055459
2017,29.677446213778527
2018,67.22221173152641
2019,45.28892228512926
2020,38.08500111691007
2021,77.19740940041518
2022,69.66467413158222
2023,50.09299357379248
2024,67.6715560388063
2025,69.62630285002908
2026,41.605542266568875
2027,27.43521548110949
2028,29.819762436980596
2029,24.004840997834638
2030,40.42483353253396
2031,39.39862684417795
2032,64.43609626246673
2033,47.730089109230214
2034,53.84258979357656
2035,39.611240693586566
2036,30.34525431810662
2037,56.05790394504263
2038,49.07765133035928
2039,67.56291862324748
2040,57.760275910908234
2041,47.37686258523626
2042,65.29366011565129
2043,75.0219207181486
2044,26.41559197972536
2045,43.054632403856544
2046,82.53058482568503
2047,38.445687622723305
2048,37.81606519553292
2049,67.62095648319671
2050,45.80807177358971
2051,51.225781983396516
2052,34.820260876964916
2053,41.379063513372
2054,71.86669878382988
2055,46.6142069940649
2056,70.94058317751451
2057,51.806489546936014
2058,36.48388903427627
2059,51.525751860529624
2060,53.67378275468976
2061,53.30768497816632
2062,74.76509503990924
2063,67.73440514743535
2064,62.57220481040653
2065,67.92468145704252
2066,58.73608063720211
2067,67.9705625478918
2068,26.780691320843125
2069,33.58257413169886
2070,81.37335996964617
2071,49.44336673362728
2072,62.603900435123236
2073,30.887475356771706
2074,66.84411808018041
2075,47.817182280812716
2076,39.52415768359917
2077,30.572195581514716
2078,71.90665745744072
2079,42.698026671430746
2080,74.30355198038995
2081,43.7996578305479
2082,30.162425331128276
2083,41.80680886516164
2084,57.86475717769834
2085,41.58047102570198
2086,70.82906460460332
2087,26.85016338230483
2088,57.20851565515732
2089,56.91112627142048
2090,59.07067130675537
2091,29.69304646188702
2092,49.04403359768959
2093,25.871716463257123
2094,28.387491625129904
2095,27.56106073225887
2096,74.64140139429432
2097,37.772654561023266
2098,37.813443550610344
2099,31.37940083249444
2100,30.85070130225938
2101,52.976556962492424
2102,30.371544611394906
2103,34.35845236653502
2104,66.93268614574303
2105,46.44085297483974
2106,60.1390298869989
2107,43.832212613381316
2108,47.46400886843651
2109,63.476365553357965
2110,42.32349010616015
2111,27.16817804890747
2112,32.23854860605174
2113,71.27178739740144
2114,53.38429173859924
2115,28.48049166550407
2116,49.07376280211433
2117,54.067883741159875
2118,70.40922054102344
2119,34.55461217719929
2120,54.383431069333255
2121,30.139957622511247
2122,32.71071595964122
2123,35.27329390237225
2124,57.59789798224709
2125,45.418191579287566
2126,34.29472534832277
2127,60.082936283412366
2128,46.771099828393226
2129,68.92574402014696
2130,61.45808034753345
2131,43.80870253792423
2132,32.08566699959363
2133,66.88636649656334
2134,34.25555397065836
2135,39.9919689720179
2136,44.470009082475826
2137,54.61494289080129
2138,67.69646221606651
2139,77.33084537110844
2140,30.197969002301285
2141,31.583080076020433
2142,25.599311770310877
2143,44.04235812705209
2144,56.27824645538888
2145,40.384870110600545
2146,68.83338573977797
2147,42.01986862666184
2148,60.11549477964635
2149,59.99322001951438
2150,46.71460641844415
2151,49.77841896195075
2152,61.545071847673896
2153,77.37031847574231
2154,77.44381818116715
2155,52.06075125319307
2156,51.22720023449143
2157,49.83899065362029
2158,75.82921722464548
2159,77.55841800179486
2160,37.53359787165233
2161,31.231359176728823
2162,33.884888129395314
2163,71.12585050231239
2164,37.171221889571115
2165,53.149065504851
2166,35.14411187596589
2167,40.52428702321339
2168,51.431548372317614
2169,43.07884767135508
2170,26.392043175506267
2171,70.49957101036495
2172,49.36614044471246
2173,31.136095921880944
2174,43.806228626556084
2175,47.491637144133726
2176,77.45730015929887
2177,50.64776214833075
2178,72.93390879758488
2179,32.9156088775288
2180,26.81121511004735
2181,48.442777219113104
2182,40.923494004217346
2183,45.56649738834698
2184,70.57456680893634
2185,45.592356516240486
2186,29.68886446391594
2187,55.360007381356816
2188,36.06706805562314
2189,25.24400838184761
2190,73.57818291017372
2191,63.10745866176215
2192,37.61221550922458
2193,63.77775646770018
2194,51.34633674703612
2195,46.52792129296032
2196,53.65332376712131
2197,40.54697799972677
2198,28.11972809233553
2199,64.1094294469596
2200,28.042793016734443
2201,31.076489495629243
2202,69.59806165091067
2203,68.15993721315094
2204,33.95639470896219
2205,51.27794529874806
2206,31.383881329691597
2207,23.84975922562164
2208,75.61026616676057
2209,42.21879875472353
2210,61.592667832577646
2211,67.70570576960995
2212,43.04951321255235
2213,38.14072163811948
2214,49.15405027776607
2215,41.06620666502421
2216,38.15530734310235
2217,56.974724013921644
2218,61.90247017555058
2219,29.710521866841997
2220,70.5537641332304
2221,32.41602032184258
2222,24.246705617188667
2223,28.67316784410582
2224,72.38897346428686
2225,43.684975808451824
2226,25.388060584643057
2227,49.56916033453101
2228,41.554124462555784
2229,26.158921348143515
2230,70.30159483485791
2231,71.61712120192156
2232,64.37481366743725
2233,27.190816304125565
2234,53.818862273497174
2235,45.719421410155505
2236,57.655808568075486
2237,49.09175705838118
2238,33.06336288863568
2239,38.41297712880069
2240,46.34565039534959
2241,59.146319417510355
2242,39.217524129516164
2243,55.64389231162724
2244,72.51334201144726
2245,63.23392829271571
2246,56.79634780227708
2247,39.158576805246724
2248,25.472148584119598
2249,72.63496985469767
2250,25.399769347419088
2251,26.516537494322304
2252,33.4157132726304
2253,27.65258434447181
2254,70.73461395167998
2255,62.4135771765581
2256,35.89113587724067
2257,28.500897702053404
2258,45.286415297427546
2259,54.1957002837704
2260,45.957649058761106
2261,56.992896778611474
2262,60.47693076510208
2263,48.8256765261947
2264,36.7139950415941
2265,60.78851509196502
2266,61.805434059720326
2267,24.916787754450173
2268,26.648707159142916
2269,38.870536885498105
2270,35.64160789490442
2271,62.24395746453503
2272,46.21194652914703
2273,25.270523025833644
2274,40.022651638620786
2275,40.02668791558496
2276,50.56813613334492
2277,32.04999011647941
2278,32.84535080314184
2279,56.43657225929902
2280,64.39699602210992
2281,41.1346396754451
2282,59.88089082442191
2283,37.21256482518733
2284,33.60299884756194
2285,42.031601857039256
2286,45.227823198738804
2287,25.322207080494277
2288,70.85304701718252
2289,66.3344499174427
2290,18.282242101892724
2291,68.09293001054277
2292,37.52377659287844
2293,49.3180769922373
2294,62.42912082107236
2295,39.05091162674826
2296,30.44561020176843
2297,32.93491250442842
2298,39.21658275366669
2299,31.70451366217655
2300,67.07038612774164
2301,70.31667611661392
2302,74.39724373062359
2303,48.61231502775632
2304,37.60391096998573
2305,50.26592087985607
2306,44.32850837858619
2307,22.235513332419664
2308,27.299362949798784
2309,9.220493216872455
2310,37.604363329206734
2311,57.26312624282901
2312,58.61206542706898
2313,31.173307818443366
2314,46.55910535691721
2315,71.62482637681362
2316,45.463277327045944
2317,39.669623499318845
2318,67.41852318497743
2319,64.5321770125358
2320,53.65545752343771
2321,30.720180520722504
2322,38.88495998527809
2323,64.26411498773682
2324,59.42262854768026
2325,52.82677243018606
2326,27.527356886568015
2327,36.04336901248942
2328,69.81148681790125
2329,65.68788565125018
2330,60.76055659302662
2331,41.131000205072716
2332,46.535902262843905
2333,77.71457455989345
2334,45.57308804654026
2335,27.72855529324084
2336,49.291529922740466
2337,37.48550052755347
2338,22.60775831519171
2339,71.00488870242208
2340,29.015239054485
2341,32.03300772924871
2342,66.29744628577323
2343,56.04372740801531
2344,55.21459072736878
2345,55.242127819131305
2346,57.449121244846175
2347,31.62952219939856
2348,27.235492584876667
2349,65.8952454306166
2350,38.07748049206416
2351,69.00957155781722
2352,32.25287695022918
2353,34.849513453897906
2354,41.9960128381276
2355,71.5699309377404
2356,54.14116429549647
2357,37.54258753290059
2358,63.49480661726073
2359,28.255724772370577
2360,26.17094402173437
2361,29.473005656831347
2362,62.86861927670724
2363,31.02475077742267
2364,34.059951789789906
2365,27.305592426630245
2366,68.43140047863105
2367,57.70006131483511
2368,74.74914153586312
2369,31.808818266884096
2370,65.40389216588788
2371,47.016628525532745
2372,26.8619696071343
2373,69.58032523989218
2374,69.43323562648789
2375,54.070514442941736
2376,25.84779927803483
2377,38.54058559308512
2378,46.9723959582668
2379,72.73742689299002
2380,72.93279943903238
2381,32.613575105032474
2382,44.30565723646732
2383,43.472600771333
2384,43.02089255510606
2385,68.56608246217408
2386,75.35032702909588
2387,37.47705099440143
2388,44.404176898461614
2389,48.3234214895214
2390,44.29236847476486
2391,59.21756905859182
2392,73.05580366787345
2393,44.868191958721305
2394,61.51045335045383
2395,52.50702965513687
2396,46.09591675950665
2397,34.374675213649034
2398,34.16756375584805
2399,55.99416312325363
2400,27.48497413421335
2401,40.75026222807666
2402,61.3195179221067
2403,61.06394104764327
2404,51.359501012689094
2405,55.6402424407643
2406,30.261707529984708
2407,66.43999768312186
2408,59.81358284578971
2409,46.30092411368489
2410,73.23744939256645
2411,60.927833314790455
2412,27.704738635618828
2413,25.368153123890796
2414,43.37983434606122
2415,36.8912862753174
2416,44.584436073725776
2417,25.136341030176858
2418,69.13176709465188
2419,51.79164279232462
2420,50.133543051861764
2421,72.95568774577467
2422,42.654304325440364
2423,61.277429125904135
2424,61.79969303387469
2425,60.918540000576996
2426,47.46716591741479
2427,40.92905991477254
2428,56.835156559878
2429,42.34721619780532
2430,54.031791621533884
2431,91.41503829631594
2432,79.18912499149096
2433,29.27865232790737
2434,43.40905736960558
2435,53.15078784571048
2436,57.65896001186925
2437,20.25604548608953
2438,68.05537051276417
2439,56.810250443726545
2440,34.187339557271514
2441,54.862487057011755
2442,35.99271382576572
2443,45.563523443188906
2444,48.69701460032492
2445,34.80548206416769
2446,70.82557081563688
2447,71.57998541447512
2448,39.70680367474437
2449,68.65742627418908
2450,38.00026932561573
2451,42.29800134354334
2452,73.45478692472591
2453,22.41588197633474
2454,48.01263256457164
2455,29.294199728603218
2456,46.95714310976553
2457,38.86452847481371
2458,55.19723360210252
2459,43.4496384284491
2460,39.73541707013215
2461,69.92030509619302
2462,55.669420511822935
2463,48.92368073669559
2464,52.41522054729027
2465,38.21431226190626
2466,64.68295193578057
2467,33.458074025095584
2468,54.949532172568205
2469,83.12619147678978
2470,76.54763989969764
2471,59.809499854760645
2472,25.681158139099335
2473,33.57306228132039
2474,25.51514131646323
2475,61.385236367282054
2476,29.024232020656367
2477,65.19057671186661
2478,72.51783060223076
2479,39.15483778964613
2480,28.123358593597672
2481,72.19897266065377
2482,31.857629048282202
2483,35.26666622066772
2484,40.53390703989043
2485,26.304725497873005
2486,73.75971770453708
2487,44.42052763231773
2488,75.79459684524521
2489,40.66053467798413
2490,26.847751027937942
2491,57.27998070269272
2492,41.27041973286677
2493,66.5474367439896
2494,54.5434778140605
2495,56.153037033879244
2496,56.08201750734133
2497,83.44319294628036
2498,47.83209630493167
2499,36.20735241300285
2500,42.496835885200944
2501,36.75106705495928
2502,29.573464085669688
2503,29.24062988885992
2504,72.70317920483829
2505,71.62244198941252
2506,70.88711714201648
2507,31.78234859389424
2508,42.364812922668754
2509,57.83876578772802
2510,63.11230897536832
2511,21.19713018950259
2512,46.37062306171773
2513,32.813865567743626
2514,30.835274109982414
2515,27.627818406046703
2516,70.30885481105993
2517,52.2366830981361
2518,68.81663189375519
2519,48.3359815513553
2520,43.982234789410676
2521,40.129084670742415
2522,32.353513280894866
2523,32.635691801197105
2524,67.41587153934798
2525,31.153224322549796
2526,25.055037806261616
2527,24.864291190361854
2528,64.46779186504239
2529,45.53024034679283
2530,71.94585879224886
2531,56.52491138825208
2532,35.20214039225637
2533,80.43842363251682
2534,32.023286570879286
2535,46.462812986934296
2536,35.08822183308993
2537,38.776986943681216
2538,36.23536652127606
2539,27.875652298023645
2540,32.15421845713382
2541,49.595062409034576
2542,26.062415029471943
2543,21.62341295939808
2544,31.11127593906454
2545,63.79290471390382
2546,32.279138822937895
2547,74.46161563894324
2548,53.318756670525
2549,39.663639063493974
2550,46.841436725442996
2551,47.14550030069962
2552,41.4878079580245
2553,35.3855655081869
2554,32.58177955030415
2555,91.58805282001384
2556,44.897312339
2557,75.5673480692932
2558,69.42880197249838
2559,53.00396842174962
2560,62.24839107760934
2561,38.74470988919465
2562,59.41000897316253
2563,72.22061507436732
2564,30.998759201079956
2565,67.92030458012238
2566,47.230296024624934
2567,36.24888202434952
2568,27.495887872186064
2569,27.39090041028676
2570,26.190829865826814
2571,39.803987895073774
2572,71.39819687286786
2573,53.665848933849084
2574,62.13149069829706
2575,54.62970006284633
2576,31.170905346177893
2577,73.33883246618005
2578,62.7643517328275
2579,27.492829474924275
2580,36.38119918095418
2581,30.939280191231205
2582,24.45370035344081
2583,55.89647497760301
2584,72.51883590016965
2585,52.50791261243661
2586,60.87481114812262
2587,73.72466970635503
2588,64.19522295843198
2589,50.143676282278236
2590,21.453081829232094
2591,65.7302571682959
2592,37.12561851407025
2593,66.17667378200849
2594,60.36069106863447
2595,71.11095034018811
2596,51.77401899667892
2597,54.73382112184778
2598,43.21436664199327
2599,26.94324672450836
2600,48.326690507344615
2601,28.216919985664333
2602,29.303131105257336
2603,64.25588066607699
2604,40.51765414509252
2605,36.501743942094926
2606,58.17804832085514
2607,72.24525418051701
2608,50.116755536594695
2609,57.51092690570571
2610,45.54954761561742
2611,56.99126352034542
2612,72.568100118593
2613,36.55183133971163
2614,52.420753162300464
2615,22.290056246863713
2616,40.32237100029994
2617,10.382529697668751
2618,61.54843259666429
2619,53.3395250743585
2620,52.586794532046035
2621,68.99726353012191
2622,68.8659659737398
2623,63.94367673269571
2624,45.50460152635147
2625,38.942851186172604
2626,44.87398221779323
2627,35.612761240978315
2628,73.10516958488154
2629,35.78233849530999
2630,36.831165990869145
2631,29.47250728057453
2632,73.87597244919635
2633,33.00265505253978
2634,48.880329335728845
2635,61.75886344191614
2636,58.097647511302824
2637,57.2640025639278
2638,35.372285373487024
2639,31.70868224402624
2640,58.25628173012235
2641,34.671921366276585
2642,40.89104523781902
2643,49.95092085932249
2644,64.99668549388497
2645,33.56275005871227
2646,59.833172148796024
2647,50.348213420590504
2648,54.62879482202603
2649,31.898936560536683
2650,60.53863372889262
2651,36.79209520777546
2652,31.99722805656741
2653,25.651188118057533
2654,24.920366328933312
2655,61.264695826746504
2656,72.00525206342196
2657,70.26109537536033
2658,59.0555284121389
2659,35.33503902828846
2660,32.71717056295296
2661,29.958679316293857
2662,53.11822602791455
2663,72.0996442886217
2664,76.52652733680605
2665,48.70523473342063
2666,66.79903166392042
2667,39.950165232256296
2668,38.48870616721852
2669,40.96200781775291
2670,37.81366962587597
2671,63.816660082400645
2672,55.60760908277187
2673,26.4917788287646
2674,67.98236024111326
2675,54.12528988076266
2676,53.176334918521825
2677,67.63105923193753
2678,44.30254998048933
2679,60.90335227894612
2680,34.66201295641244
2681,54.236038977672116
2682,40.33419511958725
2683,27.795850750004206
2684,58.42807420246795
2685,68.00177668962168
2686,36.59801498727128
2687,47.681961897696496
2688,31.828578432865466
2689,61.01321528975869
2690,58.39572107598081
2691,43.62507334821918
2692,45.89850241653012
2693,36.202223733346855
2694,52.86209236949437
2695,35.78931887168568
2696,67.85886166745725
2697,41.08448555951988
2698,66.70870576073737
2699,43.38196218255379
2700,35.6292107168931
2701,34.12975594736545
2702,40.81224744195643
2703,51.0169152745944
2704,76.39082551720074
2705,87.58470341554124
2706,48.961165392828946
2707,60.216027335656506
2708,30.923457598449165
2709,28.774844167303474
2710,60.08585919008733
2711,33.59204414666126
2712,42.004090346850205
2713,50.28942422617718
2714,69.79085249399273
2715,58.53020929726473
2716,66.94816974717673
2717,26.078341477860608
2718,51.78069155366067
2719,26.661900643815475
2720,30.286428284030592
2721,31.43056103537899
2722,76.26185698450828
2723,25.763447572991762
2724,69.3334005743473
2725,41.00999889111321
2726,73.77837144850523
2727,29.209358853911926
2728,47.89740177226446
2729,44.05661881816909
2730,32.77759505398546
2731,43.53198933122068
2732,45.34023794830306
2733,40.26210574434063
2734,27.31555888561983
2735,70.7702798075251
2736,71.78875695950755
2737,44.612002826092265
2738,22.492041442481916
2739,65.56038311477548
2740,58.57887927291612
2741,24.758526462883836
2742,52.52819527027915
2743,48.438794315369144
2744,47.38632368211591
2745,51.21962136185244
2746,39.9612255452929
2747,66.92526259136703
2748,51.52993888345869
2749,42.13825895505531
2750,50.40667626252494
2751,66.50918799884752
2752,52.59938961889445
2753,44.59226045485153
2754,38.777949631398734
2755,54.624906625243334
2756,30.361117552865863
2757,61.35140486622775
2758,63.07621232769768
2759,33.49204385075076
2760,42.90343236417395
2761,45.98219044507156
2762,44.23865822031985
2763,24.447533426425714
2764,61.13655053065757
2765,62.90198752011676
2766,71.15738145632476
2767,87.06425942013949
2768,59.383996953234714
2769,37.09593544709417
2770,31.19173100497486
2771,37.070042697437316
2772,53.564094695539794
2773,62.398632096389925
2774,45.10939390735357
2775,47.109549189570075
2776,68.78024586666723
2777,40.45531573400441
2778,40.455877507278984
2779,59.97011176034173
2780,37.28663822955532
2781,69.3347479786706
2782,42.739254877992316
2783,76.53770862397705
2784,62.13774813045095
2785,43.683105847141114
2786,64.17424791930117
2787,68.5902926105867
2788,41.16776634039367
2789,76.65273894033524
2790,65.92627720663691
2791,46.46601025680797
2792,44.4547565096336
2793,47.66425598434816
2794,60.23560703078915
2795,43.23193015639075
2796,46.49727648427894
2797,30.16013523662937
2798,26.69135220147357
2799,72.37062205910965
2800,46.82057703313748
2801,60.73997100686771
2802,50.662355125048904
2803,63.217519275657814
2804,43.79199068924076
2805,27.397338455187043
2806,82.44699782139234
2807,43.4848131636516
2808,42.10355949404353
2809,58.37510344656762
2810,42.32556132045711
2811,70.7515999409852
2812,41.64594599614619
2813,77.86099677055222
2814,52.51484600950796
2815,30.35444428952369
2816,66.45284206043115
2817,45.723087164348925
2818,40.50060086674007
2819,22.85299732563023
2820,58.99185768786979
2821,59.134000618545116
2822,28.446907898298296
2823,38.06858828173108
2824,34.607818570790414
2825,35.5239932201643
2826,73.00730983931942
2827,49.04413144673879
2828,39.64729273388857
2829,60.863621920788006
2830,29.082271157869947
2831,61.116848787709166
2832,66.2931718610185
2833,41.61491392749592
2834,73.00947540282993
2835,40.81132655463643
2836,26.552677472428282
2837,68.40532225617271
2838,58.95946484634444
2839,78.056622845697
2840,54.95540830283586
2841,30.7283773215474
2842,62.730421717149234
2843,67.36857015063795
2844,32.96133972283855
2845,42.9460749401489
2846,55.07496731528071
2847,67.18743250111793
2848,47.134698126359645
2849,59.322022215057196
2850,49.82879415287595
2851,74.17584808264468
2852,54.332386140034956
2853,39.65532059298111
2854,36.07932693980631
2855,54.62924378661925
2856,66.16750608378533
2857,60.2750123997273
2858,53.868256934662945
2859,42.51619820908003
2860,41.985467203650785
2861,38.378468947977886
2862,26.363141705320153
2863,61.90940789270798
2864,33.44403183879964
2865,23.771761347333374
2866,62.67330161610228
2867,23.705604429811935
2868,45.20244709203561
2869,40.76257109062349
2870,25.812207506088782
2871,27.547669170482404
2872,74.39791062850077
2873,13.911211580332946
2874,71.34222363280298
2875,43.147069253014365
2876,32.79155145024836
2877,43.60282598678086
2878,54.52802146101791
2879,62.83842053829004
2880,51.05342773247124
2881,65.87363512357754
2882,76.2782049353454
2883,47.32856005005913
2884,74.04873902237605
2885,48.59396242429524
2886,36.443568640302566
2887,30.75109999390411
2888,55.06622965700557
2889,27.44094728358071
2890,37.538886466482765
2891,53.558133228310275
2892,36.337045000305665
2893,82.81626108412385
2894,28.863217750374353
2895,45.85775476491487
2896,38.876135884180904
2897,28.339181820024226
2898,60.03860555726895
2899,40.61686975269789
2900,44.94440255025426
2901,37.682921454597526
2902,37.15108276865536
2903,73.57222625076774
2904,30.009891644169155
2905,60.76382804185728
2906,43.166971720499525
2907,37.60809862730753
2908,59.96276653415283
2909,73.97048634281029
2910,46.25641536780694
2911,69.4822327453911
2912,59.45861736304369
2913,33.43452591369861
2914,48.671750320595834
2915,67.38178136931074
2916,45.51184554262433
2917,31.360059538637525
2918,30.58524747088571
2919,36.75503495716467
2920,26.47849306992914
2921,22.25344950480287
2922,18.711476600922406
2923,56.08917879638904
2924,28.973783134129576
2925,42.530743209687785
2926,24.586439513069415
2927,64.46674209766702
2928,38.55075514566071
2929,32.45064056120275
2930,50.9585720107579
2931,36.28213165418474
2932,27.27139061814058
2933,39.87157395611335
2934,45.860873901716914
2935,52.392249932360315
2936,82.20615266556791
2937,24.55556159584883
2938,65.50379882004717
2939,40.07114867229113
2940,28.184622736176614
2941,33.65286279800319
2942,59.10887514235081
2943,38.613287611592234
2944,78.87409599271945
2945,64.3671718874081
2946,52.63880218268347
2947,39.43720388590799
2948,24.21599522335882
2949,54.66676828762372
2950,31.228288778694484
2951,34.429034735423826
2952,71.637799746062
2953,26.186129701679466
2954,49.8676481396382
2955,32.76648801335054
2956,59.059335234719
2957,61.565220712440016
2958,32.429205615572755
2959,23.38550245134404
2960,47.1671026158961
2961,44.991779466258556
2962,75.90189021238564
2963,41.2868640430962
2964,28.67997821620651
2965,72.05612988114288
2966,76.07979943228459
2967,29.915404027090474
2968,51.24166808939425
2969,38.00278739034223
2970,28.773812097581224
2971,28.658019558813116
2972,41.63447820914517
2973,39.41868454482818
2974,38.67059274454793
2975,31.845613234897243
2976,31.435445846114717
2977,44.54994408304626
2978,28.20081039618188
2979,26.96768846311346
2980,58.49989417110952
2981,73.28936002102648
2982,72.58041330059062
2983,64.79065641887061
2984,36.12257903611087
2985,47.27302193594555
2986,49.501137951573185
2987,31.288905442024348
2988,70.65981118999144
2989,71.67462339952334
2990,60.47800991758637
2991,25.347474948658427
2992,68.49778916480403
2993,44.785957652224624
2994,64.24773511247055
2995,28.312100570031546
2996,50.61551433269788
2997,39.47223563699921
2998,77.8772985264081
2999,40.94513217106883
3000,73.70434868648687
3001,76.94841484902967
3002,53.7127859366824
3003,31.989184536576218
3004,42.26295218901692
3005,28.29625489868345
3006,24.905218005931484
3007,77.2085621217225
3008,31.147269182013737
3009,37.01217185708833
3010,42.76047384534629
3011,70.48993311683364
3012,66.45199196039366
3013,60.60693719169221
3014,41.058956233187054
3015,72.74523797547414
3016,64.39504562851701
3017,61.36192475034685
3018,33.148588298298705
3019,40.280206456158155
3020,37.949150229179224
3021,31.807198996901093
3022,52.85140762547235
3023,44.31273713920764
3024,63.82905703318365
3025,59.32062026303103
3026,45.98664124543065
3027,25.87312574480986
3028,41.24953503348216
3029,53.46057952874157
3030,82.24690228587824
3031,27.51311421827471
3032,45.320679672425165
3033,24.687339885266656
3034,57.88850378158215
3035,64.27252788970685
3036,75.66205333780171
3037,30.143308444344267
3038,69.5336393450147
3039,27.13597252144233
3040,67.83480074039487
3041,73.49786718427454
3042,31.802700212760488
3043,34.58672601214883
3044,43.379874626931944
3045,57.48471697940177
3046,47.219253905757306
3047,46.29813688913826
3048,30.043172283412044
3049,35.34016748653543
3050,24.447537646815395
3051,40.185751781838995
3052,65.63819425948556
3053,49.23652702587866
3054,58.73000739916851
3055,78.10661777024129
3056,41.90550438666813
3057,29.704635062513137
3058,37.53965664958041
3059,82.82852842690406
3060,51.57921850600855
3061,70.33147666922065
3062,38.096824492660986
3063,37.04326715415397
3064,31.601376815658814
3065,83.89370676133525
3066,41.891238780447374
3067,58.76139224701497
3068,29.75196554459384
3069,38.73741300679951
3070,31.042776020448397
3071,38.29287012385396
3072,61.81719128060246
3073,26.17227212692534
3074,58.773234332694386
3075,37.645454973981295
3076,45.386004684294555
3077,48.116443115669014
3078,48.03560815780771
3079,60.45637050310507
3080,26.18627927274451
3081,29.399054014149158
3082,88.93980133536748
3083,60.70435223424177
3084,56.61003481892718
3085,40.91302030317382
3086,27.07843642872825
3087,32.44912868417076
3088,45.10807519396569
3089,45.88407252016837
3090,61.14705052768859
3091,60.384712425588376
3092,32.00775921050354
3093,68.79592181571485
3094,28.65377799617746
3095,59.96635744895609
3096,70.05078169287088
3097,41.69531911028329
3098,31.073561054587756
3099,62.17460380687133
3100,35.016303635481165
3101,61.9150207250195
3102,41.82283273633606
3103,59.74428713881715
3104,43.8589739680754
3105,32.530593306492264
3106,62.71506550462756
3107,47.15109494134895
3108,75.17942921256328
3109,69.48872272859352
3110,71.46893321351837
3111,69.0421170547711
3112,52.45629645558008
3113,41.60357747227357
3114,44.492407869961134
3115,24.165010335199714
3116,48.32754951939058
3117,43.47319899942339
3118,39.33347498976195
3119,59.902985158571376
3120,57.76676241081008
3121,49.52801108436109
3122,46.77155937927852
3123,37.778786528615036
3124,48.92710832047278
3125,48.99100505769794
3126,27.656393235959776
3127,36.72551769180993
3128,31.371794074542297
3129,40.03112651911296
3130,24.107248701182957
3131,57.789675288389034
3132,24.25374351964985
3133,68.54347531037835
3134,66.51839691958007
3135,54.99396433897579
3136,71.37025467277603
3137,35.31306971365437
3138,29.672335762089467
3139,34.500095976315215
3140,33.52632723616081
3141,59.269320957603085
3142,60.345930821766444
3143,43.96304007213241
3144,52.28358715022002
3145,26.924206836191388
3146,27.809795356546463
3147,44.253977503886006
3148,22.17998017731987
3149,37.77847911670703
3150,83.76256578782444
3151,42.103262496225184
3152,30.1296055187004
3153,36.7333448157818
3154,33.01122401097784
3155,56.80637800537745
3156,27.06808802343023
3157,19.206575661384445
3158,29.044219390568248
3159,35.037184603561066
3160,75.09351583920336
3161,31.64251412433273
3162,55.458470562143354
3163,50.99287805740982
3164,30.68282568860477
3165,52.46040706434622
3166,61.879593210975166
3167,45.74115786397227
3168,42.39895120115825
3169,34.01706255475872
3170,48.78051106967613
3171,29.883692424104158
3172,55.21762810016476
3173,29.64569490680458
3174,34.800191357677164
3175,51.54245410868748
3176,20.29812574207987
3177,66.79672988269934
3178,41.69533603414411
3179,56.86296855339456
3180,36.8962215020291
3181,71.0083446314394
3182,38.814029221541404
3183,43.728300650548974
3184,25.609125541334215
3185,29.158343460293644
3186,32.47402801096428
3187,76.3935449956275
3188,29.62268847679648
3189,46.21070964736816
3190,69.87949423587852
3191,81.34114617002146
3192,49.490729422138436
3193,81.78851338355896
3194,73.42010024465701
3195,28.769303429022287
3196,30.785817810324993
3197,58.00449028988179
3198,75.15344277789173
3199,73.85890400595488
3200,45.381808923185986
3201,22.400698799311648
3202,25.006043368191484
3203,60.29777722669804
3204,62.600131852820795
3205,68.3748749417437
3206,36.30024050748746
3207,21.01216185211151
3208,29.44477576049016
3209,57.711507042791176
3210,55.36177147116403
3211,36.39420199510647
3212,59.34083072358245
3213,64.73919269236504
3214,23.583370936573015
3215,27.682830275436388
3216,25.397416783705026
3217,49.225305060343544
3218,40.30015497554603
3219,74.24641200599307
3220,67.850169991292
3221,63.64546175441857
3222,39.01157834791474
3223,42.22416533632615
3224,37.42394605398769
3225,37.81752594071088
3226,28.716568332937403
3227,55.7922673542203
3228,84.68166380988089
3229,38.94186097867841
3230,31.127215711807857
3231,35.00372731942085
3232,31.071882804291555
3233,66.6945843291592
3234,33.09595017005877
3235,43.76902589030617
3236,47.82578733237807
3237,59.65740171441611
3238,53.53566582559994
3239,23.41578783352414
3240,26.93638774341643
3241,33.81199384414324
3242,66.19225078618922
3243,39.595833398043894
3244,36.178956868432174
3245,34.00330820736865
3246,73.9578006089597
3247,52.974844406373876
3248,56.06160799230548
3249,61.34167619809375
3250,67.0930161125677
3251,57.90704917820665
3252,34.89408090316492
3253,89.5685990712382
3254,67.1179979602794
3255,44.82835476663203
3256,72.67721150984677
3257,36.40547186730703
3258,25.152999472821826
3259,45.61868484164947
3260,58.02511137784494
3261,32.790612503964326
3262,62.47448446524681
3263,29.0720314330824
3264,25.744561652046517
3265,43.11831464870844
3266,30.216276497464072
3267,59.199936085028234
3268,69.77591476671438
3269,70.0266421209692
3270,62.390128268133275
3271,31.269903230147822
3272,61.93264409354676
3273,36.34263443057352
3274,32.85669863133286
3275,39.73544132504901
3276,60.7174993347231
3277,85.76165806124077
3278,47.32606384683655
3279,24.368681406880476
3280,71.18872872262892
3281,73.59618914315281
3282,75.08244433881963
3283,25.93531638812502
3284,35.32774718970405
3285,48.67381026837777
3286,40.176079468400985
3287,40.67652585954189
3288,29.213777359795316
3289,56.12236354400267
3290,62.41923779777669
3291,70.16462439567022
3292,27.613788153240474
3293,69.92130644744083
3294,50.09448330089802
3295,25.72273156382782
3296,41.09247200313486
3297,62.61845887028501
3298,72.38216205816731
3299,57.44344163367736
3300,63.67035807011314
3301,83.6260758655617
3302,79.35870767931993
3303,25.769903193512313
3304,28.257865638373595
3305,65.71553652869794
3306,58.024930207199226
3307,44.35648833106339
3308,31.793112516489604
3309,27.387111053721263
3310,22.851234432978185
3311,56.91892988405641
3312,37.23424970762034
3313,48.85600447145623
3314,40.589325973541776
3315,47.937428534165846
3316,60.10764540336754
3317,62.372990777325306
3318,35.16589211333611
3319,37.223564729926196
3320,43.48981979912659
3321,25.345408121670467
3322,65.60483374976415
3323,37.40405997220599
3324,68.01991741618711
3325,28.775875038855002
3326,51.30912406172124
3327,25.364651369215515
3328,64.89854487427138
3329,61.33853445449032
3330,75.97510575635671
3331,36.70983092470324
3332,53.15817692478912
3333,63.902381507948874
3334,71.62556555324736
3335,32.018815221802704
3336,35.999091565747136
3337,79.53666326255913
3338,62.64690596315094
3339,24.110790995975943
3340,50.45126262494797
3341,40.28336015007267
3342,85.63518804225382
3343,60.70448523727729
3344,70.19422383563395
3345,64.27315327817415
3346,56.699054639527255
3347,41.06147292113626
3348,27.99430464234318
3349,22.417328565540636
3350,60.587964817643375
3351,56.68193658934487
3352,61.41640844662636
3353,26.464837171650068
3354,37.017312878857126
3355,27.38968869125504
3356,66.1979886570361
3357,64.48684273356494
3358,54.04663280519958
3359,42.053487132335675
3360,48.50408028788438
3361,51.958796529732666
3362,57.393862460357376
3363,81.15668154506193
3364,35.958602887271155
3365,47.599762630575285
3366,29.967001643645382
3367,57.377895907796
3368,44.46980661337971
3369,46.93638521302933
3370,41.048149973153606
3371,29.061650542957313
3372,47.065415648120435
3373,59.722894977256814
3374,30.815716703922416
3375,57.70739935047383
3376,51.24862526156629
3377,69.67666320133335
3378,49.80427971858238
3379,25.904465473370067
3380,37.84509881784076
3381,35.22389674230099
3382,68.60133131595805
3383,34.02331114984038
3384,36.000592062747685
3385,26.35390163940654
3386,29.101529376349927
3387,66.23502648998019
3388,60.65120420137827
3389,27.42306327766533
3390,47.24677218681535
3391,31.511366008866027
3392,26.148984805539744
3393,76.06294036566999
3394,66.89691092883713
3395,63.93000715271789
3396,45.16623859319752
3397,35.1035184519082
3398,37.3137021286318
3399,56.08169356553338
3400,36.377934112585514
3401,52.974960803488294
3402,55.67639441447275
3403,41.6957766870591
3404,55.807720436215234
3405,78.98609990751662
3406,47.14298622117141
3407,28.0440209709324
3408,35.518280345212766
3409,73.8125286615123
3410,55.94785448196263
3411,53.9955944764128
3412,49.672166882277146
3413,42.50491693780777
3414,42.76682277332121
3415,30.391708371018918
3416,67.47495441950979
3417,77.30699791557043
3418,28.212367285827035
3419,41.573211969977876
3420,61.28958588200246
3421,31.039159932181768
3422,50.55714484617325
3423,43.15999668302136
3424,46.1034180563958
3425,31.64427478363402
3426,57.46327417163934
3427,26.996873321728543
3428,30.237518791166227
3429,52.44519938196618
3430,28.93327808536538
3431,78.34442064055949
3432,45.2095831350399
3433,56.981482801249
3434,35.41054724326308
3435,72.14027484716095
3436,49.21906231575515
3437,54.09263944052332
3438,27.458880038713417
3439,63.98305369177481
3440,36.138510900424684
3441,46.522152147267924
3442,28.309960895449333
3443,28.871302231414127
3444,66.32607748963636
3445,33.831483738271274
3446,30.872933402221534
3447,47.92184084465856
3448,48.7009133927669
3449,41.21592599350692
3450,25.25058697488091
3451,38.096953136198124
3452,34.95363223017896
3453,44.21129255178338
3454,67.6609638054597
3455,29.517298180028927
3456,43.05609595938188
3457,72.8419597084468
3458,63.55656613015654
3459,41.71539053936192
3460,26.9330865886378
3461,31.345607564501453
3462,72.71762817778361
3463,63.31583271823311
3464,33.49541300318904
3465,26.782335865602203
3466,80.39072028636188
3467,54.81829366811434
3468,36.64031509305306
3469,28.381608024423052
3470,36.186100250556926
3471,49.102554786193835
3472,57.60178712086902
3473,56.88833906813974
3474,76.87582347347767
3475,66.03898058832962
3476,38.31240334556083
3477,51.66833183347883
3478,49.82310551804451
3479,38.47730932774007
3480,34.85860374285718
3481,27.555074995732994
3482,41.75360689886004
3483,58.46770856902577
3484,36.78553422592499
3485,57.09780372125591
3486,47.53643198732354
3487,32.02210435196354
3488,26.040463593380586
3489,70.57418589798499
3490,65.90973232678387
3491,44.39410735367544
3492,59.790439337620555
3493,68.15339615108462
3494,26.722444032892525
3495,47.44425779500166
3496,29.99576409610588
3497,25.320504389735223
3498,40.986899577757704
3499,50.26265422446975
3500,31.1141154101962
3501,27.713475356896893
3502,79.5945953086408
3503,49.356757365780744
3504,42.291533955277174
3505,37.62836820239558
3506,67.8207711742143
3507,36.2728479214403
3508,31.940733817565388
3509,36.87113220159268
3510,39.06123404213515
3511,58.327108776152386
3512,27.142251312537528
3513,32.95880496140522
3514,29.30390188121612
3515,69.27000490797012
3516,68.07700759620946
3517,34.19804783637963
3518,36.227482747847844
3519,72.4306894966214
3520,76.36930019647887
3521,42.46923824903726
3522,53.50436151787005
3523,29.24067908523938
3524,58.8318323720661
3525,34.28085134629547
3526,28.004084179387437
3527,34.074584968713474
3528,29.133175648890095
3529,44.97080788745308
3530,64.95524586837784
3531,26.00769200044997
3532,51.14310838809765
3533,46.2671241523402
3534,25.923801675553598
3535,70.38963053918283
3536,51.2544694150023
3537,26.25159850527724
3538,28.292746657377894
3539,31.170826099767268
3540,47.177842936703094
3541,38.780998297376314
3542,41.59213791735241
3543,49.07874473006663
3544,34.77180513915083
3545,82.3419191471061
3546,56.46271766408792
3547,44.49849149808972
3548,26.93140255603588
3549,58.86312114158788
3550,49.8574020075871
3551,37.1794926049932
3552,39.62675914184664
3553,52.41872798764756
3554,30.796466056789924
3555,49.506184372939515
3556,45.928969747495
3557,57.38855830254701
3558,76.29112624192481
3559,47.58945509375504
3560,68.47515769871093
3561,39.31973926995361
3562,80.97357678546618
3563,30.69759210190175
3564,38.74462338299142
3565,55.16969829109339
3566,51.78305284157213
3567,49.741647763467746
3568,27.495996525046607
3569,55.71046283244376
3570,45.00048881509966
3571,51.738386534982794
3572,43.48720350169731
3573,54.75370284064416
3574,56.76606909804317
3575,53.80100722492978
3576,53.387482736352524
3577,54.59528215809918
3578,30.617277418258542
3579,37.94374900421967
3580,61.772949774310504
3581,44.0533111073388
3582,27.34832393283328
3583,36.037074548060325
3584,52.060518965915755
3585,26.307910351410065
3586,73.32486516781164
3587,62.34201318394083
3588,64.50735684622724
3589,64.81111075063919
3590,41.690906043248916
3591,77.55166384954009
3592,74.35615918197291
3593,25.152329988774586
3594,27.58728840907454
3595,53.88674423315662
3596,25.518389590887924
3597,31.816359398173976
3598,30.858257904398766
3599,74.57869617692114
3600,74.22745309676532
3601,41.4093116299196
3602,47.842370696800835
3603,73.30892000669407
3604,36.97046583352628
3605,63.48205704828979
3606,27.29825521348676
3607,32.96151738162547
3608,56.03998030878479
3609,41.70335019824854
3610,33.02924998822539
3611,44.47652580805973
3612,59.322836552899204
3613,60.45487681241986
3614,46.27750915614006
3615,63.612834598152546
3616,32.574666809172776
3617,54.06542236993146
3618,31.283760542763268
3619,44.13145436317455
3620,48.08525169198247
3621,55.997295748998795
3622,45.794348478246675
3623,54.8752650676915
3624,51.65119021832218
3625,28.012926674982104
3626,49.10862347582555
3627,59.35103109366105
3628,34.85307619122489
3629,59.48287207216574
3630,68.20808019401548
3631,38.62114065142703
3632,50.99029200696535
3633,20.827755617410237
3634,77.98954814275756
3635,47.253295262779595
3636,49.024167380123565
3637,58.279594707378635
3638,60.901415854987846
3639,72.419740647587
3640,40.289453582641464
3641,49.894913617667065
3642,43.09792781423307
3643,55.340609001757976
3644,40.82058889951073
3645,47.858867625798084
3646,49.9322922245671
3647,59.12266065289974
3648,21.49534416491226
3649,31.44400274035529
3650,23.467164256598224
3651,25.66726609711969
3652,52.31288590196159
3653,29.136025211121027
3654,69.53984908307076
3655,62.01312916168891
3656,44.338465708645096
3657,36.36274620120486
3658,69.69138268680335
3659,45.66779507209045
3660,36.02146686870348
3661,64.34950815746696
3662,25.206987739053513
3663,29.854342929369984
3664,64.01753326663304
3665,32.165188084389726
3666,65.38214855015977
3667,41.50987555612439
3668,51.877203199008775
3669,39.47561546042174
3670,70.53429116511072
3671,41.87302409771742
3672,31.558006422735254
3673,45.458326563018254
3674,37.51322155192215
3675,67.71066217042488
3676,57.99334100681158
3677,58.836364753615584
3678,58.90274352106505
3679,50.330310205076984
3680,69.66124061096777
3681,54.13847187439284
3682,54.549177714947774
3683,30.543566293894482
3684,57.53787594023663
3685,35.86266012826964
3686,53.37137968440337
3687,74.28516412263885
3688,57.755662801871495
3689,66.8128738095356
3690,57.050248372873554
3691,39.00051033339963
3692,66.39002490331939
3693,28.24309970167841
3694,51.18701100732915
3695,46.3486994387925
3696,74.3398593756861
3697,49.864173225141975
3698,36.38400911311783
3699,44.108814257081505
3700,36.30521842784194
3701,54.31350291449036
3702,72.26761023865538
3703,46.2917745161684
3704,67.34460000222933
3705,69.45467793278303
3706,56.258904915015144
3707,28.039069704127037
3708,32.394960175252734
3709,62.125065759213854
3710,45.9806998064864
3711,38.44633321783255
3712,39.024241960424625
3713,75.57581988308826
3714,70.26592382344312
3715,23.56876160236151
3716,44.65924185979401
3717,66.37336698838055
3718,61.62960580109082
3719,65.33661960255944
3720,38.82225263812732
3721,75.75387211033444
3722,58.665179848632775
3723,70.33545519642152
3724,26.329686525745686
3725,37.00030701967718
3726,36.026386433782626
3727,47.800936683221295
3728,0.0
3729,72.16286068109777
3730,36.03418807319241
3731,42.11670637517555
3732,53.287154651024295
3733,67.10630162230828
3734,59.805848556112224
3735,61.03858767885853
3736,45.86304666575074
3737,68.46396359991299
3738,71.75586565091513
3739,57.10864750719368
3740,40.90668261743401
3741,58.12236022472575
3742,67.65156803201657
3743,50.003864875663076
3744,53.914759119680355
3745,49.0776406896945
3746,70.75922746022775
3747,62.3423156247283
3748,37.63884980421844
3749,45.4204312202326
3750,43.220810398529046
3751,37.43718048801949
3752,29.019566041340436
3753,64.10351786783659
3754,53.78632524296826
3755,45.324296767995854
3756,60.07116600301717
3757,57.912012208059224
3758,44.3562992258487
3759,71.80274411739953
3760,65.00540330272813
3761,70.61584739586422
3762,37.466116534195635
3763,72.3820881212843
3764,34.572243124350976
3765,61.15470012394003
3766,48.765097339126136
3767,35.87366156405155
3768,37.81089007381297
3769,27.225584248853618
3770,28.441093322230113
3771,74.88282024118875
3772,45.379028617807435
3773,52.965610481755
3774,42.19594073753389
3775,67.19893311718276
3776,74.60333186745548
3777,25.58373133497396
3778,68.71592394387054
3779,47.37694200694349
3780,24.6331824142789
3781,55.84227906985527
3782,40.37930379459766
3783,55.8118579482255
3784,23.361170320025327
3785,50.69446272138773
3786,56.825491947032
3787,64.81069042983863
3788,69.75262937723272
3789,71.46074816212337
3790,43.13585134354995
3791,74.41731041163513
3792,24.011784341686074
3793,70.8471693914931
3794,49.89312344701053
3795,30.859226009203613
3796,62.96053510458307
3797,68.96906485990334
3798,70.97298769641851
3799,35.40730881187666
3800,45.16054807193618
3801,73.81843747296742
3802,23.1661803990096
3803,31.830322358056105
3804,63.44565248081351
3805,45.33278275498308
3806,80.31595937508716
3807,79.23851428995425
3808,71.55358370824092
3809,73.05691575900896
3810,79.22811640158774
3811,31.915544884903845
3812,57.26734110881993
3813,31.232883024566895
3814,28.167328349811644
3815,71.55854022559642
3816,70.8531946377081
3817,37.08174942869122
3818,46.54105939126177
3819,46.191411033066515
3820,73.57860098455825
3821,47.963262933309046
3822,36.847925306577544
3823,28.380732095670126
3824,60.085373757187014
3825,44.241653959782845
3826,50.20902013546056
3827,64.50309411650633
3828,44.735496780717874
3829,24.891983899111892
3830,60.47172445155498
3831,51.87433695636776
3832,33.476678273631535
3833,22.930609633055067
3834,42.26886536746745
3835,74.64778860816341
3836,52.83797081310503
3837,45.82263564353077
3838,59.52770103410075
3839,31.93867613765882
3840,69.07221464346051
3841,50.06840323089532
3842,43.6075051272974
3843,31.08572333414694
3844,64.14021696158346
3845,45.58872347566913
3846,39.7661094274058
3847,44.007227798052824
3848,40.33185687952976
3849,24.610812008956426
3850,47.11987870535453
3851,34.94159748622333
3852,56.77693124089716
3853,49.39887765507452
3854,45.55305569237283
3855,36.59709071978012
3856,25.103470183825507
3857,62.331089317424386
3858,30.766142603348488
3859,55.626254359990604
3860,45.818729252709616
3861,62.250017586705376
3862,59.06079851599438
3863,33.97708547216459
3864,55.22254273163863
3865,67.08347098258386
3866,25.440083040072984
3867,74.81303854767472
3868,25.313191472075754
3869,47.237827873650865
3870,70.18012300857595
3871,38.89286654890794
3872,44.24073954520124
3873,54.4338957302989
3874,39.064301702756
3875,32.50688694975267
3876,23.959354406444582
3877,56.24833567114753
3878,59.162105571730194
3879,50.26426815070569
3880,44.950583409917286
3881,37.776868774002196
3882,47.72560206094069
3883,40.75750064237092
3884,48.127713070586914
3885,79.96105570767705
3886,44.630129304758434
3887,27.40497843569743
3888,37.57325534746555
3889,11.162489984241816
3890,76.13810937765984
3891,76.22488288507125
3892,30.45145092641362
3893,30.061765610380554
3894,29.099324599549607
3895,85.30050636466845
3896,33.179450779298406
3897,24.512571769142518
3898,28.072474991257874
3899,51.25886335384684
3900,25.28045150038203
3901,45.61443157780838
3902,75.88425472528525
3903,57.23695451840145
3904,50.42268101101602
3905,33.736327274919006
3906,80.56914059059096
3907,48.7518022687225
3908,29.228035713168527
3909,63.05994389047059
3910,48.62354764128979
3911,51.77408360432684
3912,27.30289989351327
3913,60.65982193695089
3914,67.02716986440713
3915,56.02151014330847
3916,63.0020507221049
3917,58.896505862888866
3918,45.48315428747493
3919,23.14851999559077
3920,23.972273296569195
3921,27.33317881255877
3922,53.79253469920883
3923,72.14780514561424
3924,73.37679292386349
3925,26.15308212235657
3926,79.84445337677042
3927,65.02143854535082
3928,47.447887178392946
3929,35.739554813315884
3930,53.32864148739611
3931,47.09310711526148
3932,40.08517200604302
3933,42.26757187679211
3934,50.433261242372886
3935,25.70403809236786
3936,43.62881292828685
3937,82.07283660364814
3938,60.43082685146658
3939,33.36914099136815
3940,66.10315818965915
3941,29.31823137533832
3942,66.01790587747594
3943,30.94167661072726
3944,59.97689940328324
3945,51.20359798731128
3946,46.65720666132608
3947,26.193795597151055
3948,45.93783905788246
3949,44.30280823131682
3950,58.597478429754226
3951,54.55508490649017
3952,27.265052247035825
3953,55.2084353897184
3954,27.942941428108586
3955,63.20517803617556
3956,45.46641948081068
3957,69.63379264839531
3958,33.48261695321993
3959,66.02022209537782
3960,46.689904909280095
3961,40.32440251830433
3962,70.27599046843908
3963,42.517006906623315
3964,43.25907381180646
3965,33.38037302992261
3966,59.8380827311395
3967,43.11862602331756
3968,44.66861540916751
3969,56.61367021034408
3970,35.7005920387881
3971,41.39989223661744
3972,65.48351020012583
3973,39.62455053068547
3974,52.95256605007644
3975,76.38045473919487
3976,73.47342123344461
3977,55.708224165902095
3978,60.07328127995439
3979,52.47185588614252
3980,55.97698352920263
3981,56.52349607426827
3982,43.96208278745963
3983,51.84995964682169
3984,57.68876948404325
3985,47.62142039109665
3986,40.80830085961114
3987,31.60500117625422
3988,45.08291474124444
3989,46.49997806835768
3990,37.46266686249989
3991,33.006334685348634
3992,58.712302074663874
3993,33.890676494208435
3994,53.60033956404207
3995,25.41154393511248
3996,28.762529923591934
3997,38.460848495842335
3998,43.037996673919565
3999,37.130292170884545
4000,52.68195977788423
4001,48.41548064062408
4002,37.722031729271826
4003,64.67292979294169
4004,50.89577475139604
4005,26.12410581128039
4006,23.084624105493404
4007,30.22122347907333
4008,44.394293864992534
4009,61.80417460343527
4010,34.18767267363587
4011,60.49711489891998
4012,27.069478738091682
4013,39.377076852769704
4014,31.007569114018548
4015,47.34119645538407
4016,54.52974114664794
4017,48.82779346787148
4018,26.685127348999348
4019,68.8460229454722
4020,38.15111687841747
4021,55.62884518157461
4022,25.435547159840954
4023,34.52349339889946
4024,57.91147733543387
4025,28.61282393354685
4026,57.42405945752891
4027,68.53607761441381
4028,29.449421788872897
4029,58.423300432380294
4030,35.26193084781117
4031,37.43579612874718
4032,48.0787286963595
4033,38.537431179875554
4034,29.53205972427033
4035,54.51832786416904
4036,50.60736926053279
4037,28.402758002812952
4038,66.24680724453128
4039,68.78990824199334
4040,41.8004650132642
4041,61.507682135423394
4042,44.969236794618254
4043,72.36791894858924
4044,50.37804587394891
4045,66.93055583919298
4046,78.51865663399876
4047,50.68746523494113
4048,68.58204791703588
4049,70.21679194284496
4050,60.3371760694956
4051,33.67461100097655
4052,63.37398636356536
4053,29.621640255089098
4054,69.88219471730804
4055,45.20930742754358
4056,33.232431146152315
4057,47.623455139139566
4058,26.51485700259422
4059,62.40758947667145
4060,65.68833403750632
4061,46.98903862108249
4062,70.901620739212
4063,64.51025826915416
4064,23.864240582963493
4065,56.56790750428732
4066,71.80295798400465
4067,31.200556274433453
4068,30.520914450609922
4069,32.49848029824055
4070,28.876477258313066
4071,37.20480691984319
4072,26.090339021649047
4073,48.40151971722091
4074,38.45342576232122
4075,53.72622429882126
4076,25.419419604679447
4077,30.11407462657867
4078,46.967798458767376
4079,43.37539342462901
4080,28.12313932310082
4081,30.980078035605406
4082,74.49316281492075
4083,41.00444416260181
4084,30.063411295132802
4085,63.47671067553038
4086,61.225567606808845
4087,27.751842880665347
4088,50.872319646613654
4089,60.959716013038076
4090,33.2255879862239
4091,72.45559115277533
4092,38.3144962619285
4093,24.920930042780178
4094,58.02580246475054
4095,35.09124254448842
4096,53.342103988655715
4097,39.22178818391858
4098,71.68773733451047
4099,69.3692509655649
4100,76.77486003761135
4101,68.27811941499643
4102,51.901915729093275
4103,27.92966946710498
4104,61.743730348395005
4105,62.64246261888239
4106,73.86302135688823
4107,61.52084518380529
4108,39.433660847999676
4109,62.60043882164324
4110,46.299482040319894
4111,40.416842903237765
4112,52.19658165883631
4113,37.533048990867144
4114,70.14610102052971
4115,40.80492389160729
4116,57.210027614817136
4117,46.40066189873024
4118,31.100694145183127
4119,40.067308988320455
4120,71.91306761396581
4121,25.875271064100197
4122,56.5873336185126
4123,42.68702159911186
4124,60.22077989519282
4125,41.209156779732375
4126,43.53644506598051
4127,48.3288926112601
4128,41.978904119258935
4129,36.11266108253846
4130,70.38164325441488
4131,70.21415789529759
4132,38.93548091541043
4133,49.639522398984305
4134,55.85114938025091
4135,24.656711691056323
4136,42.79975852172271
4137,73.07585662316926
4138,36.27867111231943
4139,81.58684764357301
4140,47.49097912574797
4141,69.30975102167083
4142,25.720190818879512
4143,55.461677154155815
4144,23.992412369756057
4145,38.88935644114503
4146,43.33377440518431
4147,37.67919454757681
4148,54.360589088947485
4149,60.71828092589175
4150,54.8009463443187
4151,38.960770522483514
4152,33.11491715688341
4153,27.975508648412703
4154,41.047303442015505
4155,53.77518109155379
4156,63.037195439229336
4157,68.93691974084484
4158,60.58816905135291
4159,65.89212557650146
4160,55.74395539793161
4161,49.95668132644538
4162,41.87120078637539
4163,64.57498621483779
4164,73.61844600555423
4165,22.412693800194802
4166,23.131180072445645
4167,62.03257116445883
4168,33.05234474983167
4169,44.74552609635546
4170,40.52199278968382
4171,27.573886550406264
4172,34.9920918609586
4173,54.323033401920185
4174,37.927619744424696
4175,66.14058416112877
4176,55.10926604944278
4177,60.75473374330108
4178,46.28219886597374
4179,66.55560595800182
4180,47.56750320028533
4181,50.61476458304734
4182,81.87734930505749
4183,53.85052307261122
4184,25.002411393821223
4185,14.609674769409182
4186,25.008410283283094
4187,53.165268513507876
4188,26.79129572877198
4189,68.19937168229671
4190,76.09020894680235
4191,34.248444565276586
4192,58.61739709225835
4193,46.27385927916592
4194,50.664471449523745
4195,72.51118630534937
4196,61.22991383601027
4197,52.38211936441647
4198,50.05491201935465
4199,64.62422769510519
4200,25.949125900801896
4201,84.37813527066369
4202,53.471001941039425
4203,71.84953586939305
4204,28.99454424973889
4205,28.941452369084235
4206,68.42914556695901
4207,31.11500788189535
4208,75.25511027645376
4209,48.47625808621798
4210,54.767137101753335
4211,51.2557404528858
4212,74.16862191422689
4213,45.75493705248794
4214,39.20523531365187
4215,54.14309235254052
4216,68.32501811159567
4217,28.278744242726642
4218,68.59087494021531
4219,34.26878540569913
4220,48.29019236135461
4221,31.659128376659265
4222,61.59485132169429
4223,70.47967800004858
4224,39.898218919247796
4225,38.29929068854386
4226,45.093346484322645
4227,41.72101594500064
4228,30.18350273966654
4229,66.34540796313394
4230,24.07864828924828
4231,33.42244953873379
4232,27.3455507762542
4233,66.97432867918675
4234,70.00392869997533
4235,53.548234428842534
4236,52.850416417935186
4237,44.283529539813465
4238,66.81151197761606
4239,74.26393726035346
4240,62.223711314785
4241,94.83622599972658
4242,83.13225662792306
4243,34.756743329122095
4244,43.2333015161706
4245,57.01369713256002
4246,56.31846999903354
4247,37.56263166427903
4248,41.49319019863779
4249,70.8033384192536
4250,36.92922004680406
4251,24.724108899457026
4252,27.2082849379845
4253,28.556426747547697
4254,56.52398171362921
4255,62.3111244288389
4256,24.475083871204614
4257,66.31022134435418
4258,56.96482573681056
4259,74.47837157363016
4260,75.33661756761332
4261,45.95580492058721
4262,26.15323721763101
4263,67.29373840776076
4264,57.440762824046914
4265,42.14598999432827
4266,33.12937160152231
4267,52.50502406973172
4268,43.46018418642709
4269,42.476490591518505
4270,71.89001079571518
4271,42.519690587007894
4272,73.98843731316201
4273,51.247113313008896
4274,44.61927268453863
4275,49.54492657049461
4276,71.93976873539705
4277,29.807724814973003
4278,56.40915236293802
4279,41.07335815046566
4280,67.19305926982653
4281,72.40867640585688
4282,28.871158662793746
4283,32.115977263602986
4284,70.58962118970507
4285,32.299046154610565
4286,28.05875816665582
4287,43.847452813522786
4288,42.008496466832405
4289,31.46647749306112
4290,50.665348806778255
4291,46.392354794377006
4292,44.61165676803289
4293,62.87708678971123
4294,31.272819839587864
4295,51.4898962035411
4296,72.58304043609917
4297,46.4827556186233
4298,32.581314817681964
4299,27.11828515040096
4300,49.06852092095631
4301,57.060574750206975
4302,49.676506880896156
4303,24.874769182017243
4304,26.19653117429842
4305,57.08248507754984
4306,36.190701207467356
4307,64.84232606125917
4308,34.38188595435197
4309,73.5969943999296
4310,37.675412367780304
4311,28.173243222637197
4312,54.11610925302103
4313,46.29550003181783
4314,26.008820955916413
4315,60.526137124747535
4316,34.928738884819566
4317,61.02229400101683
4318,55.91188212501215
4319,42.36508869318003
4320,52.14859678120624
4321,56.313224994941486
4322,36.60713977734798
4323,61.63063327906368
4324,68.88879244856763
4325,29.461202366636854
4326,23.187644066543164
4327,43.82749460696106
4328,27.6643614891333
4329,67.4467003305219
4330,54.784948212059945
4331,29.410426005707798
4332,39.813091082735276
4333,37.208174580909485
4334,34.26433424752829
4335,66.28453779155724
4336,34.82351919283232
4337,26.60155053185299
4338,23.931589488197773
4339,40.258895383458785
4340,62.34691258605942
4341,26.21311900888547
4342,26.752426170869338
4343,33.75054747613981
4344,65.16550071542036
4345,28.162393056535095
4346,66.713093517427
4347,30.069071155537948
4348,53.441167154538796
4349,65.43523060296235
4350,44.31351556191261
4351,66.75142993128725
4352,50.99445641783137
4353,42.532498780228934
4354,41.79851797929912
4355,42.30452038619183
4356,70.58911592083768
4357,51.65959947912244
4358,36.757183040431514
4359,52.36859500647056
4360,40.00706716804728
4361,30.209746207935375
4362,26.03219496682172
4363,77.92942983669464
4364,23.318729512656187
4365,42.951695080251426
4366,34.944968114232786
4367,72.62859957732651
4368,63.075360684684995
4369,63.1094048001021
4370,43.70362358976583
4371,41.11571392865496
4372,32.12394889783478
4373,54.044498151975255
4374,38.50178328343557
4375,42.465828898089676
4376,53.52212292762239
4377,42.65214849473216
4378,66.70611057963067
4379,73.31160123978768
4380,34.09962341183313
4381,30.894381651122384
4382,49.68947351119336
4383,52.340102647016764
4384,43.74134411055008
4385,39.766585837708426
4386,56.541393891969186
4387,58.823175808186235
4388,26.99201426074921
4389,68.40536672778092
4390,40.1164262281603
4391,70.48949112679787
4392,45.47300134319342
4393,51.770545718103996
4394,68.1410758722236
4395,20.620961634426834
4396,29.37441750242265
4397,53.54552052988361
4398,65.48302952358308
4399,74.31487562332434
4400,32.10234401729382
4401,67.86164601376218
4402,32.81928165859674
4403,57.47587970597702
4404,44.603015694056715
4405,62.50195489581641
4406,35.37559314160197
4407,75.32177506055423
4408,33.06599402216113
4409,44.0595595703371
4410,62.65079742076709
4411,24.197325683711824
4412,40.474576936620196
4413,67.72804127865098
4414,53.52382128584636
4415,59.9449022716567
4416,69.49952012631606
4417,39.39408963131598
4418,50.731198087940705
4419,25.516779616333157
4420,41.080515017515964
4421,30.91181490226436
4422,70.72762553235543
4423,32.795873954728364
4424,49.89659099049073
4425,44.22602887395173
4426,41.368515782496765
4427,23.73306088468779
4428,64.61797004863783
4429,58.03504380293163
4430,47.91905972521985
4431,28.28087403564573
4432,42.819134906870104
4433,52.64961824689123
4434,60.685904881692096
4435,26.205479320347955
4436,32.55845101562953
4437,67.19934162017299
4438,27.035737859846016
4439,42.032402862542156
4440,30.07606639023235
4441,31.842384724704957
4442,68.93278535657123
4443,57.756506315083314
4444,46.84789186940024
4445,25.2032268217856
4446,53.03092744698241
4447,78.98517850719841
4448,48.71079362160526
4449,28.22528174961067
4450,44.358507283192736
4451,43.52776515511859
4452,64.52439842326605
4453,50.71873518877393
4454,80.97091779395693
4455,59.868322970110995
4456,53.36052992830803
4457,29.243085904651775
4458,41.48394115124432
4459,44.84784782877139
4460,66.24806808923479
4461,71.49163892311236
4462,28.76390925042398
4463,72.70734162158676
4464,65.72370949445397
4465,42.60403074086646
4466,37.957081392180164
4467,28.138698741221955
4468,57.588797742984084
4469,76.70935377210766
4470,23.880424497241453
4471,51.46539779603103
4472,34.106348512110245
4473,24.49352420381281
4474,38.25921973112315
4475,58.589143247657994
4476,39.11385746638376
4477,39.890308820051956
4478,49.950231613395395
4479,41.432174723735976
4480,27.676421915958976
4481,50.202874590002104
4482,49.214448197502875
4483,66.87740537595039
4484,35.41772349742998
4485,30.53082192325966
4486,25.809211118800892
4487,73.63769879345102
4488,68.94412788768415
4489,37.69974497418744
4490,25.219233814279402
4491,49.60132620832505
4492,28.548904828560467
4493,59.98616225894021
4494,20.206005197930857
4495,58.07051189270594
4496,29.647458477336215
4497,49.9579328471258
4498,30.258896881101254
4499,62.52055438580615
4500,28.392945005002737
4501,36.15245101777003
4502,66.60289833312365
4503,52.84639607901818
4504,80.27780704439243
4505,25.45571344418632
4506,55.04342790549393
4507,50.48563514763086
4508,33.702630606547224
4509,78.33217627219992
4510,42.66129231556413
4511,51.28985741604409
4512,42.19508600411908
4513,47.34022410957767
4514,48.38007048088117
4515,49.18784945005522
4516,59.671381131820105
4517,41.67531109876444
4518,22.09564233378772
4519,26.25572752323444
4520,37.72007900973898
4521,40.94106484549407
4522,44.57410574959108
4523,40.09342738925304
4524,50.192636496146925
4525,26.54100909637833
4526,32.549817355762755
4527,32.211470248201636
4528,32.223472824741904
4529,63.834996377624954
4530,48.21621950535896
4531,60.28243061075799
4532,67.8073663295454
4533,30.7509910051012
4534,38.265703666688324
4535,27.921647666443896
4536,60.84008111416988
4537,63.93216161417917
4538,27.655776038323438
4539,27.65043990763637
4540,72.22805991331452
4541,58.8256035988943
4542,24.35594123162537
4543,25.458696949773213
4544,27.727149743689917
4545,76.09541384315298
4546,79.35722033379989
4547,58.589759543956056
4548,72.06419029455803
4549,75.91283086727238
4550,52.79951375352238
4551,47.59814599896186
4552,40.030125467119454
4553,34.34183661470844
4554,53.044122171420284
4555,44.2077845836978
4556,75.03724868663495
4557,45.93881358370095
4558,35.413959718896706
4559,48.697483102405364
4560,30.967595087337713
4561,28.61168935626567
4562,62.35595080511226
4563,44.81325210390338
4564,35.43889231119958
4565,51.58803299826917
4566,30.17784474067243
4567,53.646937791313725
4568,59.83146083032346
4569,57.51211481346809
4570,26.253369350203343
4571,39.43326283739359
4572,33.5585168205925
4573,69.6167717768779
4574,25.912720829291636
4575,26.346562692682
4576,50.97018950439431
4577,61.66248611296445
4578,75.62811357085472
4579,38.83913718103077
4580,39.82616830643139
4581,53.45049674531303
4582,48.433773661601684
4583,75.51268218260043
4584,42.07420167354004
4585,59.315308093103184
4586,25.97819517818884
4587,42.16578635365935
4588,53.119454837735525
4589,61.549271113632706
4590,66.93609695578785
4591,37.675351716991884
4592,63.09129960458144
4593,66.83084937277583
4594,32.38555568857036
4595,30.77263421819793
4596,52.29403862738377
4597,27.615166412856258
4598,33.86940838351727
4599,36.14278038757848
4600,67.30578487425387
4601,38.79718578445994
4602,35.28097807636457
4603,57.77354785820155
4604,57.30226684510792
4605,69.40631160250722
4606,49.83185419083409
4607,33.829797984969375
4608,39.61021174431892
4609,56.401403677421065
4610,34.64293221087229
4611,25.6238849908799
4612,45.8471134569665
4613,40.8147306980883
4614,30.922363508746354
4615,34.940239073188046
4616,76.04515462661652
4617,39.67714832233744
4618,88.34806997524315
4619,46.5215441577593
4620,37.597874633568445
4621,30.403883099359152
4622,49.807380559301976
4623,24.971957720001797
4624,46.874625341129594
4625,74.57345436679212
4626,73.45983388463723
4627,72.98044505217982
4628,72.63883685158847
4629,40.439675980771625
4630,71.61703739659323
4631,73.95715167417342
4632,42.56274289422309
4633,27.12625518132858
4634,64.8917776689325
4635,50.50283717185927
4636,35.62894295588321
4637,36.26620034115488
4638,67.0127394383259
4639,66.85696349955442
4640,41.201747899767355
4641,65.67655266746488
4642,30.278017396459767
4643,73.99169295550684
4644,35.57295460268661
4645,28.12853456524526
4646,78.01731781797612
4647,72.76612324866755
4648,31.51981910271366
4649,34.93904189654859
4650,44.563158408449695
4651,43.1839028962327
4652,44.96439346852275
4653,81.30100530144762
4654,77.28775161660019
4655,41.24545108498288
4656,31.70107022034159
4657,37.40660768255624
4658,25.452736326938574
4659,59.88548692232594
4660,27.2953854984426
4661,44.213457797623434
4662,61.06259235003951
4663,53.5208721025212
4664,70.59942234840256
4665,29.861898398497836
4666,72.64545327714046
4667,24.57824327467337
4668,19.07901859069294
4669,45.81333439360042
4670,46.45156623610081
4671,65.66994437191342
4672,42.225952534663556
4673,32.80066788327428
4674,62.74164004497887
4675,49.00964559854223
4676,30.654516313663745
4677,68.58514239810032
4678,30.225957596907556
4679,56.41984799446605
4680,70.30542532823394
4681,31.596846352551243
4682,73.00805212239598
4683,44.93240745707434
4684,57.50908370600684
4685,41.84465786066029
4686,62.880780533107924
4687,70.46662737669075
4688,47.871494806898006
4689,56.67514827961547
4690,27.745731859382012
4691,62.367088728942804
4692,48.646362938082774
4693,32.05520666953595
4694,64.76828822669073
4695,65.01737481382591
4696,55.85253501637784
4697,26.584646165004386
4698,49.16152197268898
4699,81.56002235203815
4700,68.56611246845381
4701,33.945238889457286
4702,41.85493740730499
4703,39.01383956149227
4704,27.03280714329878
4705,41.35123851000283
4706,38.5952210247159
4707,56.73494419536167
4708,26.475790611238015
4709,33.26124978504806
4710,28.834147252069297
4711,29.570299999650256
4712,58.51095444051919
4713,44.299249702464635
4714,45.34358999294904
4715,74.80837613213163
4716,36.285933924388
4717,60.067275963364885
4718,40.02360833353735
4719,29.362808775792946
4720,71.10493968933093
4721,30.11261116531567
4722,41.851687424836726
4723,35.58793974935377
4724,46.383618371651636
4725,34.28927402046862
4726,38.66094773978009
4727,59.56375386928305
4728,65.223861327467
4729,69.52903669997482
4730,64.68831616605962
4731,62.48740365663708
4732,35.37298966742365
4733,45.00191329295041
4734,45.181001259339205
4735,29.49228248146059
4736,31.093637697957806
4737,61.364738946819465
4738,26.596657254102784
4739,76.19413227336031
4740,70.98076159673586
4741,27.724230528783742
4742,32.07851992919581
4743,65.83595993915993
4744,54.24666995690769
4745,59.41991395432824
4746,56.39902120333129
4747,68.87243056840182
4748,48.21634198900824
4749,74.11601046101507
4750,36.69754331869163
4751,44.76262172301827
4752,42.854848247739824
4753,73.83903596528474
4754,84.33520024790059
4755,33.25554279611018
4756,58.32788834360918
4757,45.59864488559479
4758,74.22620859031326
4759,26.48730335271755
4760,49.86494085688416
4761,59.41627202984114
4762,37.62044199848961
4763,67.80907269430396
4764,36.88563350558972
4765,21.616717403070847
4766,28.06144859034186
4767,39.00641661324987
4768,35.828908104897955
4769,30.151086992797833
4770,36.35103390551586
4771,30.795370738213165
4772,48.28787355605105
4773,65.93299560979135
4774,48.93095370260605
4775,53.62019458138288
4776,59.04741223840026
4777,41.16591237341024
4778,30.644253166595913
4779,56.69394709255056
4780,44.894239812476854
4781,60.24683201775365
4782,29.230283949047312
4783,40.24831357585618
4784,42.48048505107937
4785,42.26412582780267
4786,33.241151946957245
4787,70.99713778637081
4788,74.42687575514256
4789,78.8927386725303
4790,37.277062802945245
4791,63.22491470647767
4792,55.56287360285871
4793,29.474973275496172
4794,26.99507532670828
4795,32.23437788602729
4796,41.8903921024156
4797,24.97652355262629
4798,39.63784669831755
4799,49.00224313523087
4800,61.29055774469412
4801,32.347666525676814
4802,22.72016437115909
4803,35.909952189928894
4804,35.29161870356095
4805,36.096555272693486
4806,35.64373983797942
4807,71.51687881498677
4808,34.26369250706138
4809,77.81797307993627
4810,54.39317877302849
4811,62.086751941045506
4812,23.891084429898388
4813,27.64099493241153
4814,65.12704533107369
4815,47.86037859591958
4816,48.67814116355661
4817,53.63370168470947
4818,40.27805056332136
4819,92.03760259255938
4820,36.25266806685442
4821,41.34191502620813
4822,51.81996441948303
4823,56.607437614373595
4824,45.101753147128406
4825,24.567422327196418
4826,44.764447812674376
4827,32.9504031154583
4828,62.10961870724601
4829,27.690532422565816
4830,64.0183539066902
4831,56.62358200713713
4832,81.23254418286942
4833,27.748961881812793
4834,22.78473668256276
4835,31.950879719194766
4836,30.50439452134427
4837,23.649631001030908
4838,56.186353082504134
4839,72.66937791162378
4840,44.55728862762703
4841,56.782385280772345
4842,33.31263103037789
4843,32.69957230941357
4844,38.97137147142605
4845,25.202475536316143
4846,47.51490343212502
4847,79.31109737433856
4848,66.42157973629514
4849,35.146004721748945
4850,23.159367771245616
4851,37.349571946580824
4852,54.63749204284877
4853,26.126925490604478
4854,34.94945117955703
4855,46.424129140481504
4856,65.20790517053464
4857,44.09054636726705
4858,39.44131383290507
4859,41.005542768381
4860,42.703346847792
4861,34.033278937870485
4862,38.95536304563217
4863,29.875268594422483
4864,64.61622318274323
4865,38.82033932235673
4866,68.08358552253665
4867,42.00547464576941
4868,41.16917634064138
4869,49.60012064282095
4870,33.14799674230135
4871,73.52409049830706
4872,58.1678406845063
4873,35.68429137952458
4874,29.068311299137513
4875,57.77357607662331
4876,63.98783956382981
4877,43.71622099913849
4878,79.98727878527484
4879,75.17195541739225
4880,42.224205216956776
4881,49.97416600442016
4882,40.154974406252336
4883,29.57243281655142
4884,41.583434584489865
4885,53.717219800395846
4886,74.60899792988803
4887,49.31745230156425
4888,43.66197001097787
4889,28.676941931192637
4890,48.70996794317794
4891,52.650778315958554
4892,24.85169880065593
4893,64.19710436814177
4894,36.56278779890157
4895,31.35434242030767
4896,41.72255903442272
4897,67.56962243405594
4898,48.845587822042624
4899,67.98113569889941
4900,41.839771847483654
4901,75.0673945811171
4902,55.72957570833536
4903,65.11904837731899
4904,51.52695897012827
4905,65.00622404525662
4906,60.75693209456517
4907,43.54276833105079
4908,24.461800528401522
4909,69.62978620966453
4910,50.62277429056124
4911,19.73931771017315
4912,27.546683886983125
4913,72.19393255283416
4914,21.199211458594316
4915,43.63884158725488
4916,49.5144160865542
4917,45.14705865922194
4918,27.98843117135448
4919,72.17026644504662
4920,23.94407309419145
4921,37.409121500596726
4922,29.424327880243197
4923,56.23897670850796
4924,41.63494314964837
4925,50.54695652689156
4926,69.94440223712886
4927,44.78133547613105
4928,67.01804083355873
4929,76.17252335069148
4930,26.616484834630732
4931,41.833806476299635
4932,48.17453628460059
4933,53.55670001907484
4934,31.41578967136326
4935,41.30863194210277
4936,61.451712187721654
4937,26.97899676350203
4938,73.96890331726601
4939,41.23101277949583
4940,47.158952276483504
4941,59.80409417237111
4942,46.4119678213025
4943,55.91600408740513
4944,23.049667861897404
4945,70.74829682123652
4946,36.15564149949461
4947,38.48176540669285
4948,22.145590056645748
4949,42.6848250850619
4950,42.90573750353676
4951,17.916604291663973
4952,48.451774623412554
4953,55.15052595682084
4954,46.92480857030915
4955,63.837089183227064
4956,44.89850927184115
4957,33.240412426995086
4958,51.95878156659299
4959,36.19384268599151
4960,36.11193308950433
4961,29.328549897241007
4962,70.29547232299484
4963,44.481319217754795
4964,47.394459148642014
4965,69.98982457858033
4966,32.30665838614722
4967,46.862280706416655
4968,78.7993612129717
4969,70.62303050091236
4970,70.10047526300238
4971,58.431346945330844
4972,38.49165312282955
4973,25.578526939850928
4974,64.85125245278641
4975,28.427378236515857
4976,43.87474389739687
4977,27.837841724045553
4978,53.813568504094654
4979,45.670438874671454
4980,77.2434432932476
4981,38.85299865177227
4982,38.07580569764064
4983,38.543558417548105
4984,41.87446076254227
4985,54.66962983845897
4986,75.42522725620749
4987,23.031420391575026
4988,49.51870265051481
4989,44.814937114733254
4990,71.77491017276633
4991,63.128878109708715
4992,41.21985785190903
4993,30.41901358913696
4994,44.79913028620598
4995,30.98919554369693
4996,57.633558427788316
4997,59.26758673397449
4998,45.91434904967931
4999,100.0
