ID,RiskScore
0,33.17019199395732
1,52.61011893550789
2,31.18033539569786
3,35.822982741577256
4,33.39619528653128
5,69.11869914134793
6,30.366982824316597
7,32.55766490737172
8,35.47898007240899
9,67.75792616623849
10,32.93984822002151
11,29.782874999198054
12,67.28304974825315
13,37.12857754140674
14,32.515788261582244
15,58.13969310124647
16,23.189541816405185
17,33.87032330628516
18,66.56751263965621
19,62.72953673243144
20,72.96465055321
21,32.684083974082384
22,64.80367863095123
23,43.06407620128607
24,49.83677561572749
25,29.102313829981636
26,33.960650468131696
27,29.769339875734058
28,56.04131265202615
29,56.814182353752344
30,31.268882024772502
31,64.8958560370082
32,36.02903690605699
33,30.944511178440482
34,37.99560324102288
35,36.13216110092155
36,70.86932827535165
37,57.91640670250385
38,49.52240379034952
39,74.29912980590879
40,70.27853299705376
41,48.048353858332796
42,76.24131466396808
43,18.76020994700737
44,55.640071951746194
45,27.799630127137025
46,37.9543065368825
47,68.77063783302273
48,30.449532015658782
49,35.100840060381465
50,65.80051418112865
51,56.621762412130735
52,44.015595908440545
53,26.27779078936639
54,30.044999466792184
55,39.06885491371043
56,71.9041252786287
57,35.47320022570702
58,39.99940686713692
59,59.32795752527673
60,69.27123656906186
61,46.20198342909529
62,33.19719207619538
63,88.2549841766985
64,26.54723778728274
65,34.26678141285862
66,61.909878376399085
67,61.14032154920014
68,35.86426336427611
69,70.1758398674564
70,37.39788645050062
71,38.71906191231254
72,49.4071613956715
73,57.11934285912001
74,48.67109265619644
75,66.08993841924261
76,69.89198411682189
77,26.324180572195573
78,53.71248791736139
79,57.49797875569494
80,74.58267058087065
81,54.06732990870312
82,59.77445840687
83,36.01236476579859
84,68.45550590260405
85,75.38363739858828
86,62.36559991885008
87,25.732276636517597
88,39.03704474584959
89,71.5494729830063
90,34.46789219211436
91,44.68018794490954
92,40.64157132527486
93,30.782674063114
94,37.12472277266055
95,36.92717719795644
96,35.72021912077132
97,66.67917801971609
98,38.974178004812885
99,63.478904243099244
100,33.62154262312123
101,33.766998289312525
102,68.88201712548938
103,75.68821842306096
104,31.66584486115655
105,80.07809330418584
106,76.19866394764672
107,72.48192080843549
108,39.375895228951464
109,70.94003282311996
110,53.70483146360633
111,67.5402232416424
112,75.91284862786274
113,63.79086108086804
114,67.39673696860524
115,31.669856884825194
116,72.51453934558668
117,60.27843796238426
118,40.44058475610017
119,44.48531823577512
120,23.28348406926148
121,75.44862412677638
122,32.356845949587324
123,50.48897506719243
124,32.24954623144009
125,60.7602017997917
126,16.18193339209276
127,27.096441509941123
128,34.070171812821386
129,65.10017894839751
130,33.10288994220436
131,71.50755068425266
132,72.18014719379735
133,79.63825993185458
134,20.412071556974187
135,39.29427734025009
136,21.796389397307706
137,39.54487363162754
138,33.95207064104201
139,49.62804775926506
140,38.709544225187614
141,36.32748244334684
142,27.588470388195166
143,30.79124144366472
144,61.82623363807515
145,31.770126837728796
146,48.33841587548341
147,64.41678442784132
148,68.92529068825185
149,70.44148590014004
150,45.93613859322018
151,33.36706474279251
152,77.53387799205944
153,52.35512416138249
154,70.48362377702595
155,31.0524878624489
156,70.810627921919
157,65.30486356454944
158,66.75789676849521
159,70.7673261308357
160,35.798269027636046
161,37.974949148434305
162,72.42744241639573
163,42.94730785390549
164,44.34522248048936
165,51.13677492927216
166,37.56003435274745
167,34.18674595529369
168,35.47744966931667
169,28.286168743758648
170,38.432250995667886
171,49.23143478050927
172,64.49404208428479
173,45.96110543712206
174,33.33268232756981
175,57.85232151266203
176,52.337183790820895
177,39.30683859569309
178,51.28249671157753
179,74.64636003332996
180,48.14608799090988
181,32.26286753407512
182,61.17476561218989
183,68.7376677488603
184,73.67627828156968
185,66.57336952148066
186,67.41402416305152
187,58.703674600413066
188,33.86876033976358
189,19.24339167338591
190,30.551281753257214
191,74.49259329385318
192,50.94187083602238
193,30.970314468971967
194,67.49114854671056
195,25.35444454917005
196,30.760515392260295
197,67.40705000288447
198,64.39202087788654
199,36.55929179714286
200,31.825422214075502
201,56.01019050836803
202,34.055259175327826
203,34.32804574808201
204,71.09372153354907
205,57.448728764862935
206,65.17528933181404
207,36.9821638738814
208,56.61861324226169
209,58.784998071196455
210,29.467530916160467
211,28.586325851557156
212,75.09275994538916
213,61.70875341380782
214,40.33928257406659
215,59.7514126387592
216,62.202199559898446
217,67.4756924962253
218,50.04779370823932
219,31.182544350393105
220,31.24638174751924
221,34.33707313884544
222,28.7550832611213
223,53.30015262604067
224,29.82133466068813
225,66.01550232454528
226,59.280590633675736
227,35.85655896986605
228,40.574143672813626
229,37.427859455397844
230,48.067659441219405
231,47.96193431737003
232,38.736244449157056
233,48.72281653355393
234,72.48097431710323
235,61.598975354308664
236,30.876548358062042
237,50.083585718441746
238,65.44574880147394
239,33.871300126475546
240,67.05393843563357
241,77.33618236581333
242,40.604738630401485
243,68.11272335149994
244,66.77281095935157
245,66.51296812972033
246,23.903284573588014
247,40.727554888746994
248,76.73556223951063
249,23.442925667553386
250,61.440504418021575
251,34.21463941392064
252,37.664447611503874
253,42.13803787613879
254,57.21392058543234
255,33.88581251210566
256,50.70798597659528
257,69.29624144391069
258,65.7485155883221
259,33.426487991145706
260,47.93986291292287
261,39.82477045740637
262,29.327000932153638
263,76.98049076848478
264,62.098564828943836
265,27.849450167853202
266,47.202608300990576
267,31.549808620805553
268,63.124869158534615
269,72.74978138495567
270,55.59752827278682
271,81.09505552761792
272,34.01674655558159
273,49.23391239651816
274,28.316581501582647
275,46.255001474702105
276,63.53902913030064
277,34.954079228442986
278,58.604606170691255
279,30.64520543488647
280,57.58834371868065
281,62.36360765204052
282,58.34467141880354
283,52.386882454468015
284,34.042589899190425
285,31.767603049732553
286,29.897616522712575
287,68.80556024350352
288,50.37953793001459
289,34.695156995934624
290,50.01124754053377
291,43.163324591651175
292,53.4675468050375
293,69.75513558979185
294,32.195624653572025
295,71.07743884826013
296,70.3295717439476
297,33.63169759993939
298,37.5431813747624
299,70.32085066035589
300,43.62508807805315
301,73.87949146837391
302,60.93518721850059
303,34.73038292194177
304,56.38154314834686
305,30.595919929150682
306,33.32857384700939
307,69.90247376363696
308,50.214336128936615
309,31.09322269195002
310,70.95929146322487
311,59.84696389067528
312,47.284992367504536
313,46.24476790587517
314,66.24874169341163
315,76.24724802886601
316,35.76822970166713
317,34.18858923739144
318,60.7597070233889
319,30.221376847944178
320,30.381991038321292
321,39.84801795698898
322,71.8639525081498
323,60.275935523930784
324,91.89533716084568
325,36.30560995377503
326,72.38120810245927
327,31.18269103381231
328,43.43041761019813
329,28.360306181426115
330,36.74001994846885
331,81.19039378743608
332,25.954726300152277
333,68.55925689595486
334,60.78600753724241
335,63.225819029305256
336,58.998178100713304
337,25.756348594669273
338,36.79556270136011
339,46.05648315477903
340,70.11008963364935
341,79.0975670109621
342,73.6845762547393
343,67.04366003968849
344,33.98724278304439
345,31.21394815513799
346,36.20358251808295
347,41.497469741415486
348,39.07423506055284
349,24.25889990319194
350,47.45789117434132
351,34.35391745368098
352,59.343710919823394
353,24.99276972907482
354,24.54647338848977
355,32.17168814522959
356,25.007145204513186
357,27.467586963155345
358,30.76427794967511
359,73.34929193216705
360,31.23220491286661
361,25.60475151376068
362,34.6810717947056
363,59.15064086292723
364,50.51395269900873
365,48.17161053837474
366,51.76565836751737
367,31.507807210961953
368,61.58006961607346
369,50.748667727838765
370,35.00436922287307
371,24.29394756546679
372,30.947217913679804
373,70.54580463707634
374,54.55478965253547
375,37.14008941734555
376,25.98766312589464
377,62.29250393251548
378,54.83654742988772
379,67.20760649710681
380,34.30096706818133
381,29.934398373457704
382,66.29038094457488
383,67.5002259869039
384,43.978121306666765
385,61.23331855300777
386,28.328915173813954
387,39.55907549174498
388,55.16821006687911
389,36.1533938270472
390,68.36984502742857
391,67.95122043491493
392,61.04434817352304
393,38.19733245471639
394,73.84746972565554
395,69.20334791881771
396,33.042149763771995
397,28.175255574467787
398,61.28967343742759
399,34.08061707932617
400,50.87857848517254
401,71.6477555272159
402,29.021690822743135
403,68.21118857409857
404,69.53231260364578
405,48.109214671951925
406,31.800153508451626
407,61.155942329785475
408,42.62389181205912
409,33.07510918628196
410,37.27069493601353
411,38.67161260868802
412,34.23041503828894
413,39.28078817783746
414,60.76145848602873
415,49.17513587315015
416,40.885344292510624
417,37.17652435788848
418,28.869860990112713
419,40.75099399398772
420,23.945840737172386
421,39.56048890018473
422,30.153931730133756
423,55.46439534457984
424,26.446783550089005
425,50.50101997579368
426,29.668615679993003
427,32.53364126027027
428,51.79031360538286
429,31.221526058730888
430,66.1042828188904
431,31.089089636991908
432,69.83288006599051
433,60.68716958477972
434,71.27510775401338
435,57.81631101203649
436,27.48478172594115
437,74.13144408497558
438,40.29058856834976
439,44.23500715529151
440,72.51996288035878
441,32.7803828022925
442,69.13810260082813
443,65.42771077926614
444,67.62251875415697
445,71.13935014278388
446,68.70925557403295
447,55.26766879405493
448,65.50792807970856
449,72.16069825135084
450,64.43444961301412
451,73.70860167539371
452,28.451414517563247
453,56.85378073884614
454,58.513129575963326
455,47.95852506229645
456,41.40162537889777
457,53.29886900738155
458,38.877704411758636
459,54.65531965557351
460,34.79557536570178
461,39.2491692785302
462,30.84120502273841
463,47.160516700424395
464,26.306589672212517
465,50.97814247375749
466,27.57570774146514
467,60.51629967203927
468,41.44840309944862
469,72.5215803476963
470,56.88424617886197
471,66.56880480519946
472,34.6579663166204
473,33.377895429580455
474,30.21021128972859
475,69.1180199562381
476,32.09597810377996
477,75.48397850675319
478,30.74022415481166
479,57.799131128511306
480,56.684220722537994
481,40.406073604350624
482,70.29971315112422
483,40.02279704995083
484,35.15300950409975
485,62.85480557666881
486,69.51066792740991
487,35.05196946397334
488,75.79689661831586
489,28.27053848324545
490,69.14762134872035
491,37.002576802414424
492,66.94547029843909
493,32.18757696652773
494,68.3500260218355
495,34.95513104882049
496,78.84680748644223
497,68.79191817027342
498,38.424046560418745
499,35.944067763833964
500,55.61980276705936
501,42.943938022727316
502,70.88615328593924
503,28.65462656909939
504,41.380232016133796
505,54.168584499933495
506,41.329862028879
507,73.47667819562588
508,27.82772563656475
509,87.00511921111385
510,38.49136784753695
511,65.05169874111965
512,28.382051330812715
513,81.470249047914
514,67.25165641176794
515,35.96272581959919
516,46.502065161942525
517,50.80171352021965
518,34.44245962778788
519,48.556683079408366
520,65.84395719050221
521,67.53010254252592
522,68.16674408264117
523,32.452010950488784
524,37.9814064725675
525,71.36974075665425
526,42.90474925734639
527,52.18215410578628
528,26.053612264913774
529,38.376068216848836
530,32.3233728766005
531,29.252907374574605
532,39.15029417243369
533,58.856659256499505
534,56.854405615935036
535,33.55370426955714
536,55.80900177832045
537,75.13758104330947
538,68.91955470692045
539,76.18959854861258
540,72.15864949516785
541,35.202103990992185
542,79.79894304404701
543,40.04632759416808
544,63.63887513374249
545,74.8570722813293
546,73.21156733413281
547,67.24088494464854
548,60.2918728631234
549,58.14807212404905
550,43.93271295650281
551,34.978711991112206
552,58.050057841018855
553,31.789398283721304
554,72.45090186972604
555,49.0314486271626
556,37.0914647846255
557,34.924149783517855
558,76.02650934689524
559,41.91199223867089
560,38.800297466328296
561,65.767430448934
562,74.31757071351365
563,66.32396267942036
564,28.035105471431365
565,72.50848324552871
566,60.875220728929534
567,40.255237935190415
568,55.29292450766829
569,34.23321679307205
570,75.1098139801765
571,31.23449197206605
572,72.80689222400987
573,54.21891498741815
574,48.757274009281375
575,37.642072059749225
576,39.430480290477675
577,24.845402706894607
578,56.70543988628718
579,29.551449057957615
580,29.25296861999204
581,31.569787341312896
582,76.354407812256
583,44.013395802885405
584,36.136575079316486
585,29.662563066204562
586,70.31497619562377
587,40.86828281569062
588,52.33077555882084
589,33.10423130334173
590,63.93454723775318
591,39.90590160006639
592,78.91853685415911
593,59.976957538423704
594,60.718092078868274
595,28.557905561629724
596,65.43105130709192
597,43.62901943454098
598,47.982670969504504
599,58.080909974830774
600,36.1020419745235
601,69.93945406944648
602,61.04894931945657
603,72.63599266224557
604,64.07670449096676
605,36.79962799979076
606,39.55919231564419
607,66.13519142748919
608,34.30918645232555
609,28.396591206755208
610,63.98409518329804
611,46.23582472708529
612,38.15589152441531
613,40.59383558252017
614,35.17546716082689
615,35.32438461268724
616,33.06659714289461
617,30.896369268741665
618,52.44495564543785
619,30.93549651945485
620,33.718949982041686
621,53.75972918195609
622,65.22606346300597
623,65.38822663503726
624,35.527501374834685
625,80.54838927276813
626,49.18301070214607
627,68.29255256730016
628,78.39411434494698
629,33.63867378963106
630,35.04695284522356
631,35.32264625037574
632,71.42545896144792
633,34.8972615671675
634,34.23269392792086
635,44.01055194582395
636,33.75563824091991
637,67.1769600193947
638,31.66245806877672
639,78.07162283937714
640,69.0703336911073
641,42.62002829014369
642,35.22784029240857
643,69.72873322815771
644,62.94193523868783
645,30.720806281648333
646,71.25950931386157
647,65.65584390399663
648,56.98268234265461
649,83.55423590787584
650,33.85285874312775
651,29.112191595934505
652,16.329161656438835
653,31.289893154057186
654,33.405819069134225
655,41.95591636631364
656,29.009452748976898
657,75.835856700247
658,35.34873808213869
659,41.756780241902234
660,39.59483906305311
661,19.99828820032848
662,29.921930717499766
663,32.516310800074095
664,41.10178206170514
665,71.52297982763918
666,26.16643172957132
667,42.124320961036005
668,64.59467497988032
669,37.50024172280875
670,33.555909947183125
671,28.53942416861124
672,23.364464882594802
673,34.55237194068354
674,33.349713149010604
675,72.12358547722084
676,47.970784039439366
677,31.31086151492238
678,38.36500219300332
679,77.5368574238918
680,67.33679355957489
681,43.2172912842961
682,40.47929273874938
683,54.10893049101705
684,30.46912698712074
685,46.94310936183596
686,69.6733421175475
687,35.62478363049091
688,79.3069266868736
689,56.472440148762914
690,37.87966009043984
691,61.912292231160016
692,59.66708769663923
693,31.677781776421387
694,28.02817304212896
695,72.11901026851528
696,54.94290356148885
697,68.71680420121086
698,75.98147847770616
699,33.16619876348847
700,58.857170722763215
701,41.513524797122955
702,30.66947417079165
703,33.498808275989646
704,30.341064671195827
705,27.060637694178684
706,46.80524514011614
707,69.99820736498006
708,60.13677569785552
709,48.581219252483564
710,61.95528266956762
711,56.592906029124485
712,31.61015928304261
713,68.56250193485852
714,75.53681690393704
715,16.42279734586228
716,29.079166272671674
717,64.37535816375586
718,40.9483712843872
719,41.09147972533397
720,66.51461493831883
721,64.14217661971227
722,32.33058152258562
723,35.78602914634733
724,62.55066685088563
725,41.95104686410103
726,33.57585961264167
727,59.71191162860914
728,75.3258156865008
729,30.127653765543965
730,30.4859335652037
731,48.26117095911167
732,31.666605576979332
733,42.521889599663325
734,41.56977346334661
735,27.105207409357128
736,62.31052382668882
737,42.71394556482244
738,40.25998293589535
739,28.83634553837822
740,32.65186172883941
741,66.87642511288996
742,45.536280659488476
743,38.60328052393543
744,29.08840096859757
745,49.49698386519064
746,60.16408959905647
747,56.16458115180717
748,36.58749336344989
749,40.20970557742638
750,71.08155493452831
751,43.76248028853755
752,88.29226665622107
753,44.2825558002052
754,36.88431288624427
755,45.91871872644463
756,27.97347429275604
757,73.26830576489563
758,68.68800514121885
759,56.16009247856059
760,31.344821477716994
761,44.790540161800514
762,47.29217599988619
763,38.21370621880533
764,67.75242738117723
765,69.61892628282074
766,28.369957299055972
767,93.91821827899982
768,34.19910111356729
769,39.58127677437804
770,33.45163634656266
771,74.53917599521165
772,63.19797845256874
773,28.221599907154932
774,30.65931721218834
775,40.6419210078382
776,35.779817873282305
777,29.724128095525153
778,33.3986038621305
779,32.48114619269964
780,45.138182280098874
781,47.52370958966678
782,72.51075961917647
783,72.62741095788978
784,34.44556602371875
785,27.287503984196952
786,52.814664842624765
787,68.82682317143502
788,68.58860160475945
789,46.126620110919085
790,67.68744784699896
791,31.479467936922287
792,34.24340478734117
793,34.677962705327396
794,76.67374872211084
795,37.85405606683973
796,47.80201113792394
797,31.653249114975686
798,72.18859904357522
799,68.26233680059117
800,65.82241875430229
801,48.711425282890445
802,30.009029377520886
803,53.97346577543675
804,68.44544700016866
805,67.18590983090826
806,65.36278383534821
807,55.99682218627324
808,65.76628875420421
809,47.316236011140646
810,77.72211706944817
811,50.40260123683901
812,29.945900134542622
813,72.1921018879755
814,44.22032060234394
815,78.3286376695209
816,25.579453298543378
817,50.68665134073888
818,70.77984195109067
819,31.78514360305939
820,35.81041215145195
821,49.921044444236124
822,43.81890829506237
823,61.503572714443976
824,74.20656455434488
825,82.1828978868926
826,53.43155765647182
827,39.887523553945314
828,26.44742478311331
829,41.07598734454696
830,33.906705382277764
831,65.758955033492
832,44.83725529267785
833,51.648722815823895
834,32.24993397388284
835,64.1578813681873
836,26.61045632334679
837,35.37455962015975
838,35.09173497407117
839,52.63345939967515
840,66.71461743902837
841,69.01516334171487
842,69.81889779628577
843,51.970097697251454
844,84.87052311227387
845,35.42434183413066
846,42.36446022527247
847,34.596624990903486
848,68.84111642644592
849,44.183589286847095
850,29.159610791901287
851,63.73266445936376
852,48.91544353358434
853,33.055804316517744
854,33.63018272174192
855,32.089926571243
856,57.91190825957959
857,28.712417311425394
858,34.10032349329426
859,66.35312187355443
860,29.222713109237745
861,43.353955796909666
862,48.39603200973594
863,28.075808532688658
864,26.11395617919129
865,45.625635644708
866,78.00703343190877
867,31.82489720377117
868,41.79050746545383
869,62.056430196522896
870,31.061538417900433
871,31.01995786502564
872,59.08097904689858
873,49.315660144535954
874,21.173464701712838
875,68.12730646134361
876,29.5019600524302
877,33.42730181482387
878,40.27928141444651
879,29.025162409399325
880,30.78831302194795
881,31.619519227884822
882,75.60088258863642
883,32.987496828166655
884,49.641202147650155
885,29.85411993106441
886,54.29731651071076
887,52.91055217528811
888,75.13256465690826
889,59.337648454082554
890,33.21068713561902
891,29.761765383280522
892,76.74357519076001
893,30.37601241682801
894,42.34010739921375
895,24.257606962087543
896,52.58148362118269
897,44.51715769971251
898,47.15956660094279
899,70.72303203640159
900,21.625802070770657
901,71.39614315864452
902,78.88013188904074
903,73.94127469128208
904,57.02836318868998
905,81.21361863127535
906,41.791753885772394
907,72.45501981930683
908,50.2610859260283
909,55.89001086117334
910,50.084139113598425
911,72.43702824143121
912,76.39023366741715
913,64.36746960364323
914,30.07518772417193
915,43.571507967807534
916,58.22853465673272
917,48.378386581273325
918,28.9437806808527
919,37.81000802824856
920,28.14822207444345
921,32.73590086602934
922,47.652918069674115
923,32.359873232435426
924,66.59624644905801
925,79.75504468902477
926,57.89915925202499
927,37.418061535371514
928,41.020776984945364
929,32.29880630133201
930,36.10685202218254
931,32.63690342593446
932,30.862828291725986
933,48.96831031683292
934,31.490385985423355
935,49.96689918053403
936,65.77422105702752
937,21.01669407945933
938,64.38220174395238
939,59.17513765481053
940,61.49516072232323
941,41.365689727885474
942,40.61251199737199
943,62.72501732203203
944,25.634405378271687
945,69.01190127490563
946,33.220164813245724
947,57.909785898152116
948,57.04464152163403
949,44.447654544453215
950,28.115449223431963
951,48.38887189386343
952,51.930905961328484
953,55.301228409043894
954,39.28261683566976
955,89.17615607746632
956,64.59115583740733
957,45.109273741097624
958,45.77739262750206
959,31.487522084743684
960,35.22240589207131
961,48.30635111461233
962,29.653473857027357
963,67.9009591117827
964,52.93736608627952
965,37.69729607524292
966,32.969504393607295
967,68.50382659726861
968,28.63703617674228
969,29.139276660425374
970,64.07534994010187
971,33.69206521315086
972,29.695571202523013
973,40.35613822619952
974,36.00449797715504
975,36.359199797561075
976,64.0704571615589
977,72.17120493411095
978,69.97152858841008
979,30.787652431788484
980,52.25449072359426
981,35.025220913194815
982,65.38447760892169
983,30.743097897655165
984,50.676741255539085
985,40.11155496677135
986,29.485983394844077
987,77.70156831378978
988,27.61839015418177
989,74.59353518597891
990,38.89278974166951
991,52.933006542324044
992,36.32132566127173
993,30.64795320148607
994,72.55662528760143
995,13.982324038161494
996,47.066038566005034
997,25.175028846882007
998,76.07595549461666
999,32.89992327263773
1000,33.1757114987576
1001,70.62240616088988
1002,32.10734185183636
1003,61.53694919925252
1004,62.971988076437015
1005,29.377214536501235
1006,77.39740191782067
1007,33.106484478298626
1008,61.54344271081264
1009,32.7769917508228
1010,74.36921308156074
1011,26.415990860250638
1012,35.97411135445032
1013,70.85889173840455
1014,52.08288478168694
1015,72.07359523003396
1016,41.57629916803779
1017,53.22590464038735
1018,33.37712876961935
1019,73.73349972199692
1020,31.056757501926526
1021,42.04654516905835
1022,44.53929930331542
1023,65.40796998286189
1024,64.97261824887354
1025,28.44415371513303
1026,34.7609642050589
1027,33.47531767794047
1028,23.62326801506731
1029,30.4184590304595
1030,62.759006720544164
1031,32.23547978532784
1032,37.24583832106893
1033,32.06426309558253
1034,29.557344007275933
1035,66.06634565145748
1036,72.27131755962044
1037,69.00656600516169
1038,54.31811683496089
1039,66.69815517531184
1040,51.606079738293175
1041,28.35691240000692
1042,65.93795662913587
1043,72.27929515468722
1044,27.599846136082444
1045,66.57875387489254
1046,30.372012584590973
1047,35.83774113082249
1048,41.20325273896208
1049,30.105304435622166
1050,33.485860703922526
1051,69.07569588277471
1052,45.25685047092972
1053,55.48023315344628
1054,65.07673835792241
1055,41.79626458599302
1056,30.38311406593049
1057,30.209979850069157
1058,58.75189990190595
1059,31.10730313996281
1060,67.02252086857851
1061,53.12025981772703
1062,68.67837830547458
1063,57.305233968780584
1064,39.12924548210049
1065,52.59621870153988
1066,52.6893587006575
1067,50.912299587573884
1068,33.708034334667026
1069,31.252891325235513
1070,41.1534925446373
1071,25.987862423421046
1072,38.57009386286592
1073,33.83722404733126
1074,57.37229145961139
1075,38.01405591424876
1076,74.7193587140377
1077,41.83453967854594
1078,57.85238273620722
1079,51.736123518240724
1080,33.20838612170767
1081,29.79498669344644
1082,28.8633178552444
1083,73.86126592385719
1084,58.25604675755014
1085,27.90549639005639
1086,33.31564821089115
1087,66.18495640941987
1088,32.92370781874803
1089,38.10276334873778
1090,31.307491885339395
1091,75.64879210748222
1092,66.282639909942
1093,24.724762821438926
1094,34.811956649292426
1095,75.49882840864859
1096,38.197717085652826
1097,72.75320143940844
1098,68.96575353052047
1099,77.29533311915249
1100,28.095907428393424
1101,28.107255188219934
1102,56.72153281364547
1103,31.545084007078948
1104,63.949710562893245
1105,39.19281751258694
1106,62.82167432279169
1107,58.83919677262325
1108,27.089739938996058
1109,57.31972811672948
1110,50.4538165353692
1111,52.04570377595517
1112,58.436512079858105
1113,33.45027840393018
1114,64.4083595904697
1115,61.585922600182734
1116,48.9461867146028
1117,35.79982377310789
1118,60.65526535146578
1119,43.67862483848575
1120,33.04182952139319
1121,34.17187311485182
1122,33.66494440203594
1123,35.832481774438705
1124,62.29807404432214
1125,27.490262013427888
1126,61.170167154679646
1127,51.690076609912886
1128,40.048899146785196
1129,40.98175501623674
1130,63.99954086894861
1131,81.3336185935307
1132,37.92842743230329
1133,36.671924311564375
1134,65.95979741340209
1135,50.38691964376183
1136,47.862739653416135
1137,51.92548352099269
1138,52.464904027638745
1139,45.601227173276676
1140,50.41125088303446
1141,46.53201946412668
1142,71.12427919461598
1143,26.48417179495637
1144,67.13871893071398
1145,72.85048343703968
1146,31.176994450116403
1147,45.40714772641219
1148,33.428553845109704
1149,67.63964219648943
1150,28.694276662162327
1151,39.92662368170724
1152,29.487920789825804
1153,64.07034205588084
1154,33.815382960696425
1155,34.24039501107369
1156,28.25729875428621
1157,69.07285871619058
1158,69.33212947174621
1159,67.83886482623257
1160,30.921284679652747
1161,59.72456205750148
1162,68.37008620122025
1163,26.94704053830973
1164,69.45454771979033
1165,61.69320470630131
1166,71.34358177626711
1167,66.7861077573883
1168,34.386933714361916
1169,49.03807359412713
1170,25.906930950041378
1171,72.99427154685351
1172,30.67184737923766
1173,56.45883547643047
1174,60.37732912106526
1175,44.002109914913305
1176,57.45655408995616
1177,64.01698506325165
1178,36.83908814382471
1179,29.650308400549616
1180,41.94455739461716
1181,65.69245869553272
1182,51.925522209957045
1183,35.745644598516044
1184,38.434939680442966
1185,37.17747701858946
1186,67.92047275573549
1187,53.51703028764488
1188,19.074480792228854
1189,28.03339888354885
1190,29.11941942907436
1191,59.10390353785844
1192,45.54944165589916
1193,37.17200053099237
1194,38.99999014722752
1195,44.07712742831596
1196,31.20799058179629
1197,70.34311172528
1198,34.49902492002305
1199,55.37045035704519
1200,65.48772831421657
1201,36.63341766785245
1202,77.79325286881783
1203,58.630187066539655
1204,57.943449415963485
1205,30.46631867310014
1206,33.933791268982326
1207,68.91025213809564
1208,45.4139122838285
1209,62.24284937102796
1210,52.19820590036117
1211,45.250106961584144
1212,84.37928805215194
1213,50.9806752295862
1214,71.14999308786844
1215,60.396417956673034
1216,26.948054096567468
1217,52.00601359756845
1218,32.89598206980736
1219,59.52012721966141
1220,35.81624447552835
1221,46.91636730878939
1222,35.48025510089294
1223,37.61417610029126
1224,35.09053592875314
1225,54.281322101094034
1226,71.89646884312381
1227,60.8203907474213
1228,35.98746878475848
1229,60.631277587481534
1230,38.67892774949256
1231,29.620572566651273
1232,43.37181574868961
1233,58.57611640934752
1234,64.87321708677437
1235,39.99565310972377
1236,80.32995372353389
1237,53.03054719697029
1238,47.16285363388007
1239,33.58654234085574
1240,33.88246468867627
1241,66.71659298818355
1242,34.87065722306703
1243,31.556523453688424
1244,49.90371641940042
1245,49.76440739984407
1246,68.83546550547857
1247,48.99394977349384
1248,74.99771439667391
1249,30.930715019465897
1250,48.368880854103814
1251,31.082429284194603
1252,31.61917642243006
1253,31.469398954943493
1254,77.00322014454983
1255,54.382946136821786
1256,45.39300333163207
1257,69.92564480745328
1258,63.49017176590951
1259,73.26987562753551
1260,59.4231902967047
1261,30.507020197030776
1262,31.565142307349447
1263,77.57395350196774
1264,30.44653261906366
1265,58.67311338111462
1266,30.544245233712477
1267,69.38063513338403
1268,31.150498008921996
1269,65.56737886610422
1270,39.044883017684725
1271,39.14968943108381
1272,36.52373137054977
1273,41.65020769068595
1274,67.85559538123971
1275,69.21942779591181
1276,57.7092784116438
1277,31.841336082527214
1278,43.499149405579104
1279,32.042135807283884
1280,62.75935610243958
1281,61.75749232788285
1282,50.12103665565938
1283,33.61235767333469
1284,69.30043296503882
1285,76.12533593336528
1286,37.765920408792965
1287,43.271513042709614
1288,58.57030870137086
1289,59.3515112060949
1290,35.21278122597671
1291,76.68819897798309
1292,53.6746450949356
1293,30.622448612022726
1294,41.57733685419628
1295,65.45548297033041
1296,29.52842660412792
1297,34.63859638945037
1298,37.65367017743573
1299,45.36078031648162
1300,39.412883164699934
1301,77.27369063193572
1302,61.571697014373726
1303,59.429883483116626
1304,66.97202288780036
1305,39.325480775731016
1306,72.89805102897257
1307,27.135701655681107
1308,57.740974095662295
1309,34.632436758354764
1310,48.62845969900863
1311,57.868136648079506
1312,70.83843387647967
1313,37.48636506541489
1314,29.274996911764056
1315,30.74202004658078
1316,25.45964736947495
1317,58.89031514495707
1318,30.81220252059908
1319,36.18331856942103
1320,48.81653991896755
1321,34.55656329017465
1322,69.52250824076272
1323,70.2881970947916
1324,49.54219953377359
1325,63.35708706323865
1326,36.605323057133575
1327,26.748786126282713
1328,72.5717768836381
1329,37.68544392064338
1330,63.773839972973356
1331,47.545666152490256
1332,27.072251483392584
1333,35.30790244548573
1334,75.57729755612597
1335,73.74234120884788
1336,74.62156027591752
1337,30.604029598451532
1338,46.742265578478694
1339,55.455284342714315
1340,29.55749925701548
1341,32.29653312619264
1342,32.39853005740074
1343,33.137947420237474
1344,32.65879529228696
1345,30.952362188793526
1346,52.16869956886628
1347,29.293613660156627
1348,71.72250790784352
1349,65.63956214989862
1350,37.197667107280864
1351,59.7141927298608
1352,27.693178641761364
1353,76.1391281446767
1354,67.82055131036039
1355,32.36228545105251
1356,81.16444089313742
1357,33.53019548609366
1358,29.31322414923745
1359,37.52286329221479
1360,54.957332884840355
1361,69.13812216789599
1362,39.130719338706655
1363,31.734573790106285
1364,26.67013440153659
1365,39.05506652049717
1366,32.29386972334024
1367,33.66772674189301
1368,62.01298398949993
1369,33.778587364515644
1370,37.2261469174299
1371,32.21129581690954
1372,28.198737242133326
1373,73.44954402231097
1374,27.926807672576263
1375,30.18254406936787
1376,75.21532773600407
1377,35.158016926861336
1378,60.51032237813306
1379,31.1507384922993
1380,33.93945622877942
1381,37.17394021069962
1382,33.23450189142515
1383,32.01697930498091
1384,67.0754043380433
1385,75.61702908557128
1386,69.94836793768692
1387,42.43870948036918
1388,27.717830836930208
1389,35.26743130575654
1390,74.02525660597999
1391,35.043741556382926
1392,70.43617491594217
1393,66.720104614857
1394,39.52054689726914
1395,58.6479752629969
1396,34.17184255377815
1397,34.25300158591902
1398,58.296046184831184
1399,41.150491712902834
1400,30.12669138353977
1401,49.065009826372815
1402,25.949871919222904
1403,29.48792415555134
1404,66.038754471517
1405,77.9464876389047
1406,35.53760098926695
1407,32.677233058455116
1408,57.58139419586274
1409,60.92927720570905
1410,32.362747168143656
1411,39.65151699619969
1412,69.75844955963834
1413,49.70323759838651
1414,60.8088186509366
1415,74.63321394109462
1416,72.68319597769333
1417,24.68663745627219
1418,65.34651129689655
1419,78.8217913429094
1420,61.34640062376019
1421,68.54125414390427
1422,76.58772677785744
1423,46.722265381279705
1424,34.47393018552372
1425,31.77419119522056
1426,37.31405242392496
1427,58.78963930616589
1428,65.77078500515135
1429,32.95637793644289
1430,76.6783638951405
1431,24.559489660038967
1432,22.1586762007736
1433,74.83453541546547
1434,59.71340631364775
1435,52.45248376651186
1436,29.895568590746976
1437,30.518012104428024
1438,83.46932840500638
1439,60.92848811934347
1440,64.27125798107257
1441,34.27384962078383
1442,40.3519938844029
1443,27.410914065538076
1444,37.75209083141112
1445,34.97140163904787
1446,38.61326629824653
1447,73.1098498338786
1448,64.0830565587257
1449,50.27961263658798
1450,50.62978342070593
1451,43.12118337664914
1452,35.570531381566944
1453,66.05646082455928
1454,39.01064424957047
1455,71.73127546640703
1456,68.88598220204912
1457,74.8185918920937
1458,43.041918368412965
1459,63.73618037735846
1460,34.77672522860222
1461,66.01073251011121
1462,67.25562020492205
1463,42.19910304700041
1464,49.94706783569676
1465,41.22138197223967
1466,47.010011713624095
1467,41.213781692242904
1468,41.22239869044668
1469,34.17729020005027
1470,39.24434825454361
1471,37.581374547369315
1472,29.32878433901114
1473,73.31102564727351
1474,46.5313125770925
1475,46.11512739273401
1476,41.053181974088595
1477,50.98957390289768
1478,65.23635332206607
1479,45.17588565984527
1480,43.17715681494017
1481,50.49602552285054
1482,30.96574716869833
1483,43.847044588822655
1484,34.68186717650584
1485,40.74180250393644
1486,63.05163614891755
1487,29.679165239069462
1488,27.289854081076488
1489,28.909563539074373
1490,34.13971347062674
1491,47.221456474127386
1492,50.281275330911626
1493,76.31372501463755
1494,51.19136118411744
1495,63.61156579012877
1496,64.16287744746336
1497,27.501895910423084
1498,64.88523403449369
1499,60.47871610902136
1500,72.19984588533575
1501,40.06284542941006
1502,64.91010014342211
1503,56.93891682273666
1504,67.4604716910769
1505,27.599559548201487
1506,72.02647960763689
1507,31.87398638750819
1508,43.20158611082045
1509,40.29645949852804
1510,49.452629118678814
1511,69.49477267743055
1512,57.538383265434376
1513,32.44749832207988
1514,32.53240695534246
1515,65.33719080175626
1516,70.55342944066145
1517,33.94513973108369
1518,73.66052154988155
1519,35.046230200531355
1520,38.2924324637986
1521,46.1164032025155
1522,48.470475093383264
1523,36.61350688467141
1524,33.05648327057408
1525,33.105053054567186
1526,41.72691656670166
1527,34.82027276316356
1528,30.739173777190725
1529,27.81247352950282
1530,70.02544661910095
1531,62.04177693894903
1532,71.35351131341139
1533,50.21745293070993
1534,59.47653717195407
1535,48.73888502707931
1536,58.28351241312531
1537,58.083463021069186
1538,33.7445448731844
1539,46.93889844184421
1540,64.25049543468774
1541,47.17752300156378
1542,82.98762499546427
1543,75.3387201680291
1544,55.43753929470822
1545,33.99821011482064
1546,45.915577343229934
1547,63.66271039253358
1548,69.50491279723545
1549,38.1561345537125
1550,24.155235751223675
1551,26.659885931629166
1552,51.800484089068334
1553,61.164598645217524
1554,66.00831335615933
1555,38.19547607543881
1556,34.51754472955308
1557,37.1913580223685
1558,74.61417510870476
1559,56.41621012991949
1560,66.56927098163884
1561,42.67260747353322
1562,65.25704020490403
1563,46.185153015287135
1564,60.958966801403946
1565,35.65927778829236
1566,30.454897266087617
1567,65.68990506384083
1568,44.30930202994807
1569,32.94861068274014
1570,27.750494997771913
1571,33.51187259155265
1572,49.60499143296122
1573,32.15977197661899
1574,78.26129005165348
1575,70.37719561904593
1576,63.85787426461435
1577,30.950829021479027
1578,69.30504033195227
1579,46.821958039310985
1580,67.76287146335306
1581,33.11821703786818
1582,51.92325002692759
1583,47.76415575396613
1584,53.62890679030712
1585,73.79210654890089
1586,33.095560798035834
1587,30.126303892065952
1588,30.50119180579427
1589,40.16467958920123
1590,70.41980929065926
1591,44.883347521895516
1592,29.656209105918897
1593,73.4421319084691
1594,69.01557389533103
1595,47.40308312678185
1596,34.32484470662948
1597,59.78097322656358
1598,52.91466478084963
1599,27.481579181685728
1600,34.02620763075727
1601,71.12865766331923
1602,25.806144125938598
1603,55.875416182915096
1604,46.31882972139951
1605,37.16803025448102
1606,56.443337053740606
1607,74.87824548269053
1608,42.53106420729354
1609,48.80523882927377
1610,65.4486799030125
1611,39.13324698456075
1612,51.62850949850169
1613,29.28693281187905
1614,41.68589481925656
1615,71.46763607993014
1616,42.774085567692964
1617,50.78670261006011
1618,51.53052848765203
1619,35.73568508463231
1620,28.07358489847022
1621,43.224904518855496
1622,61.43808554904082
1623,64.77539345365967
1624,74.16317201836661
1625,68.86114169190878
1626,38.483200487375925
1627,48.20036834647819
1628,30.642508771386446
1629,26.84917747568861
1630,48.47181834246643
1631,66.60090672274892
1632,72.24538694220888
1633,40.41639919866618
1634,39.255619237653505
1635,36.41038836663344
1636,43.62680051292782
1637,37.34450322605533
1638,40.764330407331926
1639,30.716514782093157
1640,41.297131895796646
1641,39.320456827748814
1642,45.11339310679446
1643,60.31996271838554
1644,45.03842876574954
1645,56.39095458970975
1646,61.94730680884138
1647,76.7067980130951
1648,20.27636189198891
1649,63.32884341119351
1650,30.55473227277717
1651,49.71772443850796
1652,42.25076238841477
1653,70.95669426076346
1654,36.10836110968134
1655,52.67486852398016
1656,48.23834234192065
1657,61.27745195272185
1658,75.32252565219619
1659,59.439316747379486
1660,57.941950609293855
1661,27.687383583803722
1662,71.58562425847009
1663,29.70669937484547
1664,72.88452020806307
1665,28.6511447412852
1666,46.87902704043728
1667,48.53597527856568
1668,65.01243677234913
1669,34.112954443314436
1670,45.75947233676977
1671,49.68004992719059
1672,68.9597647440511
1673,37.46603714600817
1674,44.13140963608775
1675,74.60556275413607
1676,71.85959224969955
1677,65.16060848100881
1678,73.97886402633861
1679,37.034300527674134
1680,34.22017021973368
1681,62.65772680767457
1682,57.117739906734926
1683,72.26096813774596
1684,62.02914086035616
1685,41.73398034328102
1686,47.56759028561728
1687,21.90627036315885
1688,73.42442706874513
1689,60.526860534275116
1690,55.79376170889772
1691,66.88213091159237
1692,38.678793122980224
1693,45.26941094827955
1694,71.37814148595294
1695,31.666642057653053
1696,50.50266208367705
1697,35.75647561897121
1698,75.84385776219173
1699,68.55172760994517
1700,28.400195589448654
1701,53.248751742424155
1702,26.887414309833705
1703,31.434941142921854
1704,30.441202417993836
1705,38.60324033680807
1706,70.33336969328636
1707,61.66832544660666
1708,26.80119791599666
1709,61.766206205659934
1710,57.66934270716227
1711,67.6314749171539
1712,38.41768243016155
1713,32.2601329182357
1714,51.851342398680956
1715,40.25583291814773
1716,62.65015775332594
1717,35.5020493617391
1718,50.60365265927574
1719,34.01819103574709
1720,41.78918139819586
1721,24.98616468513272
1722,32.461601790181895
1723,53.35602042255491
1724,45.23002703449921
1725,72.3195100797237
1726,67.64949272700076
1727,36.301030715952095
1728,48.210623312890235
1729,68.6464353750581
1730,47.63109231169951
1731,31.02465600276015
1732,44.47729241557013
1733,73.44891152477625
1734,39.93770493134904
1735,51.90508950535954
1736,29.66881069197693
1737,54.39848507481771
1738,28.62785317030293
1739,46.25673907515104
1740,36.292156255993746
1741,33.74843635802794
1742,34.020929478355555
1743,31.99982635203734
1744,83.28469025891641
1745,58.50424022269217
1746,46.44513216102348
1747,70.82899003509985
1748,74.1326977254443
1749,22.658543490258282
1750,42.970230690323206
1751,45.41373797321255
1752,34.76038159791625
1753,53.92499531219591
1754,77.49767902228263
1755,76.89829836618313
1756,61.30842314166598
1757,27.511690374311645
1758,31.242314802000386
1759,72.15825895171871
1760,32.75207595639934
1761,25.642431817940533
1762,65.90196946183043
1763,68.05380237476406
1764,45.15575559655064
1765,31.626975666376588
1766,70.25123984117972
1767,32.70969220644699
1768,74.84062673884421
1769,65.34521671968392
1770,67.24231889101449
1771,36.084401613377516
1772,69.5494075988031
1773,30.010292429318604
1774,29.86574220073751
1775,37.504046045509796
1776,30.747922343245005
1777,28.04573188752377
1778,36.80657748812627
1779,56.309892344236246
1780,34.18090191034265
1781,33.40333804252306
1782,72.5197462838906
1783,27.784334997034343
1784,70.29796947278467
1785,62.979501892888806
1786,33.10804239925133
1787,62.566214207902334
1788,69.52582040353967
1789,34.34881874257231
1790,44.06039395583649
1791,56.66871514241491
1792,35.89782748324607
1793,33.88026412990499
1794,63.14050119102123
1795,60.52944876744439
1796,74.23612203685161
1797,33.53171427199794
1798,69.1881565962317
1799,31.86769014263955
1800,28.409213868739137
1801,45.47464619313224
1802,54.65728365481595
1803,34.837828187455656
1804,33.67621836043588
1805,68.67327541807185
1806,30.888285632691385
1807,33.985723106899826
1808,48.5865964728077
1809,81.98808383960682
1810,49.77451942952071
1811,25.881060116622823
1812,49.460960450749546
1813,47.10435549305257
1814,40.10107990774443
1815,27.687741967527078
1816,54.25474191002114
1817,36.468536558660574
1818,36.14530024953907
1819,26.900667761619612
1820,64.10260279800487
1821,61.67473899804337
1822,72.4691459052681
1823,38.28872504586539
1824,39.891194700944226
1825,26.483777811768483
1826,29.903995016076998
1827,27.584088626166483
1828,49.424882467139156
1829,71.34833273271389
1830,25.72269892181103
1831,29.50963677390439
1832,38.959995691133756
1833,35.355818106599486
1834,66.7079051441455
1835,34.388255636565916
1836,36.42953200553445
1837,75.24048633282914
1838,61.9784903047691
1839,45.435020983069194
1840,29.844811835213605
1841,29.977502614204127
1842,41.69147837486008
1843,40.405876627794115
1844,52.556490487413
1845,60.58999996956444
1846,31.1542610707762
1847,51.92066576057562
1848,61.28696814575882
1849,51.3762460495619
1850,38.15059945650705
1851,67.1720416489458
1852,70.4950675319293
1853,30.551249009188272
1854,58.65299180710562
1855,35.88419461627584
1856,64.80301067880157
1857,33.994143475312356
1858,33.599134313519656
1859,47.67387688649622
1860,33.77717949288432
1861,67.7148381629353
1862,45.05508132246952
1863,56.440997961073606
1864,51.19638289567802
1865,67.65233394116709
1866,67.94501096451042
1867,65.92321208733203
1868,67.34062768128281
1869,31.488497836285568
1870,66.12017359940174
1871,28.521694059740035
1872,36.848122278157945
1873,76.36560353098687
1874,29.88365617753826
1875,37.046445724675706
1876,51.33439412306985
1877,33.90095098996645
1878,35.874475818873854
1879,44.88691413596459
1880,69.65573786014534
1881,42.10681335418121
1882,30.462117111680193
1883,36.320314634110545
1884,65.915004648754
1885,42.395745439864434
1886,52.83199296136443
1887,30.939384845294406
1888,31.227554515651413
1889,33.89504624944058
1890,63.36277673754922
1891,63.1048747670499
1892,75.41769275418531
1893,34.71832196410185
1894,57.38863434617916
1895,28.062757363734946
1896,65.71564463489696
1897,37.90810321345753
1898,32.01837218454389
1899,32.913763401599795
1900,35.316226034421966
1901,35.09084819074691
1902,34.715052015808
1903,74.09917155840351
1904,21.16829073707691
1905,36.41958110792357
1906,42.03684501474772
1907,62.35567513005346
1908,51.81913924793221
1909,28.017619463260893
1910,68.48401510069255
1911,54.47421946561781
1912,41.9378093217201
1913,60.460506159565014
1914,33.22991982740686
1915,77.53437669914814
1916,58.47106849426282
1917,49.861286157340764
1918,34.46887707488501
1919,26.086001211537393
1920,65.68439490710266
1921,75.74605838069103
1922,62.769227099645086
1923,27.7286250518181
1924,42.596448790283276
1925,59.057400442416046
1926,76.67954288838214
1927,28.828563832396863
1928,57.93784666418766
1929,36.45517225190275
1930,42.97515165524227
1931,42.88352198113596
1932,40.90154425887466
1933,28.018481759617757
1934,30.892287521790692
1935,33.29577974694744
1936,78.06339511035415
1937,30.356254863784404
1938,57.163694040824254
1939,61.62236576540134
1940,78.61495391421442
1941,74.51144991423281
1942,35.624323710196194
1943,28.538376520779707
1944,34.22317387690829
1945,30.59752622892593
1946,33.28929286143949
1947,52.74058608762143
1948,50.819159934990566
1949,71.16845553834881
1950,28.255044096930664
1951,36.95458191128215
1952,27.18728023688834
1953,41.29937332716821
1954,69.38982755263314
1955,34.68245929950522
1956,29.550007994403522
1957,85.21656498559923
1958,31.360340986389176
1959,40.250332052365394
1960,28.706126139956897
1961,34.51231789581604
1962,61.80895005411075
1963,69.37087211141456
1964,29.726378332979834
1965,72.00842690846625
1966,27.568577323483556
1967,47.17793044723729
1968,37.477733860187726
1969,24.75788868544618
1970,39.574645265552604
1971,51.525476247306294
1972,59.392776742600525
1973,42.76293845127438
1974,57.660034823041315
1975,60.341793712644154
1976,32.73863143404245
1977,30.162658920827962
1978,53.36647640582159
1979,70.50386583494682
1980,49.339669616318794
1981,22.185567599389117
1982,68.84734378301951
1983,32.460700634874456
1984,34.184463729233684
1985,31.464735597473215
1986,45.28203037671995
1987,29.391468772633058
1988,30.338470866611072
1989,52.535929015250666
1990,42.36054688373889
1991,37.41718144193136
1992,32.36669986730015
1993,57.517863184162906
1994,47.08116107132752
1995,43.17961989570974
1996,71.33939483121199
1997,71.28618890016891
1998,29.587637324657102
1999,45.00974974842447
2000,53.6014843290574
2001,34.913164616359495
2002,66.8010018395756
2003,59.66545265910104
2004,42.6885113025127
2005,46.51108576113347
2006,74.6912239925852
2007,40.50081379962481
2008,39.070390251314194
2009,48.20697589877581
2010,30.0571081157356
2011,39.45524882755264
2012,36.36250655425342
2013,72.448856146659
2014,65.92006184442273
2015,65.18449948517343
2016,71.92738680535332
2017,31.687637474722486
2018,62.82865782923753
2019,51.92642366799122
2020,27.369571126309307
2021,70.82407025959026
2022,68.62557319617463
2023,51.77418299690396
2024,70.36126140035901
2025,79.34616416703828
2026,37.79896307850523
2027,30.28626116768641
2028,28.8376999371347
2029,25.748408459473634
2030,34.10925289532419
2031,38.502195810967834
2032,71.09955969498117
2033,45.837580565257525
2034,62.26233849375819
2035,36.55951788478819
2036,33.25494105254162
2037,61.23947149962105
2038,56.50749417044003
2039,67.29578864202847
2040,61.19147610087385
2041,40.69181079828905
2042,67.2747855404455
2043,71.27939132636695
2044,28.320529698470903
2045,39.898756253242304
2046,87.98335059699453
2047,34.682383946951795
2048,37.27028238803238
2049,69.68688648036482
2050,41.74087628968124
2051,44.026210630735704
2052,36.879077565950055
2053,39.98047639948917
2054,68.47276098644281
2055,46.41924229502488
2056,66.38737968490204
2057,42.16239112436405
2058,25.604118793094425
2059,50.739367047648756
2060,59.52476154701941
2061,52.402993384684926
2062,69.15050441588956
2063,76.73173137379001
2064,69.56481191272498
2065,73.48898679817597
2066,65.67056835858648
2067,73.91585512585773
2068,29.687124643199443
2069,34.80117323336722
2070,67.30166922488819
2071,52.31286556836556
2072,63.97043810729885
2073,33.518525610784366
2074,72.81920851622033
2075,53.70345370210783
2076,30.56026775025898
2077,33.22162157811117
2078,79.72897952137237
2079,37.03075999526591
2080,71.70679958103322
2081,40.60044963747234
2082,32.81128293934076
2083,32.873297091047114
2084,69.21918358795614
2085,41.713373523380355
2086,63.87056887604041
2087,26.473999810120986
2088,61.24222734029118
2089,54.8454518835569
2090,65.1210003625471
2091,35.13030839735603
2092,45.139148566250284
2093,30.55486360889236
2094,33.31000778880425
2095,31.14294619084262
2096,80.26600549677332
2097,29.829477583123477
2098,30.89048152171086
2099,31.658862514767787
2100,30.887261294514357
2101,50.79266079082721
2102,34.93637456401353
2103,35.932193000753074
2104,69.15968248593106
2105,41.632244084490594
2106,58.91626898098906
2107,42.73886218509134
2108,44.81423821473781
2109,63.30760184296721
2110,39.345914564226746
2111,27.08839188687037
2112,29.968317740138733
2113,80.80494098361842
2114,51.03251764392873
2115,29.93879729338649
2116,48.72088350333204
2117,54.4219765456168
2118,66.04320172903235
2119,31.22354980650185
2120,46.905183941487294
2121,32.13526041165886
2122,34.17278288644282
2123,35.84671497126184
2124,68.38458984428281
2125,38.5428940628353
2126,33.455264942016534
2127,63.95100832101483
2128,37.98527267303175
2129,70.09210236718202
2130,63.00078013134327
2131,47.26101003312445
2132,33.11943821098376
2133,69.41464698912368
2134,29.124278480085255
2135,36.3618187740431
2136,42.76677982009833
2137,56.859002300246004
2138,61.091816840033175
2139,74.83179643377831
2140,32.84056597002163
2141,31.94104537621728
2142,28.88140003413273
2143,43.55209531375456
2144,60.87727629164854
2145,37.47727499243248
2146,73.65570042800654
2147,34.8917534799091
2148,63.195411941343636
2149,71.18181437830003
2150,48.41030564822639
2151,48.4243489696349
2152,60.14822274222656
2153,74.34041652699462
2154,79.2159453388197
2155,53.8359956362154
2156,53.40995728139627
2157,49.320324823800775
2158,70.88464486554383
2159,66.06350609903751
2160,34.02284383250294
2161,33.209393213164596
2162,34.23681429403699
2163,68.59184533180371
2164,33.56803047275169
2165,49.442035823270146
2166,33.7688271459603
2167,40.35890689969235
2168,52.50784051002406
2169,32.19758701555195
2170,28.34232051604301
2171,69.68154099042687
2172,55.6426114505019
2173,34.78617210038555
2174,40.786201881834046
2175,45.10023050317474
2176,67.03486299887507
2177,49.58354581244389
2178,68.65718872755173
2179,29.131559181803755
2180,31.419920052135225
2181,47.26204568252081
2182,38.07033000274281
2183,40.28163025974699
2184,67.12321434169971
2185,41.319731955367764
2186,31.041576540190484
2187,60.96928842122726
2188,35.08145692802946
2189,31.54715672725903
2190,69.50715696732094
2191,57.41164069000991
2192,31.86446828508724
2193,64.85385251378113
2194,53.72409320306485
2195,50.15593520282882
2196,48.718651477045036
2197,41.080124456758334
2198,31.120638462758595
2199,69.6656411024534
2200,37.67136767810359
2201,31.815448250970448
2202,71.7850707321225
2203,74.7193327757111
2204,24.434948201098166
2205,47.55845428162003
2206,32.31751091112733
2207,26.89393382620524
2208,74.28550433049966
2209,31.613576682636733
2210,69.22946777619926
2211,71.03267725370948
2212,36.488339642347015
2213,32.31771796287872
2214,46.156454048741296
2215,37.95884118062769
2216,32.26079863079077
2217,51.32765891780587
2218,69.92832849992446
2219,35.54435793003433
2220,79.02009417211443
2221,32.48577342554105
2222,28.301045347040937
2223,24.810404817821286
2224,69.31976585042163
2225,36.6529359655671
2226,27.605295292663985
2227,42.576683717620725
2228,30.89385751771062
2229,16.31350871726157
2230,67.37311699120252
2231,65.82238245838116
2232,70.1536432785031
2233,30.008067393899367
2234,53.79842451867601
2235,45.586108076124304
2236,54.67962123726459
2237,51.56207901841701
2238,32.349713198973845
2239,39.220813758286525
2240,49.67171900188229
2241,66.02248538088318
2242,30.4724987806528
2243,52.71627078696931
2244,66.36485962581227
2245,69.55963598494682
2246,56.873883866267704
2247,39.21760288158613
2248,28.86389761421955
2249,68.32366498212974
2250,30.41235688801398
2251,30.016493564828444
2252,34.72636450239873
2253,34.145680379641234
2254,62.78653602499782
2255,72.36918806962835
2256,29.314345841565864
2257,32.77420059935449
2258,38.964230565036424
2259,58.31816504279286
2260,49.332460286199606
2261,56.913271725153535
2262,66.93245775555033
2263,61.20490209964949
2264,35.01519375655416
2265,68.50641010828632
2266,70.02803610630063
2267,27.428644882451177
2268,28.569967446534903
2269,33.71125113355393
2270,35.05225436721034
2271,69.32503227385644
2272,41.346721032364
2273,28.131595928600973
2274,32.601349485890594
2275,34.39886719031376
2276,51.94985585442921
2277,33.63372312749935
2278,34.326427109639475
2279,57.5846441267703
2280,69.19682884051028
2281,40.676944759459
2282,67.48296534501996
2283,34.59274364551213
2284,35.70164374370867
2285,40.60275659480281
2286,46.67617617451305
2287,30.386619177656506
2288,80.02409118885807
2289,65.85424303748273
2290,20.202960093710356
2291,74.68352288090662
2292,37.945159950433236
2293,39.11525924291633
2294,64.04457881057239
2295,36.205050783184575
2296,32.13756115672155
2297,29.826928844236324
2298,32.533459762694946
2299,32.9258570990679
2300,64.63114008135575
2301,68.14070146042522
2302,70.15397886971333
2303,51.16432006883948
2304,34.67832722635181
2305,48.084710035065
2306,36.804431154759314
2307,24.461268478035134
2308,27.476620861970677
2309,22.58046468252396
2310,34.18661280460949
2311,59.50312960955171
2312,56.08644467760647
2313,34.26680048020262
2314,43.8469917772213
2315,67.48139494971092
2316,42.034981028499324
2317,32.29245286950015
2318,67.38365332178108
2319,65.14711919559065
2320,47.00242184792501
2321,33.19516667212538
2322,36.71430856169394
2323,61.25187708837921
2324,56.33116063403637
2325,47.069214522107124
2326,31.752343889314083
2327,26.532393272330545
2328,70.0582467438085
2329,66.29849790238693
2330,63.31113333484511
2331,33.17551216253934
2332,33.42930304188777
2333,75.46792797828834
2334,39.83328066465176
2335,28.16466711840604
2336,48.23453569101175
2337,29.425193712673856
2338,26.19754283396355
2339,71.49879111401329
2340,31.924104312165063
2341,34.65289154727431
2342,68.03447402337675
2343,58.67396598228895
2344,60.30933257531507
2345,50.99435115884923
2346,53.07990499484101
2347,27.746999658396895
2348,31.04220116427194
2349,66.3133707333329
2350,30.425552318941048
2351,70.80556222217648
2352,33.303083756781355
2353,29.931551520140903
2354,39.29438537701978
2355,71.64556108565112
2356,55.90208259091691
2357,37.40425893031033
2358,66.56772957516857
2359,32.05042973815178
2360,27.982712975377197
2361,32.73611228478264
2362,59.4456820796087
2363,28.037287665082303
2364,27.067086076616512
2365,27.721157375498493
2366,61.902669227853984
2367,55.08807146962508
2368,80.50721867625995
2369,35.874779694990806
2370,64.03514180072666
2371,42.38445834233954
2372,29.661737177110158
2373,74.12732703115002
2374,64.00220744514586
2375,49.65398572099514
2376,27.360433270087555
2377,31.011909080815276
2378,48.836264840289275
2379,73.66476415975973
2380,74.29884934325159
2381,19.187945418039863
2382,31.9235617899322
2383,35.58424200214534
2384,42.61627393534417
2385,62.42603017713206
2386,72.86241326081523
2387,31.858566921309283
2388,39.03325227040427
2389,46.721566354955165
2390,38.213271719116634
2391,58.14237768615065
2392,73.82925543175885
2393,42.02821356565377
2394,62.84790137137847
2395,52.03864325755676
2396,41.12638349716132
2397,29.637647661690895
2398,31.09901127066017
2399,50.63034586457639
2400,29.36534505380663
2401,33.562529655515235
2402,67.0096318186607
2403,61.454586960656165
2404,48.41928972630453
2405,65.65211916027448
2406,31.48918225181586
2407,67.22404385785424
2408,60.501464087425994
2409,44.75131273473933
2410,68.17188757982072
2411,58.32297215415332
2412,30.580348802305032
2413,29.57471781894945
2414,35.75382652135864
2415,33.18094951986661
2416,42.31020713292444
2417,27.72968790321628
2418,69.98679323661959
2419,51.306496771184605
2420,51.53592218727754
2421,72.42583340008949
2422,33.80595370064969
2423,62.33863461162933
2424,69.56398651555592
2425,69.20132109587587
2426,51.235768251283076
2427,38.45142369966602
2428,59.75298117255057
2429,43.43497149710368
2430,51.59270138504725
2431,98.56330773179471
2432,88.60010855320911
2433,33.05323715415704
2434,37.6648289067073
2435,49.817002306928835
2436,57.427848429062045
2437,25.750319817493104
2438,72.02234600273552
2439,55.45071961564019
2440,23.90863123595765
2441,59.61331836068844
2442,35.23640872487525
2443,37.99142412806084
2444,44.500977416007
2445,31.981330741698702
2446,74.54878094153264
2447,72.99945873229805
2448,35.81793361946284
2449,57.75535054119965
2450,27.597435159968924
2451,36.16834312205208
2452,66.0037901685647
2453,28.08088509696419
2454,41.04602527483064
2455,30.659590239122945
2456,49.47636365912896
2457,37.37836955598146
2458,52.22890749949606
2459,35.45383541861061
2460,39.1479489911614
2461,71.11224551676861
2462,53.79485426060886
2463,54.765873225339
2464,47.636154549137196
2465,31.15021570463993
2466,71.00741365489952
2467,34.032828515691264
2468,59.950691329737495
2469,62.161118262318205
2470,81.04962091850784
2471,61.70610895038214
2472,29.023227950954524
2473,25.665725676764147
2474,29.316766798913505
2475,58.88587221263881
2476,32.474349135168225
2477,70.43919017163574
2478,69.0260117126003
2479,29.834058321604633
2480,16.252448848010552
2481,66.84543422641725
2482,27.999358124862145
2483,30.179833001788417
2484,33.21640886770301
2485,27.252223171070113
2486,65.26673752621815
2487,40.3554621920682
2488,69.73886537429829
2489,34.30655431036827
2490,29.65256741361399
2491,51.65924603051428
2492,41.20141836502817
2493,72.24771009450302
2494,51.45147357277839
2495,55.25582405089931
2496,47.11625057509791
2497,72.37681605261409
2498,50.63562552404407
2499,30.452835060954445
2500,41.492633479346985
2501,38.00128500857188
2502,31.96184812009725
2503,28.905671972680835
2504,60.89226384261076
2505,79.79427386489235
2506,71.43399125635304
2507,26.52239030374688
2508,40.98432017514065
2509,58.67656899713765
2510,70.08792401850498
2511,24.911960397486613
2512,52.20363151394624
2513,30.382714164061976
2514,30.80439306739508
2515,30.28792517241786
2516,75.19313172303214
2517,56.03216505727063
2518,74.00573214003117
2519,59.3313510425555
2520,39.80802535761779
2521,37.43658756173744
2522,34.81516487860566
2523,30.28742999218161
2524,71.95930488061674
2525,33.195936183602214
2526,27.0942801905547
2527,29.922709500430713
2528,71.69374164740418
2529,42.43551294581936
2530,70.15788499871944
2531,67.5493019709703
2532,38.20360334316139
2533,68.331764579922
2534,29.56873237613454
2535,38.66340790436689
2536,31.590409290214204
2537,29.45413378840973
2538,31.468436613471344
2539,30.185538330020396
2540,33.69562843196752
2541,48.16583793081621
2542,25.690900798301534
2543,25.96738008203295
2544,34.01900598176242
2545,68.84884770556314
2546,23.561236609170706
2547,77.01255326050223
2548,56.38018000397987
2549,32.371995076745115
2550,42.77604116938091
2551,36.76625216383227
2552,37.09576768132696
2553,34.43215158064126
2554,35.730936338558685
2555,83.67778991372984
2556,41.175744145982186
2557,71.71666616891498
2558,67.88198584282091
2559,56.914658771607414
2560,69.31888485185401
2561,37.79932930689721
2562,58.641504078582194
2563,70.97008632783849
2564,22.40159653998471
2565,64.5595504802935
2566,41.39492957031271
2567,30.719674518763753
2568,30.58178136516015
2569,29.839756589371394
2570,29.805034892628864
2571,33.024161075969886
2572,70.26102133417211
2573,61.30211710240614
2574,71.89584395444746
2575,54.89230349538184
2576,31.094192147363064
2577,65.69918009177253
2578,64.19662406604017
2579,29.22023230714311
2580,32.398036013011854
2581,33.44941297134618
2582,25.60299897616571
2583,55.11347594605428
2584,74.5369991462338
2585,48.876596377927534
2586,65.05101064260464
2587,83.25841288892356
2588,67.73278932385566
2589,53.43815512057719
2590,26.4229729441682
2591,64.96311762296911
2592,29.175524483099295
2593,71.3142876937587
2594,65.84386006473969
2595,61.339791602934525
2596,56.78219412306794
2597,55.36852275744239
2598,41.54059044086496
2599,27.04959642152839
2600,46.75869457986514
2601,31.816858518192436
2602,24.70454296599428
2603,62.92161702914697
2604,38.08173222578102
2605,32.312044592158614
2606,55.65917491090657
2607,67.06141347213402
2608,50.35477891958909
2609,65.51109974299551
2610,39.61204668137184
2611,60.26894391812522
2612,71.04525207910523
2613,35.957582193467175
2614,49.265267579426244
2615,27.206067845258527
2616,29.991273153181215
2617,9.072054086579278
2618,68.63477103918231
2619,53.8213468482373
2620,62.03485610960877
2621,70.88609249915436
2622,60.334495898911
2623,67.92640331441709
2624,43.97306252491502
2625,35.19945131944174
2626,34.145666748938446
2627,32.15261375523545
2628,66.93101342601605
2629,35.80836512226173
2630,35.367586078046344
2631,34.86693494933492
2632,68.77917472793546
2633,33.535568354889165
2634,52.75568162126099
2635,67.83454863551881
2636,59.57753593579161
2637,62.71038534726888
2638,31.201213155939605
2639,34.97055874276964
2640,60.28896902823304
2641,29.598588060365515
2642,36.019765632657254
2643,45.857655419507445
2644,70.62137047481683
2645,31.124592592135624
2646,64.55294603745863
2647,45.55246201402188
2648,59.518467867032165
2649,32.02700759772578
2650,64.26360029243654
2651,32.121442697978736
2652,29.227228276797504
2653,29.06142184012633
2654,27.67010089818371
2655,63.48930680743969
2656,73.83304903538932
2657,63.51779672270152
2658,62.948709549909715
2659,31.87489481813564
2660,29.403768038080734
2661,18.315916735809882
2662,54.57448542683252
2663,70.09553622006842
2664,69.14329041499184
2665,49.230917205257775
2666,69.3136392558923
2667,33.855192763686105
2668,37.400447955853764
2669,41.30310605571133
2670,34.07791161713617
2671,56.00606651789274
2672,56.842077611863004
2673,30.827307907281643
2674,73.95687099615049
2675,47.11946373886092
2676,46.49109954763444
2677,73.23187148788394
2678,39.96798719718222
2679,63.28026569720653
2680,26.45952141841487
2681,49.934534964029766
2682,34.696112503295424
2683,31.098901072178812
2684,61.5958068145484
2685,75.44946077156236
2686,33.81834426630379
2687,43.94359109658626
2688,36.16772830991519
2689,67.28196451493471
2690,63.39719364848747
2691,38.77440443059206
2692,37.08322915142023
2693,37.49435404321879
2694,56.560695113487206
2695,28.116138502951394
2696,66.07132525456214
2697,54.514916050950944
2698,70.91913693295389
2699,38.9835626643916
2700,32.47722978225788
2701,29.472434540769836
2702,40.570002313814925
2703,52.05028743166765
2704,82.67174120753279
2705,95.13546513434136
2706,51.377215851766856
2707,66.22904805445492
2708,34.80029990630098
2709,31.611567898395858
2710,62.35010561490222
2711,34.21841222660783
2712,39.622390842129434
2713,48.55240738381549
2714,70.83066609266552
2715,69.10460051580125
2716,67.37026190265338
2717,23.366308773731657
2718,45.676815638080825
2719,22.506412313243118
2720,32.15652935513924
2721,31.851632967919272
2722,66.83209229047242
2723,29.262412009513774
2724,71.32447681126624
2725,37.23739141702566
2726,69.01911397765528
2727,21.15115360463391
2728,46.642444509310195
2729,44.9302552431833
2730,33.91684218307689
2731,35.86876019067309
2732,47.7414177361655
2733,38.765285264166664
2734,31.024804902739085
2735,73.29388267310463
2736,69.74265124835726
2737,40.34080631652181
2738,25.65393811401808
2739,72.65157279121678
2740,65.74879585764566
2741,29.11082045602934
2742,45.86990522120921
2743,39.38238775921999
2744,49.36628952469962
2745,47.51569608762861
2746,42.349935068565856
2747,73.15230936167006
2748,54.8052222337162
2749,43.23006819820945
2750,47.503334912050526
2751,70.37603929764926
2752,54.95830620826918
2753,43.999807805426386
2754,38.74032476945213
2755,58.21431213117965
2756,27.371188942934047
2757,68.09942045709684
2758,68.80062735762843
2759,36.194344981728236
2760,39.0448541608323
2761,35.91520933107205
2762,40.14692345793218
2763,26.959274532828033
2764,63.51323548965857
2765,67.13923413833723
2766,73.9602479384543
2767,79.83710789094528
2768,59.73259118998681
2769,34.004475158919014
2770,26.88285811946006
2771,29.976903262862155
2772,52.40038875990907
2773,69.24278302378981
2774,40.586675688286505
2775,37.521155814485894
2776,68.8140907180662
2777,36.691291565817984
2778,34.691432853785045
2779,66.60338006639756
2780,33.79621931028044
2781,70.69639645042221
2782,39.07475452476917
2783,73.62961022586727
2784,64.89315224725715
2785,36.79113628626668
2786,72.30331860330745
2787,70.69702769539414
2788,32.81595890415632
2789,75.59569788205323
2790,69.78978273791896
2791,46.46505973732314
2792,40.23116577937847
2793,45.815042453851795
2794,70.5638701270012
2795,39.41047928408341
2796,40.94287464072981
2797,29.792418062211063
2798,28.423963961572838
2799,74.51353182456322
2800,45.974722606663974
2801,51.96535519367549
2802,48.38496238492955
2803,68.38612289890438
2804,41.422602366134164
2805,31.938640685206952
2806,84.72057141045471
2807,37.93350395918299
2808,39.84789472820467
2809,59.53090227975579
2810,36.29975164957167
2811,70.5472645429486
2812,32.864422877729744
2813,71.36021157210249
2814,48.69033101077206
2815,31.721971078339333
2816,66.05944154717152
2817,42.04771059271308
2818,35.574927938035856
2819,32.10355691465897
2820,64.88361854561083
2821,64.65884173787428
2822,29.7438385155126
2823,40.46046915150975
2824,27.338431681301916
2825,32.378427894903815
2826,78.86091450785105
2827,46.315888918721576
2828,38.03089105165445
2829,69.61791815725317
2830,32.781677169350765
2831,67.01108781754242
2832,67.64513979245888
2833,41.05149292422294
2834,73.11896548967988
2835,34.7137557262629
2836,30.312181585892603
2837,68.95760000085926
2838,53.68598103383671
2839,79.8627658068406
2840,64.72066995419799
2841,25.217999196098802
2842,61.350390750406255
2843,69.6425143815937
2844,32.663109568050544
2845,43.425274669226354
2846,51.1624731996242
2847,68.68058968726136
2848,48.50951724476124
2849,63.56388541521237
2850,47.83194496683639
2851,65.81373746557695
2852,58.75536154624407
2853,38.04201153852127
2854,29.28500349323143
2855,52.5827713930291
2856,68.51021787954662
2857,63.893144866497934
2858,58.58052508952959
2859,35.17243228668181
2860,38.99425194759449
2861,36.04688625693562
2862,30.694080155900057
2863,61.94595052305318
2864,35.250886994323
2865,25.482726400548543
2866,60.879625650633
2867,28.52625380766694
2868,54.782919428020094
2869,33.18498030121079
2870,28.370287265313653
2871,31.53944210445321
2872,73.57697245936403
2873,20.941162755342592
2874,72.09584844954969
2875,39.12182250731313
2876,35.66943544313655
2877,37.440327749691406
2878,63.25394248010303
2879,61.494246647470064
2880,48.80846033535708
2881,55.84871849709185
2882,76.88169802752995
2883,42.03115189945595
2884,77.21898454799106
2885,52.20050586984033
2886,31.367353015138132
2887,33.49824297213017
2888,57.681897780769766
2889,29.05884788299589
2890,37.895621675992246
2891,50.785435826251046
2892,32.54337635953037
2893,76.07607788733463
2894,32.061551095187504
2895,46.86452479595763
2896,34.22090539738557
2897,27.79412544687298
2898,63.942662647734146
2899,40.2813744904733
2900,36.243473850987314
2901,32.5863805999399
2902,33.33888917154643
2903,76.27468986751454
2904,32.88237299478518
2905,56.92708732184911
2906,44.23597031330335
2907,39.69227761483437
2908,57.80335418763602
2909,68.19358561997751
2910,42.4191806864052
2911,63.92889722530794
2912,67.64977727994767
2913,38.94567441750628
2914,41.782981316168936
2915,66.50394457575943
2916,46.24622560804218
2917,27.568367032683167
2918,27.89023210066373
2919,38.69120862242068
2920,27.50355808626835
2921,22.009861701328
2922,21.97456030133695
2923,59.59683578849749
2924,31.80287684249691
2925,38.7259917605007
2926,27.206506605610087
2927,65.45928035586785
2928,38.952136731104325
2929,34.520234445266
2930,45.360145813377684
2931,32.44138782251172
2932,30.466786762875515
2933,40.21441857321521
2934,39.47062219320675
2935,48.22742799326987
2936,75.30857198314239
2937,27.26681766305057
2938,66.08615946227104
2939,36.251610686766185
2940,32.43068890618122
2941,30.44680392574057
2942,59.67090878000754
2943,35.3650068865776
2944,73.30038351027736
2945,67.61474095820685
2946,52.23986555810268
2947,30.36194096128963
2948,26.930448082626167
2949,60.05759552308123
2950,32.766193365254246
2951,35.93323717151813
2952,68.27255158101408
2953,30.999642296852258
2954,44.59008157284414
2955,34.92366994699821
2956,52.85157261564406
2957,65.97732737082711
2958,26.852284693543545
2959,26.57167980871771
2960,41.02789721427007
2961,47.792252680741484
2962,75.71078429780894
2963,36.072441155752806
2964,30.526847263796476
2965,68.32345951333323
2966,86.72461744228028
2967,31.186786168337417
2968,48.28034409329068
2969,33.69282185944988
2970,30.284635035193293
2971,31.3728171454323
2972,38.78318489690329
2973,33.2060647592497
2974,31.784046831119753
2975,35.043483138794485
2976,33.42720448463959
2977,40.614629787199945
2978,28.38575727229156
2979,31.908319612928786
2980,64.14264105579663
2981,68.6778876855295
2982,71.59978450737653
2983,64.03315645387134
2984,37.876293279502974
2985,44.10231498037105
2986,50.58499086113592
2987,36.84118212344387
2988,72.23252940064478
2989,72.66679519455002
2990,69.36930546544255
2991,29.117472914079684
2992,71.48254097872548
2993,44.910270854314874
2994,68.99611289075168
2995,32.45552021156617
2996,49.263833760556146
2997,35.61661762413777
2998,72.52787917007657
2999,38.74042941946351
3000,77.72515655356143
3001,82.67758730133633
3002,48.59237891779466
3003,32.44202117018437
3004,37.89853560147738
3005,31.08077276989178
3006,28.12716218944988
3007,74.13525136838263
3008,32.99096941346182
3009,32.00380962782127
3010,39.99054908713459
3011,74.27750473062136
3012,71.1929989702402
3013,63.14181062254456
3014,35.69706908703552
3015,68.19597768506051
3016,71.34157516126025
3017,70.39995970999414
3018,34.64676124887001
3019,32.78759536248485
3020,36.50546036714908
3021,35.44645373101001
3022,55.276751698739886
3023,49.312205254904555
3024,70.25500070906648
3025,62.81307153155517
3026,54.878966862893144
3027,30.868097494540763
3028,40.35056325365498
3029,47.64657420312521
3030,76.34570333123838
3031,31.57382728105771
3032,42.99941982022351
3033,25.44230136481393
3034,57.550977598553985
3035,67.44110404522151
3036,64.44779852706154
3037,32.29166170529511
3038,68.7694094861375
3039,27.072508578579768
3040,65.42998639311307
3041,75.0765375353881
3042,32.94205028782082
3043,32.21694356648932
3044,41.27895811905877
3045,62.28139360506108
3046,43.22619824243542
3047,42.79749093536276
3048,33.33538222653999
3049,31.174370691903047
3050,26.838977729268507
3051,35.426861266647634
3052,71.78909633725874
3053,44.80485900376236
3054,60.878589095470744
3055,73.8322133912343
3056,37.88460661899827
3057,31.689610340985592
3058,35.71058436856379
3059,89.20015162766367
3060,49.858054168355515
3061,71.53534531630176
3062,36.38514442943088
3063,29.125617661215074
3064,29.704171681592175
3065,77.23752419916464
3066,32.84668595119801
3067,66.17735203944082
3068,30.535931820552136
3069,34.47788908169073
3070,27.113863999385327
3071,32.830742923357235
3072,65.80367114733828
3073,29.466682147646868
3074,57.50585905023691
3075,32.6209965619089
3076,46.422171887005284
3077,48.037188175988184
3078,55.03551617591293
3079,67.0893807386575
3080,28.844599908503277
3081,29.777604548270016
3082,79.17871904455149
3083,60.57500686786315
3084,59.309115762527156
3085,37.95013394394604
3086,30.825553549000023
3087,26.65261268003875
3088,41.533601401546505
3089,42.548142715035134
3090,56.42959180848636
3091,60.58146901464836
3092,34.244033363545924
3093,68.67052949514778
3094,31.875030449157606
3095,59.21292754019243
3096,73.2500778217122
3097,36.091877021005324
3098,33.88403178891754
3099,57.19762547054288
3100,37.55430861709497
3101,69.84234911983124
3102,33.429550260704154
3103,63.130086945526365
3104,40.40588835544794
3105,36.33496322998605
3106,66.22729616760158
3107,46.45988773692408
3108,84.532276959678
3109,70.23789055851225
3110,65.8360181648984
3111,69.49371695295065
3112,45.2241086366466
3113,36.826132122168985
3114,37.61177408357414
3115,25.491249652188205
3116,47.066183396284
3117,37.206339551334395
3118,42.98714932436595
3119,63.753804502604666
3120,55.1165760201794
3121,48.5168654610417
3122,46.70249700277785
3123,31.688929196233815
3124,54.14303015206873
3125,44.281472770789065
3126,31.41837710726886
3127,34.902858173117565
3128,35.99809282536015
3129,32.22812054030386
3130,28.272904784317372
3131,50.484446136009204
3132,18.78435538951358
3133,75.07427635301624
3134,71.18680819342867
3135,52.55238377946468
3136,78.92984618237327
3137,34.59051209684333
3138,31.87727142911156
3139,36.072195622382324
3140,21.0069394225007
3141,65.58146619707924
3142,56.016651414858806
3143,45.84981888073063
3144,54.22377020947611
3145,25.844425677464308
3146,29.820186003253724
3147,47.365947068805
3148,27.2588667049555
3149,42.023540253632326
3150,54.96068267038022
3151,35.73859894624062
3152,33.86189151692231
3153,34.55969004150553
3154,36.07660540968724
3155,59.76986701328589
3156,29.728018368448385
3157,21.456980910161707
3158,33.0017786806268
3159,40.48361781049928
3160,70.9083912093011
3161,34.25389926238222
3162,61.344046419688496
3163,54.18300189793187
3164,21.8820891114317
3165,52.67410061403188
3166,69.83466354242361
3167,39.53802157940401
3168,38.587388767608104
3169,26.285950962089135
3170,46.956646536917084
3171,34.37209639002913
3172,53.61680297527914
3173,32.027707710208645
3174,31.820180895513783
3175,52.89117799128735
3176,23.897241468711567
3177,70.97901465131841
3178,41.33085346331577
3179,56.25031950870366
3180,32.2768145801717
3181,76.5701241206369
3182,29.46213798657861
3183,37.525679329499546
3184,28.235687298137528
3185,30.691664198282304
3186,28.08729942097379
3187,71.6468358968008
3188,33.61670340901628
3189,40.12602268487865
3190,66.57434850110916
3191,65.03294049853105
3192,43.40678696738839
3193,81.09791011435554
3194,74.6253009902168
3195,31.461889668494095
3196,29.402546681770975
3197,58.980495461046495
3198,74.89450611994285
3199,77.48945423212189
3200,37.84267246337063
3201,24.220653438907167
3202,25.16986371698871
3203,53.86983295665931
3204,65.27579590961969
3205,58.10667778465287
3206,36.55638839706517
3207,23.846822072677497
3208,32.05943200080064
3209,64.70834424906711
3210,51.234650287129135
3211,35.591662283239465
3212,62.739956428305945
3213,69.6354793148377
3214,25.931999764039425
3215,30.406864559040596
3216,29.939965004153937
3217,44.59073647225389
3218,35.99564763964748
3219,64.79609227949118
3220,72.62934729583176
3221,65.09736673666097
3222,35.13744456210908
3223,39.39798928482629
3224,35.29398426720261
3225,31.27266177937253
3226,29.828514313983405
3227,61.51576654260505
3228,73.53539831760374
3229,39.026244697483406
3230,32.47328497285709
3231,31.62662767749519
3232,32.81452355988633
3233,68.34187227981296
3234,34.25614137305943
3235,42.4407474824755
3236,47.890746341394575
3237,62.700455052931666
3238,55.24309236492424
3239,27.807611537279755
3240,29.82835417725207
3241,29.883822492268976
3242,64.24166035653049
3243,31.344080614192237
3244,29.971546479932787
3245,33.4389113219334
3246,73.59839283064859
3247,53.57639148772775
3248,60.134779676682115
3249,64.28394742665476
3250,61.65217170109433
3251,63.6148826012339
3252,30.45169982788095
3253,89.22476722995805
3254,68.81901740339234
3255,45.61599816997837
3256,73.34028170813252
3257,34.96710770630622
3258,29.373057744454393
3259,41.023687095840216
3260,56.638243992980634
3261,34.34880149917596
3262,56.35690911142332
3263,32.01324888697377
3264,29.995106115750502
3265,35.106229202616554
3266,35.249009565273376
3267,58.29345736304768
3268,65.5630629007534
3269,77.32431901595758
3270,66.32091173736205
3271,34.21777711760017
3272,69.81324057248082
3273,31.15081875341039
3274,29.540352362678934
3275,29.635943960478578
3276,57.696457549935246
3277,76.92122865378943
3278,42.37980064685094
3279,28.083288886300945
3280,72.24870644592309
3281,71.96803241611428
3282,64.19077379734685
3283,27.251307599577547
3284,29.896706945483082
3285,56.86419057552793
3286,35.90107669708965
3287,32.197763667374296
3288,33.05458049272046
3289,55.65114783665367
3290,69.02489388288011
3291,67.61583202512293
3292,30.24344091787321
3293,75.06887515041309
3294,50.54062070719313
3295,28.974833893037722
3296,37.048170446371806
3297,63.54958427854585
3298,68.82682434698154
3299,62.155694453298125
3300,67.75954284668023
3301,77.70843405827375
3302,82.67980126846756
3303,28.278806850383
3304,30.158868857381805
3305,73.97752562757832
3306,59.36422413364016
3307,43.750470849445655
3308,26.630459006221617
3309,30.12407265832404
3310,27.097263523953167
3311,66.2900618105163
3312,28.87699987219959
3313,50.62591619324224
3314,33.91793386758785
3315,49.461345333567785
3316,64.82225181168035
3317,60.88133871904943
3318,27.24556259883965
3319,30.169162874880303
3320,39.529231210931954
3321,28.94939036429064
3322,67.83917065678186
3323,28.904473792666426
3324,61.66508310816195
3325,34.05517145602776
3326,48.92439987942227
3327,29.144187650784684
3328,70.40846528239125
3329,66.46625839169548
3330,74.07828866921707
3331,35.56098256521008
3332,52.02172107126644
3333,67.18182573506934
3334,66.04033333019765
3335,33.35829799739954
3336,43.136661524926055
3337,76.65024579720179
3338,61.552605952737565
3339,29.037186808984696
3340,41.71767760996116
3341,37.39001178901697
3342,87.47687352094206
3343,66.39428558594071
3344,73.14039487689908
3345,70.54502883286634
3346,60.130113758763656
3347,32.79340303201676
3348,31.10531155097336
3349,26.69267002758854
3350,66.38547892273233
3351,53.30252260880626
3352,66.6772788191906
3353,30.204489301957455
3354,31.406257146039522
3355,31.58980823829841
3356,68.99257525844142
3357,59.89149819053116
3358,53.40025341279657
3359,38.11817404025071
3360,40.89053248572902
3361,54.685670803907925
3362,57.68840230417968
3363,76.68530900928724
3364,38.74126561382697
3365,46.38119773549932
3366,28.541494731932335
3367,50.80114817981562
3368,39.52497289393311
3369,47.88097287290219
3370,35.67308743717194
3371,32.13655763646511
3372,36.1440904121606
3373,63.447668543937674
3374,21.39333285964085
3375,54.98419683282549
3376,47.21593181233998
3377,76.59805969199323
3378,55.260269163892026
3379,29.024500554740904
3380,31.53459504462638
3381,33.900543966414354
3382,64.39111553418942
3383,28.680590534087194
3384,31.21886802777334
3385,28.90053967017541
3386,28.757991016113138
3387,66.19494676782485
3388,61.837015858110384
3389,31.579866610797932
3390,41.11774982950525
3391,32.95844830710257
3392,28.096979199674077
3393,82.8484546378354
3394,74.21779351571828
3395,62.06045142302832
3396,36.602000843541674
3397,34.10994431318662
3398,32.9903733908176
3399,59.10568736015477
3400,27.678996906427617
3401,40.27211925506994
3402,52.865345147423824
3403,40.797639247568114
3404,60.16286544640785
3405,74.49064313457609
3406,40.206454426200146
3407,30.830209590132053
3408,31.289646443805076
3409,67.60349389971492
3410,56.59892822385731
3411,57.24338657430396
3412,46.61930408726339
3413,37.97164230714295
3414,41.59894466091247
3415,38.946837607129595
3416,73.07513317047375
3417,69.36409546057645
3418,31.03926549011099
3419,28.60796584261365
3420,68.36445203241526
3421,34.52211004471823
3422,52.606163524132306
3423,40.3246689485194
3424,47.71581925449504
3425,33.40537413938151
3426,62.0789807177299
3427,30.00462835436936
3428,37.51103098592915
3429,50.230617233744525
3430,29.769559220816877
3431,65.66707409365674
3432,48.10753808932487
3433,54.084148372801
3434,35.36293123175378
3435,70.7841981358519
3436,43.457497295208704
3437,51.65186405700279
3438,17.597690823755347
3439,73.47404536003395
3440,34.82182728523652
3441,42.941014705158146
3442,30.7555572787249
3443,30.659591296554833
3444,72.20309416576413
3445,34.51417158037525
3446,22.92407410004932
3447,47.30932090233233
3448,56.99615197597572
3449,41.17269175279986
3450,26.70068565166749
3451,34.17777239080023
3452,49.91433627993665
3453,41.790401239228004
3454,73.14103251390043
3455,31.09252794973571
3456,38.936732855967406
3457,67.6472255950784
3458,62.1524909991428
3459,37.47340657441143
3460,29.21487512414151
3461,33.59667079014311
3462,62.35219151915236
3463,71.7321794670236
3464,33.15355703240179
3465,30.290818535059202
3466,87.60153120435963
3467,56.09632345756821
3468,36.87761189210697
3469,32.21089616406069
3470,30.101078588323787
3471,40.99992084749582
3472,54.79956894675044
3473,63.86116691633185
3474,65.47169677082836
3475,73.32437046994777
3476,32.82505958246251
3477,52.842336335464154
3478,48.17388350473248
3479,33.17030792274566
3480,33.07195685980988
3481,31.946644904070542
3482,34.845613021478684
3483,59.21691977762809
3484,25.26721251583474
3485,66.77626656167568
3486,43.88726612282458
3487,25.816744514924334
3488,28.498427758249004
3489,73.26856014713158
3490,70.74758355076169
3491,40.79194324533803
3492,60.31072027592424
3493,72.52407307698077
3494,26.848615252450085
3495,42.14587368601161
3496,34.28563062629492
3497,29.611667420300517
3498,41.37536192612694
3499,47.95440756426964
3500,31.74895403102862
3501,27.973380729078166
3502,74.677906945644
3503,56.80007696609422
3504,32.44180059353378
3505,40.87257798287909
3506,75.31919528753376
3507,28.704713701326824
3508,33.17996763498688
3509,31.4787427928203
3510,29.055629852070147
3511,59.25088929962728
3512,30.87445622368026
3513,26.33035101920423
3514,17.57296680668308
3515,74.51034678370641
3516,74.13046776054838
3517,25.56233776501454
3518,33.19035015939606
3519,71.19491657139389
3520,74.26323695485016
3521,39.780737886650115
3522,52.09786103494392
3523,31.314165161054532
3524,55.21688118160795
3525,31.13545569971098
3526,27.265808303567827
3527,31.648452220016626
3528,29.71805171649015
3529,40.348144956548865
3530,66.45124853316959
3531,29.92998623653996
3532,57.4421971604615
3533,40.98071634050516
3534,25.108225191573883
3535,74.1115801160995
3536,50.022466085744036
3537,27.766991757703103
3538,30.64642130186704
3539,33.16356730781719
3540,40.122993729345545
3541,33.60233774505107
3542,39.008458187419315
3543,52.41346039303216
3544,31.403580985813466
3545,78.88308477163926
3546,61.589690381215846
3547,52.00901074936911
3548,25.448312838579483
3549,61.16330508552951
3550,44.55683391644098
3551,31.783243450340454
3552,36.83352123074198
3553,57.38418328650653
3554,36.270385642985275
3555,49.3202290441507
3556,41.40506377714189
3557,61.191602745758416
3558,73.71111631790019
3559,43.47151554406694
3560,71.58162006337403
3561,33.15359395062906
3562,80.51641967478726
3563,32.8462579078892
3564,36.501741051370125
3565,57.98953350117171
3566,43.31642841267704
3567,48.918005903958374
3568,26.996618350921757
3569,57.64643742458658
3570,45.72173138864618
3571,50.39669348874148
3572,41.757581069818144
3573,55.47045483354218
3574,64.25238335865421
3575,55.16004898751124
3576,58.03212121775909
3577,50.72364801327479
3578,30.646544270414445
3579,34.64486514003711
3580,69.8976859977139
3581,40.69226426316642
3582,30.37294752197105
3583,30.677661507897707
3584,47.62667917632041
3585,30.08617920147674
3586,81.56945805169008
3587,69.66913211534025
3588,67.7496554350325
3589,69.12473486707731
3590,39.31887760225527
3591,79.28184125636909
3592,73.65329057149657
3593,28.31537296236804
3594,28.3013812103487
3595,57.72571532455317
3596,26.02126441490215
3597,33.26620262046745
3598,32.38501967698579
3599,75.69994486084366
3600,69.50054122707874
3601,36.72632330448032
3602,41.13596084267986
3603,68.27238225587024
3604,38.81771674809329
3605,65.7135048806687
3606,31.635264932253133
3607,37.87941027953306
3608,63.36935467815188
3609,37.32132172937683
3610,32.67897639589199
3611,46.23663329133588
3612,59.52107697754755
3613,61.8553831839771
3614,47.917152812988455
3615,64.07987851119167
3616,29.35617761420935
3617,62.62424935073
3618,33.091333096078316
3619,39.62187183335986
3620,58.507272189603256
3621,58.55034109660966
3622,42.506569261899486
3623,56.29357938785031
3624,45.884266165406544
3625,30.16337970857784
3626,43.13550287239642
3627,54.800680768882344
3628,29.40325819364529
3629,65.91233594306765
3630,69.80300588456248
3631,33.029201440851125
3632,45.645900253444346
3633,22.700960415177423
3634,68.71713245152668
3635,48.53613502118282
3636,51.00801148557233
3637,57.793037542996004
3638,64.60115454829706
3639,76.89001949313973
3640,36.467755199045406
3641,56.83485557253217
3642,38.67821581704945
3643,56.18365513695933
3644,30.564360168527223
3645,45.19866478683643
3646,53.187248059599014
3647,60.75766630383485
3648,26.016168719522295
3649,32.27028928226753
3650,27.07492025092236
3651,30.91528553957537
3652,47.78562999131856
3653,31.02912139736922
3654,66.32597900438415
3655,67.18146985842382
3656,38.410910892394746
3657,30.731790173580073
3658,62.34642755858515
3659,44.93981951744413
3660,37.07264436324966
3661,69.62890159116657
3662,30.289733762700923
3663,33.02384168491783
3664,68.8719173336494
3665,31.106935324411292
3666,67.45411345478811
3667,35.750195030898155
3668,52.96637664772838
3669,30.095602190929842
3670,72.40261810291256
3671,35.53476783719083
3672,29.371377459241007
3673,46.57538170416469
3674,29.561506594805145
3675,65.81523765965501
3676,60.635872997972335
3677,67.2030892855384
3678,65.46347027481755
3679,47.45688357279973
3680,74.51766740287368
3681,47.736729498083875
3682,50.400164261734545
3683,33.44204168703982
3684,58.506587952690026
3685,31.101173036630865
3686,51.52544382188111
3687,67.37012150062213
3688,63.88487883980611
3689,71.67604193807036
3690,57.1645630184607
3691,24.09556001552922
3692,77.8867659327533
3693,29.922954637543036
3694,48.07644494780409
3695,39.71306695184359
3696,83.75219043100569
3697,52.71862733085416
3698,28.899644502129615
3699,38.63080926855113
3700,32.63270621379971
3701,52.89019371508287
3702,67.44148173445677
3703,39.62176302946268
3704,73.14723365640393
3705,71.49230570056642
3706,52.29331413669195
3707,33.95757971657346
3708,35.71991277960464
3709,65.11483261544876
3710,43.512437056337276
3711,35.697323877974256
3712,31.674240103948446
3713,70.51404049160291
3714,68.00969199778918
3715,26.39600713009999
3716,38.357323801562536
3717,72.97416284180545
3718,67.70016013100368
3719,60.320574400046645
3720,33.16619317033209
3721,69.78687274357097
3722,59.34788521287803
3723,71.88905494395541
3724,29.728212991493844
3725,35.56792425048083
3726,33.99140535101018
3727,55.620012902123904
3728,16.175178007688437
3729,70.58544513185147
3730,33.89896144990895
3731,42.23227281314959
3732,53.84167972249744
3733,69.46950631543552
3734,62.821838737361915
3735,60.355898385610686
3736,39.34247508724738
3737,74.36522608857203
3738,69.71599003042103
3739,65.96453370247757
3740,38.45032612213763
3741,64.25859328233813
3742,69.77542517238271
3743,43.57928726860919
3744,54.13363688226659
3745,49.885027165450914
3746,66.27661120029803
3747,61.59682907825958
3748,37.26336080952388
3749,43.13359128360972
3750,34.49801581853091
3751,40.8089634265781
3752,32.36044276328687
3753,67.43160947994996
3754,59.43080644514045
3755,37.54954091671017
3756,59.2041761617464
3757,63.87750477850799
3758,40.10177173785834
3759,71.18525584161789
3760,68.7843968682721
3761,63.76238191957808
3762,32.5142854281299
3763,64.98405831097135
3764,37.75907048064557
3765,63.71749786747959
3766,53.66348321133431
3767,34.65640358200335
3768,34.37586935409409
3769,30.33286434351372
3770,30.10812995023108
3771,72.28699973678334
3772,48.863580605228805
3773,50.04044716154029
3774,33.3499307284659
3775,66.68467455972724
3776,76.91913483527901
3777,26.82301149710979
3778,75.14070945038716
3779,42.49413959114537
3780,27.85810242739323
3781,57.23343184311672
3782,36.22224005871397
3783,62.78120288150656
3784,24.636990040044818
3785,43.99900445470003
3786,50.852201258816194
3787,63.0001311822559
3788,69.4839529958243
3789,73.9871114323715
3790,39.45452667456702
3791,82.3998435162913
3792,31.11821967395467
3793,72.46321698167449
3794,51.984118560536295
3795,34.2168596192041
3796,67.90864542689262
3797,73.04994365894612
3798,64.5505270770612
3799,31.619865165807315
3800,40.89842736103123
3801,70.7342382832125
3802,25.259897945869522
3803,33.38833876397428
3804,59.63366611136068
3805,44.950754214718835
3806,76.03857646531058
3807,76.33630516935409
3808,67.10679750886891
3809,75.34077990866159
3810,78.90281078257007
3811,33.18416313522745
3812,63.22909297320896
3813,34.06789283630677
3814,30.256421387028002
3815,70.49154375035214
3816,72.72701664263134
3817,32.150548275362034
3818,44.679312276432526
3819,48.471681141837514
3820,66.52531608551237
3821,48.323998019310416
3822,32.62827927063479
3823,27.88625813372729
3824,65.42521817090517
3825,39.06472322871837
3826,47.25183256305547
3827,63.44186548700187
3828,42.40709460458524
3829,28.366017814784687
3830,60.20119867900361
3831,53.37928217345812
3832,35.33765228838501
3833,28.65234706445883
3834,40.240205653167315
3835,74.88242326419739
3836,54.6787236071999
3837,42.107819117797284
3838,62.40476578968663
3839,31.51051814346217
3840,75.02032690158033
3841,58.93900738355606
3842,40.576799172126066
3843,33.285041917324854
3844,68.01600976238291
3845,40.728602199754064
3846,32.95919651974436
3847,43.91947721239508
3848,34.89451161844376
3849,24.750753261916312
3850,46.731344527030096
3851,37.47198838520689
3852,62.56818659456111
3853,41.84869456808505
3854,45.8203026022765
3855,26.876161953287124
3856,28.176572610215306
3857,64.55077031895411
3858,33.09581783466744
3859,58.46402968952324
3860,43.92702384256818
3861,62.15432715556737
3862,62.40765261173462
3863,30.76899825719535
3864,54.2812902973933
3865,65.50666989192224
3866,30.91408120322206
3867,72.13501554142177
3868,27.218415218520672
3869,47.549775197423045
3870,74.47776201246927
3871,36.982251107338456
3872,35.049951043223324
3873,60.711055985370315
3874,32.9479911721449
3875,33.128113226112546
3876,27.132933742374654
3877,52.34645656155386
3878,66.9786626053072
3879,46.17849565070496
3880,49.4747075418669
3881,35.73291568884061
3882,47.859062856351606
3883,33.02761751486185
3884,43.93172020500802
3885,91.68348888119932
3886,36.90825858981028
3887,29.190156530327815
3888,31.820058178419877
3889,20.061816771889088
3890,87.20157447471968
3891,74.95271324254887
3892,33.15382442798109
3893,30.56013564894869
3894,32.26789623082949
3895,61.33192084933916
3896,33.10218569619685
3897,27.184177143276614
3898,30.454855482758465
3899,43.88223325826148
3900,28.8383092762083
3901,47.40535668328445
3902,69.71664416401467
3903,65.38534656397238
3904,39.220070798134074
3905,31.07523629733187
3906,75.66289150334447
3907,50.95400593674642
3908,31.576821778000056
3909,60.94686113867791
3910,49.790711602533044
3911,52.27486103143112
3912,31.326061247160332
3913,56.109022341303174
3914,67.11695813492504
3915,61.558912228291824
3916,64.85558619396966
3917,58.66500718713641
3918,46.260340193288314
3919,27.069637637082295
3920,26.263826821658245
3921,31.434983524243428
3922,51.44976919286785
3923,72.86762673207579
3924,69.9558110389192
3925,31.434480794264097
3926,78.96385674304133
3927,67.42165401219992
3928,40.684737221230144
3929,36.50312903876144
3930,54.63425135133064
3931,52.34284977689837
3932,36.270389553145634
3933,34.92196315816874
3934,46.1391128963714
3935,30.46582808375065
3936,32.081550442525014
3937,81.23271184078797
3938,64.53476263505998
3939,36.71503196591474
3940,75.4129595806404
3941,34.09634004755317
3942,70.91354215182241
3943,27.639381843128312
3944,61.671325453158445
3945,55.85188844312145
3946,45.668417762076075
3947,30.286283570293786
3948,42.712020774342285
3949,42.208790578679306
3950,58.93438512701654
3951,44.834256426354756
3952,31.07908813067283
3953,52.911377916876184
3954,28.42423209125711
3955,58.51146161005022
3956,41.026347998586694
3957,71.6018603907296
3958,28.002901742113398
3959,71.79515649364832
3960,49.06722430174894
3961,37.442080018271845
3962,69.55097345035635
3963,31.527026684486152
3964,42.39463785070751
3965,30.45475837452989
3966,62.409017793681016
3967,38.30992899040345
3968,38.161811113988726
3969,60.9114043466856
3970,30.924667214681136
3971,34.838145335302265
3972,66.1369437242181
3973,37.402917162208425
3974,45.402502998190485
3975,74.27833725864022
3976,72.38235960327765
3977,60.55637803023427
3978,70.57565347638811
3979,56.84043913959847
3980,64.72927615764473
3981,63.45014206750264
3982,44.48165506792752
3983,52.845228501856745
3984,53.08761500989396
3985,49.664239914287535
3986,35.48540460542875
3987,34.174584544327686
3988,39.61977338674984
3989,41.02118389151505
3990,34.91807862512074
3991,32.627872753035525
3992,69.36308591102271
3993,27.276351683730535
3994,61.15007431441818
3995,27.05932429637283
3996,32.45614994107479
3997,28.640171331007835
3998,39.17437236838469
3999,40.329404554204956
4000,62.6388164092633
4001,39.13652886154341
4002,32.81455470796917
4003,64.00762256137884
4004,50.58515468304222
4005,28.72156776175292
4006,27.498567255915944
4007,31.074713944809808
4008,37.11699924161837
4009,62.457214847478255
4010,33.78946106903132
4011,68.29813049476462
4012,30.49842600182172
4013,33.18616294142329
4014,32.780253225124554
4015,44.05191774638179
4016,52.043350809436646
4017,42.62080017260834
4018,28.383979395557738
4019,72.80443118587569
4020,30.031221142083822
4021,59.345397165639945
4022,27.916481416746674
4023,31.42845886289599
4024,61.03127297399462
4025,31.597530155629244
4026,61.61012798139103
4027,70.12146793016933
4028,29.928324250156933
4029,65.63022639068978
4030,27.415176389981735
4031,30.629664892381207
4032,41.234513691842366
4033,37.14573287510441
4034,32.13178160741381
4035,51.98021170364595
4036,43.21802158660573
4037,31.354980043498728
4038,63.33284313100226
4039,71.78591405968169
4040,39.880895358500624
4041,61.38528700477406
4042,43.5237804930978
4043,60.75173403690715
4044,51.135009957504344
4045,73.31400300415785
4046,62.697836698648565
4047,45.915114924647945
4048,73.32083608719563
4049,72.2580308193054
4050,66.49985635037713
4051,33.343666566928086
4052,51.820262377566856
4053,31.71300745709623
4054,68.46985576243304
4055,43.39956619698446
4056,34.24776322083295
4057,37.205628619954545
4058,23.963425244459977
4059,65.25066539448794
4060,68.89116993541437
4061,40.83019381659032
4062,69.23722944594226
4063,67.3099318859087
4064,27.525534827861836
4065,51.97534497280786
4066,64.348814427183
4067,33.07874591111276
4068,31.885981608212624
4069,23.382091207518414
4070,32.28023822264464
4071,37.41159908021086
4072,29.74771644464589
4073,39.62851466392231
4074,32.75424655050021
4075,50.774274398467426
4076,30.988566327739782
4077,33.043588285707244
4078,44.070199494830774
4079,35.55076262447925
4080,32.04505915077469
4081,31.29859932449383
4082,72.40452478790755
4083,38.25530732657538
4084,31.889182374718253
4085,68.18876387147509
4086,60.44210274542558
4087,31.64992508411553
4088,55.317738558862004
4089,65.95474067262889
4090,36.714034288375714
4091,65.00329099797518
4092,36.09629968237151
4093,26.434762135200163
4094,56.69603284853591
4095,34.58708589169283
4096,51.512127847361704
4097,34.524901426226194
4098,68.29766588473642
4099,73.52689438690035
4100,63.79023999973331
4101,73.91788675384916
4102,54.45813493384389
4103,29.330852936538264
4104,61.96188554946318
4105,62.832605768639716
4106,63.86731814930314
4107,71.00128480548082
4108,26.51292841485975
4109,67.1424492913678
4110,36.61042103671761
4111,37.575076776046075
4112,48.36626849895698
4113,34.045919804821594
4114,68.52524869264083
4115,34.65465379229762
4116,49.62663493811883
4117,42.6157959837765
4118,24.797766669446066
4119,34.7066855722082
4120,69.05263819483932
4121,26.509520040466754
4122,56.852743178585406
4123,39.79511254021894
4124,55.089278317110576
4125,36.944023924859636
4126,37.440343920364356
4127,48.60480525793048
4128,39.820522278662324
4129,34.70562100780874
4130,66.85732448990568
4131,76.48264931965666
4132,31.392275981449167
4133,48.90376619186895
4134,58.72169187326516
4135,28.77557002106193
4136,38.2411783463941
4137,69.5491412262107
4138,32.39503430920185
4139,83.20871007450062
4140,43.93887467616757
4141,76.83860064759295
4142,28.37538788610142
4143,55.654423773999476
4144,27.591108722827112
4145,43.51867763432111
4146,41.72783064214314
4147,38.38790824485803
4148,64.24561989708491
4149,60.21238847547593
4150,50.86109842136219
4151,36.25235227397964
4152,35.10746237574308
4153,28.86555577872816
4154,35.88918634964251
4155,55.04447797988601
4156,66.59022837256583
4157,74.69997891678436
4158,66.57361052281013
4159,65.60248941508749
4160,54.69722021581531
4161,46.61803008895495
4162,42.67298101112259
4163,63.132344605243205
4164,72.77840855505713
4165,26.436688974584907
4166,24.852227651793754
4167,66.19615960079521
4168,34.02110091545668
4169,39.70790982313063
4170,38.430047379380696
4171,28.48163114844417
4172,37.782016699841805
4173,52.94236930139421
4174,34.90480848171134
4175,68.7747295582813
4176,52.09388562037793
4177,66.96618196597107
4178,44.60775413876798
4179,61.755395594779195
4180,47.79548918941881
4181,49.329987724860594
4182,80.33352877344538
4183,49.81246263386713
4184,27.786442090987258
4185,18.29509167639133
4186,23.623843536800322
4187,57.585024142962794
4188,29.12272206402438
4189,68.02687288318036
4190,75.68904048815602
4191,32.39319772847503
4192,53.879338114948744
4193,39.767329864831126
4194,49.31895807081986
4195,68.87638007285304
4196,62.14973159170745
4197,56.2524504966533
4198,50.398874352580236
4199,67.10071162518027
4200,29.292984102147003
4201,83.45553627777761
4202,56.44951853763037
4203,68.04689993569741
4204,33.483409944647896
4205,31.793831472501964
4206,67.7246735609817
4207,32.483070826435565
4208,78.57896237790344
4209,46.02247179869792
4210,50.898714818809445
4211,51.936793333750714
4212,74.29450464287513
4213,44.07330311055517
4214,37.55078898746196
4215,53.654293840078786
4216,69.17638458028362
4217,30.08497312191423
4218,76.50775896999536
4219,31.306568202968766
4220,46.3059765722164
4221,30.217725655617958
4222,67.76325952030022
4223,72.87062967664716
4224,35.26375028268022
4225,31.23865850518835
4226,41.605190712485296
4227,37.79029129439941
4228,31.365920199097314
4229,68.303854764667
4230,27.8336241340379
4231,36.07986036476038
4232,28.003644683348323
4233,72.49172566504352
4234,70.69145668696208
4235,56.057354670147966
4236,53.675556086939885
4237,37.951840583797846
4238,71.05587191358032
4239,73.61235808634004
4240,66.31336818904592
4241,81.13487654903537
4242,85.20513750059331
4243,35.79531920305841
4244,35.800744401784144
4245,62.43321696507174
4246,50.77851219545464
4247,27.91584989051416
4248,30.936099980702558
4249,68.73915544224715
4250,35.7641578888139
4251,28.62120066936567
4252,30.1262355381032
4253,30.67844123134715
4254,65.46296073520128
4255,65.51648749075275
4256,26.84328675309323
4257,68.72429692560705
4258,62.83468932852843
4259,75.58964318495342
4260,70.79896447046372
4261,39.49914551691795
4262,29.417950147521836
4263,76.29317399845263
4264,58.70306027810006
4265,33.69822780911037
4266,35.756796786608604
4267,50.522732764391165
4268,38.69857954678349
4269,34.020868822612705
4270,77.63632446087098
4271,40.265546297194874
4272,71.5293391710759
4273,42.42570064443596
4274,44.14026532685219
4275,51.57328168168596
4276,69.2280333102795
4277,30.70955518492008
4278,59.645559494523354
4279,32.26546360677284
4280,74.92870768206373
4281,64.09956658761065
4282,31.238584873424113
4283,22.36958067715078
4284,67.73858079659573
4285,33.57348253006636
4286,31.269709473990545
4287,38.175521890195654
4288,39.105964868043486
4289,33.07586728562954
4290,51.80789325646115
4291,43.89009405583042
4292,39.93089195904695
4293,60.137167380361305
4294,33.491411404656795
4295,51.45297824117306
4296,68.45843923263203
4297,43.27751787437348
4298,30.190846100805967
4299,29.65489756036865
4300,53.78217553433323
4301,60.85651264476713
4302,49.08639054862671
4303,30.499123985885532
4304,30.945301127044676
4305,57.349153101781646
4306,29.48329638212837
4307,72.26212733896497
4308,35.039893737255966
4309,75.52247262331466
4310,32.239183420150795
4311,30.506018223786057
4312,58.50871831860462
4313,40.72841283963478
4314,26.19426346150224
4315,62.48208945902873
4316,26.730173209481947
4317,60.60348129843701
4318,60.3425595553208
4319,41.96214013037931
4320,50.69055098557355
4321,57.19172975426595
4322,26.56476775071107
4323,67.24075732516894
4324,70.70291686734718
4325,30.28507444349057
4326,23.602032542169592
4327,39.80430295653382
4328,29.90160384370289
4329,69.24457204017327
4330,61.569672890648974
4331,30.167255233279267
4332,38.971409178829205
4333,39.72445803180233
4334,25.566520653073255
4335,76.57390999107538
4336,36.08256723933847
4337,26.652914623708373
4338,24.71488416278673
4339,39.935271555194326
4340,67.37921069104422
4341,30.236409505727366
4342,33.38117700022742
4343,32.12861714512756
4344,62.99761997020953
4345,31.50509361530878
4346,74.1103913263482
4347,33.08535825297127
4348,50.65371518692677
4349,68.88064559877252
4350,44.08611467767646
4351,72.63055275462276
4352,51.193961739392904
4353,36.516988648190406
4354,35.82275518112571
4355,40.70760885842262
4356,70.44984681276259
4357,42.73628762896614
4358,32.226930822843656
4359,54.88369088693221
4360,37.49864865284874
4361,31.81269599335908
4362,28.20185462121684
4363,76.53206222828335
4364,28.09870274499745
4365,40.31634592891227
4366,35.69218175054322
4367,74.01020155893528
4368,58.092906523892495
4369,57.593867326434236
4370,41.79427150412304
4371,37.22869424133139
4372,34.87584090327648
4373,61.16934233698784
4374,32.33814864698442
4375,41.36183190810272
4376,57.13676106217201
4377,37.89162191699329
4378,58.482082644041746
4379,73.47097484352804
4380,32.784686907663286
4381,37.05518484075951
4382,47.26338297329031
4383,56.47352325731625
4384,38.9037230622181
4385,38.5577887780276
4386,50.200700744416565
4387,55.14025778626117
4388,30.082944916634005
4389,75.32557764128705
4390,38.13735512447531
4391,77.15523529400843
4392,38.42768084856384
4393,48.81030942847701
4394,70.81958570009064
4395,22.282427765183424
4396,29.230951870703763
4397,54.2971226926313
4398,70.31488911584124
4399,75.91525707005214
4400,33.578621835294605
4401,62.802759178353256
4402,34.475744562743024
4403,60.18745374638672
4404,40.786497914319106
4405,69.79364030908833
4406,34.472583187451
4407,68.05853401010853
4408,35.445083434382326
4409,43.2159005852222
4410,68.420989432136
4411,28.591279909968133
4412,34.48434720856133
4413,60.053943086664674
4414,53.53477367275738
4415,56.87007324146826
4416,72.55358387751684
4417,35.23926823771282
4418,51.68186687179814
4419,30.126549584021394
4420,36.2604927316083
4421,29.35763023352768
4422,70.9139061057814
4423,35.00250671472866
4424,52.92344085385538
4425,42.166560373234674
4426,46.273397182818606
4427,26.340205411051127
4428,52.945243116690975
4429,60.1957524364861
4430,51.3472619250914
4431,36.306048233846205
4432,39.43640419774211
4433,49.72343083405064
4434,65.8184947323451
4435,28.264707095465536
4436,33.14627482535152
4437,75.21391748946648
4438,29.162908213801156
4439,39.884032769198996
4440,32.39440023413752
4441,31.084875306536063
4442,74.9508600732123
4443,64.72726857281337
4444,51.46102173325699
4445,27.799137679232278
4446,48.82631396046628
4447,66.11527701224954
4448,42.500842148141736
4449,29.760683883660835
4450,40.08785834088611
4451,42.78178773461782
4452,70.5697418212352
4453,48.95401013214991
4454,84.96773840848002
4455,53.06039582149092
4456,62.120721726000525
4457,31.19298819779537
4458,39.81210774505366
4459,35.473659715034586
4460,73.4746629397687
4461,74.80168485394395
4462,30.478798625122614
4463,78.54275425545123
4464,72.87142532840436
4465,38.335853175514686
4466,34.91882788598173
4467,31.500104590852498
4468,59.622370070484486
4469,78.41196982508157
4470,26.03870293516601
4471,60.27728957372288
4472,37.04690796678013
4473,25.86562399405904
4474,30.858884843155963
4475,56.6473116818805
4476,34.86709012718267
4477,36.197083891575815
4478,54.30695166879023
4479,34.22820305062046
4480,28.17839908640708
4481,48.87954849960483
4482,47.64355348818298
4483,64.67009503803199
4484,36.12357246021049
4485,31.488904201599723
4486,27.83602482448379
4487,76.6154294372654
4488,72.88686602585322
4489,35.40554343742101
4490,23.139027403985384
4491,51.67166329451556
4492,28.05938433242593
4493,53.10634798285828
4494,24.447924358961178
4495,51.12922498748712
4496,27.91489859001677
4497,43.04923331990549
4498,33.67968356918228
4499,60.50131187562053
4500,22.374148073358345
4501,28.348675665420206
4502,70.77065116400811
4503,59.833838603042466
4504,72.48048696176184
4505,30.331152253191924
4506,57.946149160925216
4507,48.118941779515744
4508,35.85631680453663
4509,76.7966754086566
4510,40.31962577368529
4511,51.812741435454164
4512,33.62306313022218
4513,53.31234978302039
4514,50.20038755047431
4515,48.24915617082457
4516,63.82201574090377
4517,38.257137348737196
4518,23.760966921794704
4519,28.35462873261888
4520,26.660982514062347
4521,38.68851346452639
4522,42.01501336607965
4523,33.5651201902702
4524,48.9273107087225
4525,30.433189148508042
4526,33.60438630093341
4527,30.389576578252235
4528,29.89043705515052
4529,65.8129738368007
4530,50.702680257368954
4531,55.40595449420711
4532,73.68354805499311
4533,29.70107782461444
4534,36.67131654118408
4535,36.49736954496322
4536,61.69543213806827
4537,63.26171807608671
4538,29.846341860130003
4539,30.317516391356115
4540,65.8155101513498
4541,65.02461462341999
4542,28.80453482594343
4543,28.409344332072244
4544,29.42241698450902
4545,65.64827892135355
4546,81.14470877603802
4547,62.87189743922824
4548,70.58592426144767
4549,72.88382712717032
4550,49.38670540150483
4551,51.699825013702444
4552,33.92621898417847
4553,30.331754885383077
4554,50.980233133809975
4555,43.50851049452466
4556,72.6422564171976
4557,47.39806951412922
4558,32.29545261822554
4559,53.8733650161749
4560,29.70635859192159
4561,31.900490285573298
4562,60.18258915358774
4563,39.030381108972875
4564,29.190800553625344
4565,58.037831495897976
4566,33.30144830668128
4567,53.381039200038714
4568,55.4538775530256
4569,55.12499739525009
4570,29.751696197082925
4571,36.19616890853046
4572,28.63736329962738
4573,71.48258561147684
4574,30.018926298901864
4575,30.525259046255858
4576,37.017918776502285
4577,61.52176918924498
4578,78.15947693190591
4579,27.110346035932174
4580,35.495618809839954
4581,51.51358834740123
4582,44.09810786017094
4583,81.44461420386483
4584,32.03310716351832
4585,60.48496359317324
4586,25.496264978727396
4587,35.00069665009011
4588,56.15604446856291
4589,62.984908365368355
4590,66.19784695401151
4591,34.90977686706512
4592,64.37908758473573
4593,71.87910784065473
4594,23.047670010722882
4595,28.536840500960434
4596,52.569958241875035
4597,28.414303064539077
4598,33.75464243280762
4599,33.05689467608006
4600,74.21316117268245
4601,31.965260547029988
4602,35.17585144396009
4603,57.014950605217194
4604,61.18794675185037
4605,77.81710682460242
4606,46.40818437834164
4607,33.40827803865652
4608,38.70881699508449
4609,57.28018366867034
4610,36.47110585790556
4611,30.34947451457837
4612,42.109406161933315
4613,34.44743245796857
4614,30.773897060586073
4615,33.830465670770295
4616,64.77312743366846
4617,33.55247409181
4618,90.45742455746256
4619,38.870621880954324
4620,36.47509010640589
4621,31.570728775843513
4622,47.0996055526587
4623,26.00463603598728
4624,42.08156528243611
4625,70.66436540697491
4626,61.26220466118636
4627,78.05962097229924
4628,72.56415669975846
4629,30.462170323332835
4630,68.46679703596288
4631,76.519450822913
4632,46.0774196073245
4633,31.136437277275952
4634,63.691881745347075
4635,43.03272444664108
4636,34.54220275598041
4637,35.3581825537914
4638,64.89737668091357
4639,65.53149454045888
4640,33.445543228755746
4641,67.00393079582719
4642,33.4479247385359
4643,71.98390087303244
4644,34.6477761266933
4645,29.67837873124267
4646,74.21787533329054
4647,70.61826314305497
4648,33.2746703296538
4649,32.43936011169211
4650,41.07208321185551
4651,37.760772808794854
4652,38.250531425902956
4653,65.77164887545626
4654,81.36414934039975
4655,40.079361183049755
4656,34.1937716800965
4657,33.69402892335505
4658,28.838736856599393
4659,62.55759906007789
4660,31.03121887003999
4661,38.18554086778857
4662,62.07448926800379
4663,52.784686851963166
4664,73.14480305568331
4665,35.99120432769436
4666,77.40904523930217
4667,26.851540085393374
4668,21.9125521599423
4669,42.46324464667205
4670,41.493681770668616
4671,65.16034469489949
4672,40.51840944234719
4673,35.50235788579526
4674,60.82554824154774
4675,53.86258678604328
4676,35.18357203936385
4677,77.6604607945608
4678,32.78945884108093
4679,52.84702100967989
4680,65.8340740718015
4681,31.321192169486547
4682,69.0126314900827
4683,39.20826153102503
4684,64.96094236236097
4685,37.65322991642177
4686,67.90550291525778
4687,70.4008511850407
4688,43.7931690841507
4689,63.504195340143234
4690,27.12092490035296
4691,70.6047286968389
4692,48.65818542286039
4693,26.837501327144256
4694,71.53223849213902
4695,69.58070228252824
4696,62.07068201947176
4697,27.59009691650022
4698,49.851538196018474
4699,61.38888259709994
4700,71.50753143672262
4701,33.76211374119059
4702,41.30813350441052
4703,31.228746190116368
4704,25.433095991082286
4705,41.508409699601174
4706,34.102827700818054
4707,60.689625906576204
4708,30.275317850204225
4709,35.07429156459747
4710,29.892601982105695
4711,35.09692717183205
4712,59.25706420474469
4713,38.58157397512137
4714,42.72425144548718
4715,78.31986548524812
4716,34.97820665692104
4717,67.67203985512649
4718,32.07561767928203
4719,27.917320491875024
4720,77.15932043421247
4721,31.230460630462733
4722,33.0033560230102
4723,28.2549923412882
4724,36.913711244801554
4725,30.558454835627995
4726,33.857512396583054
4727,64.60166006562922
4728,73.62615295520796
4729,59.8829556984289
4730,73.27268707579327
4731,61.113376820478344
4732,37.47513319670058
4733,38.967439886960086
4734,43.46249621951398
4735,30.32901661059969
4736,34.89604167563432
4737,66.16521450278748
4738,28.85649738237708
4739,79.63671204404055
4740,73.22329490235532
4741,28.83240631458889
4742,33.80245314165883
4743,70.05183762334084
4744,51.665116492274656
4745,59.69353937449326
4746,50.2676089316344
4747,64.10024689282598
4748,44.08362990084413
4749,74.89381918887726
4750,32.8111735158396
4751,38.315741483710624
4752,37.20026530314712
4753,70.8944036922284
4754,82.42223630058449
4755,33.23237615958144
4756,56.035558586187264
4757,37.197739691362216
4758,66.75631593246064
4759,29.468144232773408
4760,47.35622720684248
4761,67.41563057810757
4762,32.42497917980177
4763,68.80790157802363
4764,38.50058492658549
4765,23.581728396907785
4766,31.01859814316773
4767,33.03149216335605
4768,33.83445682066282
4769,34.5057000337475
4770,33.75973968608547
4771,31.449757016350443
4772,44.618828882753526
4773,72.91316552533198
4774,48.152297989965035
4775,59.190437245285516
4776,62.89212637869825
4777,29.866132293365755
4778,34.159053584195256
4779,58.99161141989594
4780,43.74240736308944
4781,64.52398808094675
4782,35.22759428481486
4783,34.54501752078127
4784,34.811134943577976
4785,39.91597733696005
4786,33.82098905343033
4787,68.18288666624387
4788,61.69623439695348
4789,77.0138973054748
4790,25.971406157930012
4791,67.5103130351374
4792,58.16814243158238
4793,33.565452392067215
4794,29.489547824960432
4795,35.517275158906926
4796,38.510960636428734
4797,26.57074683805081
4798,36.52628221389318
4799,52.00268011535936
4800,62.97192908063329
4801,28.310463189694683
4802,27.21363940874218
4803,30.861463754924042
4804,36.51108506258242
4805,30.615144261639056
4806,25.890557906150534
4807,74.36189678965718
4808,30.55789970483702
4809,86.79745440542465
4810,58.2709423659108
4811,68.02489162668336
4812,28.14885018836418
4813,32.62288650545504
4814,62.925948775676886
4815,53.16412439530137
4816,51.0383679607683
4817,57.877548493416114
4818,35.31029496849338
4819,84.92209249289371
4820,28.19426884859586
4821,32.35995839218961
4822,49.28842982055608
4823,55.50786980253442
4824,37.49291299171224
4825,29.288916015511965
4826,50.04794818235317
4827,26.29821880139139
4828,59.98620100239841
4829,32.5212044245681
4830,70.25521658456773
4831,57.00518080244754
4832,66.95823860934394
4833,31.146029475114435
4834,26.436152666599803
4835,28.478615677721116
4836,23.399244962405977
4837,28.12961804846301
4838,56.534123187950655
4839,82.59708835861255
4840,42.51902476951494
4841,57.46522787489468
4842,29.87817788316997
4843,33.58252007685917
4844,39.64350868596652
4845,27.056725737590305
4846,48.78291258905421
4847,71.78611799471719
4848,71.25907481812129
4849,32.536408306676286
4850,29.740641065612937
4851,36.47585120789631
4852,60.21620990632711
4853,26.843822281012265
4854,33.79826773089016
4855,41.097244421138754
4856,71.37952070499482
4857,41.63913800594047
4858,39.12732664901354
4859,37.294780261328555
4860,38.00754056434191
4861,36.62055388125924
4862,30.394771073735743
4863,32.01918326324581
4864,66.31221957125499
4865,37.998051972351846
4866,73.01611592627677
4867,39.5556629519255
4868,39.21140064467053
4869,45.765488826680475
4870,37.77130079780164
4871,72.47184172444118
4872,60.57735988645399
4873,37.84716228985433
4874,31.377813185723536
4875,57.369307564911935
4876,63.55480760192715
4877,34.10112354303904
4878,76.23817466330433
4879,73.1510432123761
4880,35.714400257437774
4881,48.55031307350303
4882,36.830592548590815
4883,31.79248101463762
4884,36.467912039172816
4885,61.91235058198972
4886,74.58530389032235
4887,45.740319717518204
4888,42.29980472146201
4889,31.658742414710346
4890,44.888542204002725
4891,49.10378689014557
4892,28.396776345023095
4893,70.66554665003423
4894,33.79802468193955
4895,32.775960695073174
4896,39.024978278098715
4897,60.88650581093429
4898,44.90107106583787
4899,72.17712576206794
4900,40.60449043081878
4901,63.9435316728771
4902,48.8424084075728
4903,65.15390607510706
4904,52.68726319169414
4905,62.10089771879209
4906,67.35986298259473
4907,38.716127865099025
4908,26.849052686633126
4909,74.80015360451111
4910,46.024394427992476
4911,25.708483829737776
4912,30.39736006821055
4913,71.78390649712867
4914,21.181736479929498
4915,39.94830115677935
4916,44.401533965580605
4917,48.26140596931689
4918,28.893776944359207
4919,68.90545362857526
4920,25.616540556803013
4921,36.2273696046119
4922,32.510321611598116
4923,57.49665115664378
4924,35.380064902296354
4925,45.3600013781413
4926,72.15922048302302
4927,37.23393029127714
4928,72.33786568842869
4929,82.7255965239103
4930,31.256829770387395
4931,47.92861245766086
4932,41.264443848378455
4933,61.632697626623354
4934,33.87132206753993
4935,33.13527237051
4936,60.45795855019953
4937,31.048855914906888
4938,78.14480846077353
4939,33.52087606332846
4940,44.461185550555456
4941,62.58637886759753
4942,44.413613366652946
4943,62.67139474847262
4944,27.547975045270245
4945,79.26272465018994
4946,26.67444008693134
4947,38.39456106800872
4948,27.956377858480728
4949,36.3781012412878
4950,34.4677274755483
4951,21.5765141058017
4952,40.05284405208271
4953,61.45517075691157
4954,41.58751465188637
4955,68.80220126347828
4956,41.24559721326179
4957,31.8460770870491
4958,60.05458676554374
4959,35.57990074400307
4960,34.63356583619354
4961,30.295749339020226
4962,69.86005505449077
4963,39.11942217181019
4964,45.17230221414222
4965,71.38227782876137
4966,34.275205558764114
4967,44.28771716006137
4968,75.80424114931418
4969,73.22354158409809
4970,72.91941260704507
4971,58.96607880102307
4972,37.00482862110347
4973,27.051557004915946
4974,67.17692640921823
4975,32.70317458254009
4976,42.282729028484404
4977,31.730181681756633
4978,51.477024744942256
4979,44.068663780313514
4980,70.85463613443537
4981,31.809783856880472
4982,31.776891538997546
4983,38.356242606006525
4984,36.866029689477784
4985,59.44252715737903
4986,70.75354186776036
4987,27.682594915518134
4988,49.78934482697393
4989,42.139195228867194
4990,59.662412620518886
4991,67.29997948946267
4992,38.80399925817981
4993,26.77803951101186
4994,45.5580970665601
4995,32.91139646306418
4996,58.53213878440624
4997,59.38689060159713
4998,42.2073155651959
4999,54.84382657722073
