ID,LoanApproved
0,0.9998478861338663
1,0.00036041297456039593
2,0.9999347059199268
3,0.9999561440859549
4,0.9998662751479714
5,5.7880330596852555e-05
6,0.9999917219521656
7,0.9998453017433422
8,0.9450624931569543
9,7.01859819206225e-07
10,0.9887873319181321
11,0.9607337042386769
12,0.2105340594451489
13,0.999918997331012
14,0.9954996879521969
15,0.0014280314758752983
16,0.9999999143529898
17,0.9960356567690322
18,4.462369055211033e-06
19,5.02437133352224e-06
20,2.0585098436111696e-05
21,0.9999656325135589
22,0.0002172976799016653
23,0.6951178715725435
24,0.30167878452656066
25,0.9999943880937923
26,0.9998492624845574
27,0.9998750095763841
28,0.000616987209884307
29,1.8917462554054452e-06
30,0.9990042343019014
31,0.007777105357787439
32,0.998431954233191
33,0.9987291819918166
34,0.9999171702769328
35,0.9999659015099439
36,0.0006604338823276252
37,0.005965372388962334
38,0.9705233551215288
39,0.0002985179635673038
40,4.485304119738188e-06
41,0.5249471373795446
42,2.0972377134898365e-05
43,0.9999996583638159
44,0.5785349290857791
45,0.9999974717948107
46,0.9980066644956456
47,0.0001609014615144533
48,0.9999822085194764
49,0.9999778956938965
50,4.5214850920154025e-05
51,0.01780732882282219
52,0.046863778259706196
53,0.9999950294345303
54,0.9790900496474809
55,0.5984438801611205
56,0.0008450936757614759
57,0.9999968967187866
58,0.9997519193443295
59,7.288728617393036e-05
60,0.000470759370309782
61,0.00028768169890849057
62,0.9993758013116416
63,1.43356282536888e-06
64,0.9997438764994767
65,0.9989916904697104
66,8.680635255671598e-05
67,1.5317112171119183e-06
68,0.9999867870051607
69,9.729539797931358e-06
70,0.9999903985027236
71,0.9999680419379917
72,1.4926295002265547e-05
73,0.003949753361898506
74,0.0009037461114973426
75,6.72359941186326e-06
76,2.4431206070149144e-06
77,0.9999986941104173
78,0.0006038351164565243
79,7.270124282268932e-05
80,1.4455434556511703e-06
81,0.9101518882871614
82,2.335771860708274e-05
83,0.9997540301407168
84,4.9732658864366024e-05
85,3.889629704692432e-05
86,9.773451101690889e-05
87,0.9999970116589867
88,0.988896693280078
89,0.011954313533664912
90,0.9960267329248753
91,0.986853582316269
92,0.7936889639466084
93,0.9999931206240678
94,0.9955836117014566
95,0.9999299658645577
96,0.997306202408105
97,2.228595582553448e-06
98,0.9681141618661411
99,0.0008507724901560122
100,0.9999798526291327
101,0.9971510621247697
102,6.037737420737699e-06
103,1.0313961434324214e-07
104,0.9999534147934459
105,2.182628572530222e-06
106,9.359355055529379e-05
107,4.1030898127558136e-05
108,0.9996033263039265
109,1.8767733386027406e-06
110,1.9900912911517576e-05
111,6.613597421937726e-07
112,2.5576405006693126e-06
113,2.4129617773157424e-05
114,0.00037365918287121896
115,0.998906657517662
116,7.2961347935386585e-06
117,4.174515455019696e-05
118,0.9397736538998431
119,0.9914007252151209
120,0.999983038681173
121,2.628164435774979e-05
122,0.8142810523710116
123,0.1749250648445979
124,0.9942393556395753
125,0.00249940281652407
126,0.9999588917649379
127,0.9999538597757216
128,0.9996311463392024
129,0.0007371577658774292
130,0.9998954566688205
131,2.9348952326550187e-05
132,7.705165666376286e-07
133,7.1895557277844344e-06
134,0.9999996901056375
135,0.9880520533192889
136,0.9999995625791717
137,0.2605393012284105
138,0.9999969714821249
139,0.9224833598405481
140,0.014811855646197756
141,0.9373855676809962
142,0.9999669590618335
143,0.9999737335793979
144,0.0052513586787565104
145,0.9999991261725962
146,0.04660050378891194
147,0.000986585671639845
148,0.00013965426381438973
149,1.976648006946623e-05
150,0.9962064853251298
151,0.9924168810990123
152,5.746576250349265e-06
153,0.9984611125954403
154,3.523739479922965e-06
155,0.9999991480480808
156,0.00023151160280173168
157,0.0011924674527536293
158,2.6420989908819904e-06
159,6.104549699810236e-05
160,0.9420455733174857
161,0.6648202033418338
162,1.8332106563843245e-06
163,0.44661384917428093
164,0.9982197610496849
165,0.011488865045321811
166,0.5847205123289988
167,0.8786360296519832
168,0.9997188696893353
169,0.9980075270708201
170,0.9603021963233087
171,0.08884069861979106
172,0.002625096409909929
173,0.9992892102895855
174,0.9933898388491392
175,0.0012799350605580148
176,0.9537656288423562
177,0.9992772931033589
178,0.9377454325734392
179,4.648193281511282e-07
180,0.0818496016313238
181,0.9999957778780593
182,0.009527438496928175
183,0.0006536332287992142
184,4.293669143223548e-05
185,0.00011701505612331859
186,1.0781429983674948e-08
187,0.22915151807299275
188,0.9999970505235984
189,0.9999995354215137
190,0.999991693981814
191,5.879265775465506e-06
192,0.3117649829812531
193,0.9999887494412067
194,2.0792343717189148e-05
195,0.9999961456325893
196,0.9999301294486864
197,0.00012743934810525347
198,0.0013915803813863772
199,0.9994031578516008
200,0.9999921449431428
201,0.006088472376322587
202,0.9989163614167696
203,0.999779740676322
204,9.110910621465116e-06
205,0.0035369122973779145
206,1.7102297890355234e-07
207,0.9554486160828398
208,0.0013797826439183218
209,0.6652704990098016
210,0.9840567386346737
211,0.9994506441922677
212,4.2847494268051805e-05
213,0.03160347060929064
214,0.9986450685342213
215,0.002458697232229271
216,5.7202864570058394e-05
217,0.5509980502727407
218,0.12416621375888252
219,0.9994781120283394
220,0.9999827630366419
221,0.9980027174861461
222,0.9999658156150171
223,0.0069476565314061075
224,0.9998943817697505
225,0.0005947311258569162
226,2.8994330075777072e-05
227,0.9999372527292849
228,0.515615446905713
229,0.999946109898402
230,0.94388498511968
231,0.08047232112804564
232,0.9595132358440007
233,0.5723446341118401
234,0.00013716768298307336
235,0.005155189736462543
236,0.9999289619795092
237,0.00037858995265522665
238,0.002373711647131069
239,0.9997290541151013
240,3.5790253765863184e-06
241,8.16856068834122e-07
242,0.030896382752909266
243,5.778722329299258e-07
244,7.673116439385959e-07
245,1.1563674361008918e-05
246,0.9999996186336684
247,0.9995497060882494
248,9.099282201726624e-06
249,0.9999998054614957
250,0.0002639064202654054
251,0.9999623425734527
252,0.36071018783003644
253,1.3167957612200212e-05
254,0.016537933089559986
255,0.9999971446106661
256,0.3914325307103279
257,4.4814669801175497e-05
258,0.003833965963559419
259,0.9999901056371295
260,1.8777827562640936e-05
261,0.0005470389559722551
262,0.9999734822037711
263,9.675934468411259e-06
264,1.5900210627757267e-05
265,0.9999788811914707
266,0.9922480028686398
267,0.9987145253354751
268,0.002043538062667693
269,8.474270636614959e-07
270,0.9734865217310184
271,5.491119047400903e-07
272,0.9999786511092436
273,0.08337877636909545
274,0.9984101364155219
275,0.882974436330172
276,1.0055935610773407e-06
277,0.7383600153424534
278,0.19087947736275823
279,0.9999340865604077
280,0.0003662768579311355
281,0.000635843449281903
282,0.0650459403158725
283,0.1853997799298852
284,0.999190796174724
285,0.9999990846240426
286,0.9958874165953883
287,2.5762917798723755e-06
288,0.016663615183816205
289,0.9697656110775464
290,0.9288739186366591
291,0.9778703554216439
292,0.021041161044528488
293,0.0002788833313514426
294,0.9999663879710372
295,0.00014634252478975
296,8.799663983848918e-08
297,0.998701423608493
298,0.965572493733801
299,1.2806626328900366e-05
300,0.0030654493378947678
301,3.9714261635693707e-07
302,0.9555734698953686
303,0.9984467611041392
304,0.02407884145336089
305,0.9999993825214337
306,0.9999832174780139
307,5.764659957096606e-05
308,0.6666472505295482
309,0.9993298819048435
310,7.125853666672738e-05
311,0.00028357721097471537
312,0.6153929493725115
313,0.3796044147617357
314,5.936112893916768e-06
315,3.3443950569102017e-06
316,0.9999886340785195
317,0.9999262016614585
318,0.00022434886955267016
319,0.9999923943078909
320,0.9999958573927724
321,0.6173247761734142
322,2.6163617834474392e-06
323,4.9228048262737235e-05
324,1.281489288378414e-06
325,0.16484792051231487
326,1.5947452233041534e-06
327,0.9999628839579225
328,0.9965157851350961
329,0.9999966840258215
330,0.9977180101278799
331,0.00020025647142924948
332,0.9999617796196721
333,0.0009508623513235472
334,0.004737808434774969
335,0.00010921334936924279
336,8.964107111988991e-06
337,0.9999988203680648
338,0.9994419309413786
339,0.018995340353519158
340,0.0007251201221534482
341,8.158928417440757e-08
342,1.547598050597723e-07
343,0.00020716965956213299
344,0.9999352820838708
345,0.9999946057397547
346,0.14289795660131044
347,0.9859591416495822
348,0.9906084245996968
349,0.9999204512018159
350,0.9371795873741083
351,0.999598434302106
352,0.23191740203124278
353,0.9999948275136555
354,0.9999877202570512
355,0.9998707724275033
356,0.9999997417774708
357,0.9999992107754048
358,0.9950147855227022
359,0.0001031309189396802
360,0.9997176629411819
361,0.9999953278851468
362,0.9941847063569774
363,0.00012615813187200197
364,0.0022537928528570668
365,0.03858067154339029
366,0.0004024292307490605
367,0.9999111311884538
368,0.0004670366769294797
369,0.12361688337423109
370,0.9999917031300426
371,0.9999984632663049
372,0.9999250395596528
373,1.2456060789409429e-07
374,0.029520916431398897
375,0.9974506993776765
376,0.9999984870881223
377,0.0003312775766013362
378,0.9992909857583971
379,0.0002863843565403219
380,0.9975262955485916
381,0.9895436636728145
382,3.248918968512583e-06
383,6.119440978399656e-07
384,0.7144351230710486
385,0.00010086504754606369
386,0.9999971435026437
387,0.9306859750896739
388,0.23149011319840787
389,0.9929794880818656
390,1.1331369854626116e-05
391,3.07818424855666e-05
392,0.00017978181789652926
393,0.9999964143052429
394,3.414380158254977e-07
395,5.810618373878441e-07
396,0.9999279294168933
397,0.9998969203151356
398,2.640164711106124e-07
399,0.9936058770124807
400,0.13630251636277418
401,3.283997918016052e-05
402,0.9999830150206955
403,1.0146448059631226e-06
404,8.798511167853479e-07
405,0.04331923268429542
406,0.9999957668428345
407,6.295894737062947e-05
408,0.231573414635007
409,0.9998480331480009
410,0.9894408938713856
411,0.9999975434279551
412,0.9999997156759006
413,0.7098308590055844
414,4.334360986844854e-05
415,0.9933215948851905
416,0.0020783980891396765
417,0.9999676994734591
418,0.9999989679529779
419,0.9996681570789674
420,0.9999994942904253
421,0.9999427439704855
422,0.9999686791029462
423,0.0007289417559173813
424,0.9999857973444722
425,0.00831092161396703
426,0.9987305251467036
427,0.9999354912578867
428,0.0012619142098215456
429,0.9994596377333974
430,0.0004088665406369619
431,0.9999848851942064
432,5.963887183554384e-06
433,1.2158648195257795e-05
434,1.1606093004741057e-06
435,0.00035293251789649834
436,0.999974454602607
437,1.2702772305991519e-06
438,0.9948775995100841
439,0.003504841213239983
440,0.0003703203663413172
441,0.9950675743413625
442,3.438671653209622e-07
443,4.5893619601113946e-07
444,0.0001826627132582362
445,2.5327606528691644e-07
446,4.263661603877175e-05
447,0.0037334958543104096
448,0.08554574646114191
449,1.0689964298613589e-05
450,0.0008260377891791711
451,6.873207225900355e-05
452,0.9999819905993854
453,0.0001048072962080269
454,0.057545789981740064
455,0.0005590647477575879
456,0.9985689963586752
457,0.22638151034178725
458,0.9932503815342248
459,0.27033193714085774
460,0.9977670098505232
461,0.999379085173557
462,0.999998951418251
463,0.11595157521509361
464,0.9999984334380724
465,0.04789862170740979
466,0.9999979281482327
467,0.0015594603839406069
468,0.9702439829054396
469,2.025197582336037e-06
470,0.000271292012666628
471,1.16240298307217e-05
472,0.9991693595134826
473,0.9999669612349885
474,0.9999983009733505
475,2.7027142779182604e-06
476,0.9999988227352903
477,7.010894400821834e-07
478,0.9999956894234774
479,0.03023250873225251
480,0.002143893420063594
481,0.997783151957191
482,0.0004480321466287415
483,0.9930246971049764
484,0.9999591344161595
485,0.0034089773716347417
486,0.0004709951290374243
487,0.9996923074530631
488,3.1305086836946494e-05
489,0.9999949422371759
490,1.12786923572856e-06
491,0.9999972634948977
492,6.071415005567651e-07
493,0.9934228601982273
494,4.9267818953478594e-05
495,0.9999889153286952
496,6.310105161985563e-07
497,3.552666338172062e-05
498,0.8665220065435585
499,0.9999946950180122
500,0.041770822209372234
501,0.8112559704441096
502,1.5402957899572728e-05
503,0.9999896293372508
504,0.4298566099527793
505,0.022737818158783177
506,0.010945615306574879
507,1.0512270850984588e-06
508,0.999995644007681
509,4.774011973704239e-06
510,0.031007952782411946
511,0.0669976540574404
512,0.9999984179994087
513,5.137393328020354e-07
514,4.141392528361361e-06
515,0.999999141044343
516,0.9301031125639554
517,0.04057917060153497
518,0.9914681098396795
519,0.9843976679526517
520,0.007829699677740951
521,8.875659458152437e-06
522,1.1373932109388849e-05
523,0.989482032503263
524,0.8995489787214896
525,4.9045021261577584e-05
526,0.022190148308296208
527,0.009622628222578228
528,0.9973614946357894
529,0.9999897437585735
530,0.9999224549137916
531,0.9999444917023333
532,0.5792015540853046
533,3.986819199462661e-05
534,0.014326749616294146
535,0.9967510986000769
536,0.002609385666211004
537,4.008868061529218e-05
538,5.414136309581329e-07
539,2.110580277800966e-06
540,5.017043323344665e-06
541,0.9983614526343662
542,2.7016109496693217e-05
543,0.027801797067119667
544,0.004644760581235297
545,1.4456401383585407e-06
546,0.00020629199152665992
547,0.005086740749918501
548,2.2269456937252748e-05
549,8.623156368769708e-07
550,0.9254272022875991
551,0.9982000266708356
552,1.3724803935649432e-05
553,0.9945916739174523
554,0.004054343802996383
555,0.08232289925416374
556,0.06990062108272967
557,0.9997536737650314
558,2.3364112824606856e-07
559,0.9995282631150149
560,0.9988578462292192
561,0.00020881408801020387
562,0.00015968912658547972
563,0.001096588672254252
564,0.9994430584631745
565,0.0022267732727897184
566,0.01439003105730938
567,0.9981019263377644
568,0.002274104715332941
569,0.9995138693759916
570,1.406672076319867e-06
571,0.9990662625922209
572,4.148950171734167e-06
573,7.107054213389352e-06
574,0.2790449135412357
575,0.925409071192767
576,0.30070536273301013
577,0.9998604663781572
578,7.660199682049879e-05
579,0.9852788007213183
580,0.9999657429162073
581,0.9999823241726319
582,2.0938185689003974e-07
583,0.02389497301468296
584,0.9999916002682011
585,0.9998665921640114
586,7.667246422541777e-07
587,0.003390980052855766
588,0.21117540831309936
589,0.999428861011602
590,1.3703565572065513e-05
591,0.9985806283946098
592,4.655870516789958e-05
593,0.0001412812194250817
594,0.0001131543784291901
595,0.999994543846646
596,3.0112042251293098e-06
597,0.6200586681722683
598,0.0011099433836028996
599,0.004396194884793039
600,0.9978041966759512
601,3.8222548573610426e-06
602,3.146632848609534e-05
603,0.004634540857463455
604,0.011633518580027405
605,0.9999210304464636
606,0.9930547089863888
607,0.0011115227739951976
608,0.9998988698409268
609,0.9996728975378191
610,0.07106247121976031
611,0.9679170536570123
612,0.9875442352180933
613,0.9770043351516823
614,0.9968069745970847
615,0.9996667491867822
616,0.9999837787357297
617,0.999925324662067
618,0.18027108391803784
619,0.9668965464785324
620,0.9999330140737124
621,0.00022156853971287474
622,0.00015183043470803738
623,0.006853488025497242
624,0.5314077575671884
625,3.0109549620358633e-06
626,0.9705226961143748
627,2.6139706525156598e-05
628,1.1744803901806837e-05
629,0.99991152776556
630,0.9732715898004369
631,0.9999221301718856
632,7.022044723038577e-06
633,0.9999904807170844
634,0.9997952673709142
635,0.9979520859746034
636,0.8313303734349985
637,0.0005367014960521086
638,0.9997290555874168
639,0.0008502099241174446
640,4.917976696832879e-06
641,0.5038449298021181
642,0.9979697077508592
643,0.00030818836087691877
644,0.00012467677080992684
645,0.9993386946395276
646,7.639077291143778e-07
647,5.593519304288157e-07
648,0.0006754364154961306
649,4.663461821805641e-06
650,0.9999905692508323
651,0.999998589776801
652,0.9999804150527907
653,0.99787269416036
654,0.9998026744817663
655,0.9809397394466056
656,0.9987614066392793
657,7.688171070327298e-06
658,0.9076839554741019
659,0.998174731097584
660,0.9349822774237485
661,0.9999994695526824
662,0.9999535198467799
663,0.9998303703563702
664,0.15346519891736776
665,0.0016281048465534831
666,0.9998507202439718
667,0.9988979329821813
668,0.03638863181674441
669,0.9573979585244043
670,0.9995231844341678
671,0.9999772597601712
672,0.9999996220716574
673,0.9546494049736586
674,0.998024689491059
675,0.0006418123891768797
676,0.165902766752507
677,0.9947660116405802
678,0.9821837254887363
679,6.484704494883058e-06
680,0.00012861845104961548
681,0.9041977342105074
682,0.9839616746641329
683,0.9966796785243537
684,0.999787435008391
685,0.0006156952493185199
686,1.991207170828725e-05
687,0.9999933557715499
688,6.853891687172757e-08
689,0.00040337392700240583
690,0.8650464740840617
691,0.0005679120546034552
692,2.019879741726199e-07
693,0.9241981204777654
694,0.9999757231933459
695,8.670870754182998e-06
696,0.0013373079915235155
697,1.3267105797278907e-06
698,2.628413872951942e-05
699,0.9995021490087459
700,7.1262345055033245e-06
701,0.9904928967284871
702,0.999847762145119
703,0.9999660740738094
704,0.9999987188532942
705,0.999999406446524
706,0.1947999337099063
707,5.616048053203275e-05
708,7.388896405412909e-07
709,0.9684018348311348
710,0.02899920952885115
711,0.14941958178064552
712,0.9999999579979311
713,0.00030477376491374356
714,2.113087556463139e-06
715,0.9999995540705399
716,0.9991982290924788
717,0.0004578676469567869
718,0.9752027121305875
719,0.9999777237538408
720,0.000554694832033428
721,6.533908570893296e-05
722,0.9999984969236347
723,0.9973793491340784
724,1.6303663631959013e-05
725,0.18893792900365586
726,0.9993352570876725
727,0.7674861048946215
728,9.501688061356363e-07
729,0.9999974744956912
730,0.9967319662304734
731,7.908883707114429e-05
732,0.999773021487512
733,0.8368996067970286
734,0.008070200208334162
735,0.9999756921382859
736,0.001390310167330402
737,0.005581263266722846
738,0.9999410168760786
739,0.9999937404622116
740,0.999458135790854
741,0.0003634796829708731
742,0.9998477577840116
743,0.41744152179629385
744,0.9999937453143886
745,0.6668907148565348
746,0.5934773275719666
747,6.090507227493889e-06
748,0.9959157038851939
749,0.9993879788587708
750,2.4081471091902462e-05
751,0.1672149794015236
752,4.61534658441025e-06
753,0.3991638210594808
754,0.6682474793009537
755,0.4139035473334015
756,0.9999977559061666
757,3.9266989303982895e-06
758,3.332499384984758e-06
759,0.010802482060223655
760,0.9999884984049006
761,0.6606499310552856
762,0.9997057658736153
763,0.9996225904375161
764,1.1522097190493688e-07
765,5.789765549378129e-06
766,0.9999685082226898
767,2.3041963418270788e-07
768,0.999730833955284
769,0.41481851110361645
770,0.9997682239873231
771,0.00012403384028348278
772,0.0014232130354044463
773,0.9999756729483033
774,0.9998327072555926
775,0.9958608111960496
776,0.999854367900307
777,0.9994168830207084
778,0.9999334200960309
779,0.9999328682565102
780,0.19843521912261533
781,0.08184567077277743
782,1.0224288976816474e-05
783,3.643857760699109e-07
784,0.9999839086715606
785,0.9998662563915506
786,0.18273291544411174
787,3.3683570535922943e-06
788,0.00033227768942859366
789,0.9651009840570258
790,2.4822006054299505e-05
791,0.9999981814101268
792,0.9999133840920436
793,0.9989534289696348
794,2.974236153567085e-07
795,0.4606740375380346
796,0.8751087334141017
797,0.9999824981135759
798,1.4162169230475537e-05
799,1.8337350597816277e-06
800,0.000642320491948209
801,0.5095522951862294
802,0.999933666748336
803,0.0010230828484646295
804,0.001191555636333134
805,7.835990989197267e-05
806,0.0023218924652781744
807,0.012863084409172405
808,4.4078855585856775e-05
809,0.0040942282352941246
810,5.2018162138333035e-08
811,0.6190223645610774
812,0.9999997120116454
813,8.427205554060305e-06
814,0.9988320071558486
815,4.457287652233237e-05
816,0.9999966357473582
817,0.20553040390534627
818,6.032453837830895e-06
819,0.9999881064613081
820,0.9999863176824272
821,0.06844806798289874
822,0.8633735341433536
823,0.002221847515534601
824,6.12684280156036e-07
825,1.29835418505508e-07
826,0.2461766165203077
827,0.0821635294297675
828,0.9999967714305891
829,0.9218653216537724
830,0.9851054344520165
831,2.572990084187261e-05
832,0.9983832435205751
833,0.000733006468216748
834,0.9999699210074561
835,0.0016822938810459025
836,0.9994516117034411
837,0.9997969898148352
838,0.998514371449237
839,0.026765487324849197
840,0.006564121566333339
841,1.727429814751797e-06
842,0.00212947078409983
843,0.9890031522092032
844,3.6498610835324364e-06
845,0.9476865446613426
846,0.9996614695600402
847,0.9999901147625209
848,0.00012163200796487869
849,0.8313531064666383
850,0.9999589932829079
851,0.000162449971742989
852,0.0005816578279429072
853,0.8925305385154134
854,0.9998968416044796
855,0.9969904823946728
856,0.00047133400972488714
857,0.9999949053331324
858,0.9434985776360002
859,0.010539954121600357
860,0.9993957367750328
861,0.3998677865831213
862,0.7239956017595686
863,0.9999999221957873
864,0.9999835372225511
865,0.004153799877766709
866,6.399409336224338e-05
867,0.9897422310532319
868,0.6619002995831048
869,8.59783647459252e-05
870,0.9997771374936804
871,0.9999547010608455
872,0.004217150135490031
873,0.02929860613509954
874,0.9999994866224065
875,0.0068174421364088165
876,0.9999932295468399
877,0.9995863820659744
878,0.843056880729126
879,0.9999989675287511
880,0.992037597777447
881,0.9999635921267586
882,0.002668800081381007
883,0.9999960938564796
884,0.30339179310543524
885,0.9999919168432292
886,1.4004640983839216e-05
887,3.158394612972937e-06
888,2.4258520167868188e-05
889,0.312175715148701
890,0.9999793280521311
891,0.998854648115591
892,9.929518396737899e-07
893,0.9998777640193091
894,0.9938558894146161
895,0.9999994118283417
896,0.5720351104914614
897,0.004903703747943524
898,0.00035702919839668317
899,0.005082214679590109
900,0.9999865824531312
901,4.632312739969069e-05
902,5.8466292305406536e-05
903,7.877912568753082e-05
904,0.17638844496602257
905,4.602779402711025e-05
906,0.9980185592613023
907,3.853866872714973e-07
908,0.533876573662517
909,0.0008652177093761428
910,0.3224539339450522
911,5.869550982720933e-06
912,7.113306174498018e-06
913,0.0008551855887965321
914,0.999990493176566
915,0.09611598465280104
916,0.006161237912748401
917,0.0004035348639178917
918,0.999993912717315
919,0.9953118875586565
920,0.999977856914936
921,0.9999988825775444
922,0.0012123602220062688
923,0.9999932865342039
924,0.00033936007093133077
925,8.580310500785634e-07
926,0.5329935051223482
927,0.9995770826725202
928,0.6502438350622024
929,0.9999984770499278
930,0.9999863594281203
931,0.999996406762379
932,0.9999801326273853
933,0.8628857016702252
934,0.9991219040161318
935,0.05578708076793402
936,0.00045098474146016023
937,0.9999978481301222
938,5.295274502779682e-06
939,1.0483969386169268e-05
940,2.9716976797490652e-05
941,0.8812604163040473
942,0.9593762350372768
943,0.09634381984267439
944,0.9999352792568846
945,6.122578755759872e-08
946,0.9999626301016242
947,0.05619821381296979
948,0.09196863083854752
949,0.04185206902675125
950,0.9999559709484683
951,0.004645546866595734
952,8.130049801516323e-05
953,0.006188718033299167
954,0.9670807154426236
955,1.1892604794420934e-05
956,1.6458533502278112e-05
957,0.02646314622412437
958,0.9414952880910168
959,0.9998822762865439
960,0.9999021580148356
961,0.8244357432228757
962,0.9862979984790561
963,5.846776546603715e-06
964,0.0005340976939049611
965,0.999998980271575
966,0.9995010064701191
967,2.759463235093272e-05
968,0.9999996698715794
969,0.9999993560849879
970,0.003676135588814245
971,0.999326756402093
972,0.9999960137652482
973,0.9762970432573868
974,0.9999982239428964
975,0.9366495911991647
976,0.10596977190296233
977,2.3533223018443503e-06
978,6.884995257891199e-07
979,0.9999998977108744
980,0.010855928870041063
981,0.6138369120810628
982,3.3074224648699233e-07
983,0.9999831645663266
984,0.011571940936124384
985,0.4826960561526441
986,0.9996813274603124
987,1.0199239842655315e-07
988,0.9973446874281223
989,2.803757290870015e-07
990,0.943495932509597
991,0.00293783286713534
992,0.5739201214478215
993,0.9999897768482653
994,0.0006626349323204504
995,0.999996997692634
996,0.9999572640799784
997,0.9998723052288804
998,2.387941962757554e-05
999,0.9999950584560559
1000,0.9969159196388221
1001,0.009933495776182948
1002,0.9591689125333215
1003,0.00011340111174644804
1004,0.0047348045570220765
1005,0.9999973900887871
1006,3.7658307221320464e-05
1007,0.9999510044167199
1008,0.19632814819584649
1009,0.9978292560837703
1010,5.7809671142634274e-05
1011,0.9999438640679523
1012,0.9883284282111799
1013,0.007483496000252611
1014,0.2543551477125566
1015,5.405449712050454e-07
1016,0.9369595342096486
1017,0.38559385057597967
1018,0.9995245973366249
1019,7.273679180610203e-07
1020,0.9999922729283001
1021,0.9909504714011705
1022,0.905630472595705
1023,8.752906449518525e-06
1024,6.177948076840072e-05
1025,0.9940505147727102
1026,0.999964808545183
1027,0.9999744412230734
1028,0.999999638982874
1029,0.9999973568002393
1030,0.001532936088714788
1031,0.9999492333350345
1032,0.9999669034729212
1033,0.9999982837535456
1034,0.9999998065434431
1035,2.2999730609426228e-05
1036,2.720280284359543e-06
1037,1.8772026735500762e-06
1038,0.0016744042301931805
1039,4.714750273948259e-05
1040,8.788042150846587e-05
1041,0.9999722293504625
1042,8.69269520882051e-07
1043,0.00035163431451954466
1044,0.9997570282596843
1045,2.1663284916350725e-05
1046,0.8859184462469338
1047,0.9996393045665193
1048,0.016537389603621663
1049,0.9999009196280771
1050,0.995758586839071
1051,8.175551966000123e-07
1052,0.5219721421924296
1053,0.028318647675946093
1054,0.0003922637762632986
1055,0.565936523366038
1056,0.9999237533173919
1057,0.9999536527592396
1058,0.020643046168760032
1059,0.9999643432771261
1060,2.605764233382241e-06
1061,0.8292842015347355
1062,1.1905217506823458e-06
1063,0.0001242705970909767
1064,0.7827607252885377
1065,0.5591070227414607
1066,0.0001548459139422731
1067,0.7575958280092787
1068,0.9940151824175848
1069,0.9994223678023777
1070,0.4935699549803232
1071,0.9999977209007833
1072,0.00033874530188914134
1073,0.9251127394667625
1074,0.22311220122411854
1075,0.9970689008747906
1076,3.2494038310487326e-06
1077,0.9704168534184512
1078,2.470137178555347e-05
1079,0.0041227624581642915
1080,0.9999971580260849
1081,0.9993513565083285
1082,0.9997296321763905
1083,0.0012504077887461362
1084,0.6207202192785585
1085,0.9999972133796818
1086,0.9999981701723405
1087,4.216146383415924e-05
1088,0.999753205849883
1089,0.9997999072924877
1090,0.9999984462952299
1091,2.6789581036571003e-05
1092,4.3492912028934005e-06
1093,0.999999128239215
1094,0.9992916579405215
1095,1.1763379605652682e-05
1096,0.9685455660504292
1097,1.0768814124822103e-05
1098,0.00010402249337374537
1099,1.182199500892859e-07
1100,0.9979011310562469
1101,0.9995384628572364
1102,0.09671623740490774
1103,0.9999330274714119
1104,0.00013175605787798785
1105,0.9995661959924547
1106,0.005933502825756009
1107,0.006617008621915929
1108,0.9999981445992964
1109,0.00301957627053637
1110,0.9977688534035029
1111,0.11067314026936854
1112,0.0009853072094913816
1113,0.999581596535583
1114,8.741948772152886e-06
1115,3.6804047279954452e-06
1116,0.013155896183144822
1117,0.9999930094295053
1118,0.0004011994476284585
1119,0.4818339540029869
1120,0.9999840049222924
1121,0.9973214369118427
1122,0.9999873044684621
1123,0.8819469565319087
1124,0.00046704653148859135
1125,0.9999964787709806
1126,0.2712183539564356
1127,0.5938846768426804
1128,0.9938826153568217
1129,0.9886337223129196
1130,0.00018335660979468545
1131,8.919042965439596e-07
1132,0.9886962393789773
1133,0.9958776132331545
1134,1.8036407126477636e-06
1135,0.9818370051496713
1136,0.9947823358246352
1137,0.5948686366479251
1138,0.2729974025036416
1139,0.5563668758250259
1140,0.5064404225621547
1141,0.32344396167754813
1142,3.236621262688525e-07
1143,0.9999996167100088
1144,2.481043006058738e-05
1145,7.730332642510142e-07
1146,0.9999447983755446
1147,0.006064351707464805
1148,0.9999164027733222
1149,1.6200367726752525e-06
1150,0.9982396062036475
1151,0.9994624468175639
1152,0.9997557424620254
1153,0.0005073586330378087
1154,0.99997792772068
1155,0.9079014390057366
1156,0.9999598907643101
1157,1.528246481890776e-06
1158,0.06673617651850454
1159,0.0017127470187830707
1160,0.9999972060044271
1161,0.0008278371558103071
1162,2.7434837267105353e-05
1163,0.9999520153435636
1164,1.3439600723280383e-06
1165,7.463709653150093e-06
1166,6.984891792059514e-06
1167,3.4210646335616414e-06
1168,0.9999841929567106
1169,0.08991596790530969
1170,0.9999699338455097
1171,5.937918249865945e-05
1172,0.9999366538457661
1173,0.005994270233365852
1174,0.2305542891981811
1175,0.7941609324092149
1176,0.06610520729605165
1177,0.0002049821671719007
1178,0.9661660307710905
1179,0.999998344831948
1180,0.6274614577048605
1181,6.501843834193744e-06
1182,0.05897525177546568
1183,0.8456525656977132
1184,0.9978913652312003
1185,0.9973840666418173
1186,0.00034641541627032673
1187,0.008627522695173865
1188,0.9999932303032795
1189,0.9999969561119622
1190,0.9999970023878211
1191,0.027171287354566778
1192,0.9829011211077833
1193,0.9977620996485396
1194,0.5436077706274892
1195,0.9631535298635147
1196,0.9999863146011959
1197,3.62856841484831e-08
1198,0.9999657173593045
1199,0.14804355004892505
1200,2.2207610792274057e-05
1201,0.9999981344546286
1202,1.6285618151932443e-06
1203,0.002138927864138165
1204,1.0554134142701479e-06
1205,0.9999973465616913
1206,0.999990784855799
1207,0.10488331180776345
1208,0.9982483158346729
1209,0.0004362750689422676
1210,0.8528058235809166
1211,0.001587933308755645
1212,6.625673747021154e-06
1213,0.9997940406807212
1214,1.2578026062421663e-06
1215,3.911069777522718e-05
1216,0.997946539194112
1217,0.008712294240069297
1218,0.9996266970612349
1219,0.0008791815329301036
1220,0.02979297172739546
1221,0.8748267207907836
1222,0.9923100914881077
1223,0.9999785675850249
1224,0.99995983082265
1225,0.016925029461957737
1226,1.443502229468412e-07
1227,0.0006527968201955546
1228,0.9327977614446691
1229,0.00012385999938595922
1230,0.019410573428989827
1231,0.9999982602528936
1232,0.09479260342642053
1233,0.005621356547972017
1234,1.3782447199953946e-05
1235,0.9988096840500624
1236,3.761754795849377e-07
1237,0.0037870651685672535
1238,0.9995165828183268
1239,0.999989809592084
1240,0.999882765719463
1241,0.00035258887070825965
1242,0.999834124268223
1243,0.9999785360762974
1244,7.224228380070806e-07
1245,0.008514314877614337
1246,0.003419947655719763
1247,0.9923783614385355
1248,4.884058114428435e-06
1249,0.9999985607567257
1250,0.9943674920722143
1251,0.9999960727531533
1252,0.9996530681202653
1253,0.9994614445353004
1254,1.734930633273674e-07
1255,0.012734380636505433
1256,0.020384688372347748
1257,9.422600446921602e-06
1258,0.0002700446251188668
1259,2.5702907240151923e-05
1260,0.058712635167154116
1261,0.9999920195799658
1262,0.9955919938178184
1263,9.009883554469283e-05
1264,0.9999995780209139
1265,0.00026322217303936465
1266,0.9964157901791373
1267,5.0488098153468794e-05
1268,0.8231004494914568
1269,0.00029656367762225633
1270,0.8914171731254479
1271,0.9992242155647586
1272,0.9995524015642508
1273,0.9874696014114862
1274,2.2120893042400038e-05
1275,2.160334674941192e-06
1276,9.515249946769405e-05
1277,0.9996879634708922
1278,0.5756154335264936
1279,0.9979596350794274
1280,1.2108781534770567e-07
1281,0.0008535639159790398
1282,0.9982527733285419
1283,0.9985358807253287
1284,0.0011117051690190624
1285,1.6226297139164493e-07
1286,0.13509194377388295
1287,0.9913199785995102
1288,0.9878133535930042
1289,0.0005324634483232243
1290,0.9997687026218905
1291,8.859796191611403e-08
1292,0.004325143962803004
1293,0.999999542460345
1294,2.2829641794144025e-05
1295,1.64258848141059e-06
1296,0.9999610238962175
1297,0.9979349402594521
1298,0.9958138142435836
1299,0.0022781022990631455
1300,0.6553541417980943
1301,7.283245452764751e-07
1302,6.180093491939751e-06
1303,0.0006560844783459292
1304,0.0002441868301357595
1305,0.33596293586054576
1306,0.8522780542688075
1307,0.9999973415924749
1308,2.579617030986845e-05
1309,0.9964513410544443
1310,0.0590478077839773
1311,0.05194231339694053
1312,7.898511280530715e-05
1313,0.9985779507226602
1314,0.9999339606656653
1315,0.9999972642005387
1316,0.9999388775048805
1317,0.0493755828676726
1318,0.9999671385850316
1319,0.9999897660383389
1320,0.9973366469416206
1321,0.9094093154966346
1322,8.777819450904926e-07
1323,1.3918326041788828e-05
1324,0.19321784067395562
1325,0.0019492025659129941
1326,0.24847607750840633
1327,0.9999105922902214
1328,0.0013295531085204388
1329,0.9995313083475907
1330,0.0005025625764680233
1331,0.008935794912203834
1332,0.9998414254831718
1333,0.7325452354642175
1334,1.032872431721266e-06
1335,2.089390979947683e-06
1336,1.610949302161084e-05
1337,0.9997851432344621
1338,0.014664104730729866
1339,0.41632722945196726
1340,0.9998965273335693
1341,0.9999988072453896
1342,0.9999986112393024
1343,0.9977124820871456
1344,0.9999593337517741
1345,0.9998729806725387
1346,0.2523226655911588
1347,0.9999498877574069
1348,0.0001015028013306246
1349,0.0007523669913111093
1350,0.9999799785166461
1351,0.0010355657542593254
1352,0.9999900039121294
1353,0.00025560806943104435
1354,7.287780013391164e-06
1355,0.99220253666383
1356,9.618135698114946e-06
1357,0.9981972560765565
1358,0.999985335649534
1359,0.9999692859188903
1360,0.009636303691980567
1361,0.00015904599986726878
1362,0.7238515144802165
1363,0.9999931124175288
1364,0.9999689309510147
1365,0.807744270572907
1366,0.1689571253042785
1367,0.9998782951099888
1368,7.190805576552443e-05
1369,0.9489851176704827
1370,0.9995935962037773
1371,0.999951401767082
1372,0.9999957974656141
1373,1.0940169539511804e-05
1374,0.9999966356119963
1375,0.9999522314089517
1376,1.1741062189180651e-06
1377,0.9999270653814469
1378,2.5813357750422075e-05
1379,0.9999967477795114
1380,0.9996572358593687
1381,0.9961461651544062
1382,0.9999860554966965
1383,0.9999473584422677
1384,7.57572645142283e-05
1385,0.0012430570373685762
1386,7.775944420870317e-05
1387,0.9882178531403786
1388,0.9999991268608729
1389,0.9999406191260479
1390,2.2703311618892444e-07
1391,0.9996567150160216
1392,4.312902924507188e-07
1393,0.014549664121898427
1394,0.9992368428519877
1395,0.009730793022652246
1396,0.9999894475733393
1397,0.9510051461146712
1398,0.032771948046929844
1399,0.9999268247125283
1400,0.9995056138142484
1401,0.9997707590172019
1402,0.9998089287921675
1403,0.9998095605368477
1404,0.2027283521706233
1405,3.427190844833953e-07
1406,0.9996844032632873
1407,0.9997555493041452
1408,0.21438734461659936
1409,4.0065612016610375e-05
1410,0.9999509900551898
1411,0.9575588909749888
1412,8.476979673875336e-05
1413,0.9990760817665691
1414,0.04635726177349837
1415,5.404251242854754e-06
1416,9.559011377475233e-07
1417,0.999998287978662
1418,0.00020020763035872403
1419,2.4172652941562704e-05
1420,0.000765072560018951
1421,1.9708665607755126e-05
1422,7.650011034400406e-07
1423,0.6791998595376307
1424,0.9007331173127747
1425,0.998551512510193
1426,0.998398555345996
1427,0.0004973221023012105
1428,4.551139576496861e-05
1429,0.9999947425370143
1430,7.898837285601074e-05
1431,0.9999995745938413
1432,0.9999998525232756
1433,0.0003998101094052453
1434,0.005049287369633807
1435,0.17384131411266388
1436,0.9999976621029331
1437,0.9990588813352236
1438,8.211046541346373e-08
1439,0.008662633868359991
1440,0.0005353260993723128
1441,0.9992228355731444
1442,0.9996462743755797
1443,0.9999914816685678
1444,0.999954474713576
1445,0.9998308534920404
1446,0.9700733681748317
1447,1.8534040328988002e-05
1448,0.020434066285546164
1449,0.993648352894491
1450,0.014269707218059934
1451,0.9540106649433389
1452,0.9998096256624709
1453,0.035165861977816446
1454,0.9989726058148178
1455,2.7745356782650806e-05
1456,8.661191885772876e-06
1457,4.812445962659935e-07
1458,0.9884763183259989
1459,1.6423680539074734e-05
1460,0.9999677464667477
1461,6.79150048826884e-05
1462,0.0007831878346665288
1463,0.3107039706801077
1464,0.0066495465333093855
1465,0.7096225158324165
1466,0.8774944636778537
1467,0.015240510147566964
1468,0.9970486468195783
1469,0.9999549666860591
1470,0.9987113434148712
1471,0.9999924419069621
1472,0.9999247834485998
1473,1.0507569458431296e-05
1474,0.6018156812514942
1475,0.0033980582479349263
1476,0.9589081887559113
1477,0.2058132131761365
1478,0.004250240763836771
1479,0.00022358921562028481
1480,0.7649825295753467
1481,0.8928705896695291
1482,0.9999156004883158
1483,3.19904224560786e-05
1484,0.9999685964498007
1485,0.012129277248935044
1486,4.829621295467097e-05
1487,0.9999884511257607
1488,0.9996912112148384
1489,0.9999448309166317
1490,0.9787584233823678
1491,0.14951400299436846
1492,5.841847160180698e-07
1493,9.587004293812817e-07
1494,0.004967130390084982
1495,6.033553668008177e-05
1496,0.0054935865182013845
1497,0.9920310952906101
1498,0.00022386804864078623
1499,0.058211108882936985
1500,2.7103378575119994e-05
1501,0.6853788108589378
1502,0.00017819226646329157
1503,0.011301748624506378
1504,2.1847932753577002e-05
1505,0.9999299864180917
1506,1.187378282781408e-05
1507,0.9987663790754188
1508,0.9688908955526794
1509,0.9999736545500806
1510,0.9939407757407435
1511,4.75299952166948e-08
1512,0.040591432728758606
1513,0.9999418556385465
1514,0.9999243474473876
1515,3.4664707268226094e-05
1516,1.1924943320240655e-06
1517,0.9999839768874071
1518,2.9842492407077213e-05
1519,0.9751338298198603
1520,0.9999550824119697
1521,0.9991903524406843
1522,0.18077371543549153
1523,0.9949485239758218
1524,0.8732352425739646
1525,0.9999576352259051
1526,0.9996289030829678
1527,0.9978043675312454
1528,0.9998482840815174
1529,0.9664172526401194
1530,1.4036701791649856e-06
1531,0.0005066346161476283
1532,5.57375757438591e-06
1533,0.3114778152228458
1534,0.08715358495976679
1535,0.9999895524029002
1536,1.6547622991994827e-05
1537,0.7434068650815282
1538,0.9997915106338215
1539,0.002194095823107816
1540,2.4297041577474534e-05
1541,0.00016767690997816675
1542,3.8698715527271386e-05
1543,1.2363786624986598e-05
1544,0.00032130820317748777
1545,0.8576613988289608
1546,0.9922813999197228
1547,0.01900598728787016
1548,1.7485741667761983e-06
1549,0.999673293061241
1550,0.9999691702512837
1551,0.999889480108266
1552,0.017496340324046157
1553,7.96312057532349e-05
1554,1.2298845590080655e-06
1555,0.9459822165237707
1556,0.9999337601818883
1557,0.9975560207828112
1558,4.5108104584935414e-05
1559,3.2641050520715115e-05
1560,9.940816699839878e-06
1561,0.9992662319450363
1562,0.004431067902910989
1563,0.22047808936257648
1564,1.1018357964351958e-06
1565,0.8834901803273251
1566,0.999290251819771
1567,0.00017389820389782128
1568,0.9899099420577991
1569,0.9999649036596129
1570,0.999985162840713
1571,0.9992139161254459
1572,7.36369644079082e-05
1573,0.9999993798070553
1574,4.727965987746888e-05
1575,0.0002687661385917009
1576,0.00016368385543395614
1577,0.9996193624264437
1578,7.9893734902039e-05
1579,0.014322106472977495
1580,0.0004891854482625423
1581,0.9999923947476032
1582,0.23681748836666108
1583,0.8868818745680116
1584,0.9686330209977689
1585,9.247274234759416e-06
1586,0.9990554697240136
1587,0.9999995690318365
1588,0.9999989788302274
1589,0.9998452394581724
1590,0.00046260013682661446
1591,0.8691634782730624
1592,0.999582738725572
1593,6.266157427631376e-05
1594,0.023055632830979788
1595,0.0019728934935880496
1596,0.9999937857348586
1597,0.00044707590651650445
1598,0.014820145874525787
1599,0.9998773200502621
1600,0.941198721003278
1601,1.8726385704717683e-05
1602,0.9999991835368118
1603,0.025576667557695044
1604,0.9616076959707696
1605,0.999958178613144
1606,0.0021807912813158912
1607,5.260568224670334e-05
1608,0.9840202852109682
1609,0.0025373619254691485
1610,2.214365118793428e-05
1611,0.9983358785005028
1612,0.007847592791851897
1613,0.9999574660358862
1614,0.9980172822643961
1615,0.0003606741431329258
1616,0.6624485764262117
1617,0.19019386410433578
1618,0.731574333747022
1619,0.9999974726898322
1620,0.9999994579118424
1621,0.559669319088288
1622,0.0025800648921138693
1623,0.0002455174034975996
1624,5.790482615804445e-05
1625,0.00010396683508342788
1626,0.9999649172188361
1627,0.9983920960242257
1628,0.9999110789266586
1629,0.9999273702324127
1630,0.9647607944526703
1631,6.421064141801804e-06
1632,1.4071172242086355e-05
1633,0.9060752894865008
1634,0.008493972088781594
1635,0.9998511227436432
1636,0.5085190931257246
1637,0.2559074673246692
1638,0.9987691872537766
1639,0.9999997240430343
1640,0.10846650710848112
1641,0.9999393920108202
1642,1.444279535189219e-05
1643,0.00020729948940722092
1644,0.9930768815021603
1645,0.47783894823429357
1646,0.011400690257678496
1647,1.4581928060314616e-06
1648,0.9998512330975343
1649,0.0010475571646332504
1650,0.9999833193348093
1651,0.2264130280206574
1652,0.10900523288549209
1653,2.1570589100253215e-06
1654,0.9998292279793478
1655,0.687303414889846
1656,0.9982206012142495
1657,0.0033819476825864754
1658,4.53140031519845e-06
1659,0.00141518372005438
1660,0.04948949144218249
1661,0.9999816442289
1662,4.754762355835521e-06
1663,0.9999214199345593
1664,2.6950836831237122e-05
1665,0.9999210133443706
1666,0.16497156402672836
1667,0.0010428532597087483
1668,0.0009854744434431351
1669,0.9999956744513933
1670,0.4954514823599062
1671,0.001268862778527564
1672,2.5144707286322712e-05
1673,0.9999217276403253
1674,0.000977732191383903
1675,1.4219278659055437e-06
1676,3.2777191499514866e-07
1677,7.076272464996332e-05
1678,0.0035279675614096114
1679,0.7646823803756285
1680,0.9999816377856562
1681,0.2659138833524329
1682,0.023275821980515546
1683,2.238347225588412e-06
1684,0.09427588407134568
1685,0.9755796165285302
1686,0.1794331812681209
1687,0.9999784395674854
1688,1.0393792434906255e-05
1689,0.0009303136532361913
1690,1.2699698084547689e-05
1691,1.5916503410076572e-05
1692,0.04211571330983698
1693,0.9854752253099437
1694,0.00010464152588620193
1695,0.9999977635036229
1696,0.006535087985698395
1697,0.9987210802384023
1698,0.00010575210492276499
1699,2.304725408768146e-06
1700,0.999973778645547
1701,0.5803188159586095
1702,0.9999671039434292
1703,0.9994496365382542
1704,0.9999946683233462
1705,0.9990292080998187
1706,2.2321057765983988e-05
1707,0.05605784173818442
1708,0.9999946185276383
1709,3.6986319231074062e-06
1710,0.006000352890173728
1711,2.8208443058504623e-05
1712,0.9997298839457459
1713,0.999827922447848
1714,0.0054282672782024035
1715,0.9992377013194617
1716,0.0004006819862111381
1717,0.3973074850573013
1718,0.8537115429393654
1719,0.9999091538319316
1720,0.6414011271596931
1721,0.9999995794149735
1722,0.9999975309910587
1723,0.21010703001971967
1724,0.21904100570616483
1725,3.062030806627374e-05
1726,1.970794332481668e-05
1727,0.9580969120649062
1728,0.06771569509605657
1729,2.8776058977979456e-06
1730,0.028618494979394296
1731,0.999960155600221
1732,0.9834110611755201
1733,1.3438069138645802e-07
1734,0.9954263314429596
1735,0.8732865926743012
1736,0.999995500295351
1737,0.017474729395511826
1738,0.999980185120267
1739,0.28874389758928454
1740,0.9999754631195437
1741,0.9999813428482027
1742,0.9996999231606728
1743,0.9999942999404376
1744,1.979797111821948e-07
1745,0.3099983358866509
1746,0.0004319353430795627
1747,1.9493807980311603e-07
1748,9.801809877897072e-06
1749,0.9998947262848381
1750,0.7061438982652672
1751,0.862181669755075
1752,0.9999902603008902
1753,0.5225142009608054
1754,2.3330371091295002e-07
1755,5.6588751291097e-06
1756,0.3306649164822876
1757,0.9996881682522962
1758,0.9999471188811945
1759,1.9141608226790424e-07
1760,0.999988951156681
1761,0.9999999478128022
1762,9.685538573426854e-05
1763,0.0005613883730676904
1764,0.004992421509253201
1765,0.9998093338700099
1766,4.12536267555524e-06
1767,0.9999119783600159
1768,3.580219438272859e-06
1769,0.017572708877376348
1770,0.0017198080029862705
1771,0.978102091955697
1772,3.2891884941006552e-06
1773,0.9999878369472806
1774,0.999299021682711
1775,0.9954680989544852
1776,0.9980679922139052
1777,0.9959996514325808
1778,0.061985482525684824
1779,0.00014789630819588053
1780,0.9999972744099007
1781,0.9999855000032571
1782,0.0007012429679671399
1783,0.9999994838059383
1784,0.00015930790177424742
1785,1.2973414257224025e-06
1786,0.9996911480011244
1787,0.00015328482482359653
1788,4.660630726684206e-06
1789,0.9994114558406538
1790,0.9859421319662882
1791,1.1729458534733532e-07
1792,0.9997223431168909
1793,0.9851394729027402
1794,5.56086639746462e-05
1795,5.15327493303535e-05
1796,9.146700455961016e-07
1797,0.9999902500101353
1798,8.709186806500228e-08
1799,0.9994084741763951
1800,0.9999730421289503
1801,0.996010197667853
1802,0.017327936456150387
1803,0.9999985995747677
1804,0.9874694709106455
1805,0.00010624278631739636
1806,0.9999555592583033
1807,0.9494731126632752
1808,5.00112155635181e-06
1809,2.001212020193092e-07
1810,0.0663993747488405
1811,0.9999978571383299
1812,0.5483422031678884
1813,0.8695497023585146
1814,0.9999944636076795
1815,0.9997455907049495
1816,0.01069683590922506
1817,0.9999205252814929
1818,0.9990912668635497
1819,0.9999936560657692
1820,2.4535582100566877e-05
1821,0.02997646293847477
1822,0.005217374830504724
1823,0.9995840270570261
1824,0.0009006778986407569
1825,0.9999860992703853
1826,0.9999046581998796
1827,0.9999178400032469
1828,0.8912701131376114
1829,7.427154382466262e-05
1830,0.9999688485235182
1831,0.9999948207484746
1832,0.9990224055383777
1833,0.9999990613813693
1834,0.0011205519964212194
1835,0.9999809383334166
1836,0.9999948336347936
1837,0.0024102510624861135
1838,0.0002510468867157642
1839,0.0879200718718807
1840,0.9998801924814658
1841,0.9998364834892094
1842,0.9945405796645826
1843,0.999178057845839
1844,0.0005907325091974022
1845,0.0014145295910242613
1846,0.9999871698361502
1847,0.21084911091925304
1848,0.00042796656593635784
1849,0.9707378804931495
1850,0.6538915703200127
1851,6.491249146350451e-06
1852,2.0003632697624616e-05
1853,0.9999979117201105
1854,0.00014404739052659385
1855,0.9999631031843197
1856,8.017015770924242e-06
1857,0.9999957206815333
1858,0.9964153109417965
1859,0.8907161319704442
1860,0.9999974328210578
1861,0.001780828356949418
1862,0.2945715145048826
1863,0.9099481097668479
1864,0.11799104947602178
1865,2.1893654244795013e-05
1866,0.00020613128200910796
1867,0.0012141109743175052
1868,3.537869699988781e-05
1869,0.9973748940306288
1870,0.05017508780624019
1871,0.9999975982034087
1872,0.028491107044745747
1873,0.001506999297067209
1874,0.9994326009355469
1875,0.9989644107756127
1876,0.0034421383627885947
1877,0.9997091749266322
1878,0.9999838420265764
1879,0.7909517432679027
1880,0.00029384826277171594
1881,0.041081935339365515
1882,0.9999838062285082
1883,0.9908808105206373
1884,1.794128140640007e-06
1885,0.9202538504916506
1886,0.6483362883169669
1887,0.9999993336820271
1888,0.9938313700351462
1889,0.9999944827152617
1890,0.0009839826148443694
1891,0.0005516281782054123
1892,0.00048119019752077295
1893,0.9982773165346456
1894,0.00997501901640403
1895,0.9999888158138418
1896,4.191049870574984e-05
1897,0.9994474847601471
1898,0.9999687186194367
1899,0.9999876968364269
1900,0.9981717579573333
1901,0.9991590540889826
1902,0.05190458601491294
1903,6.364306706390775e-06
1904,0.9999640539284048
1905,0.9999057465500869
1906,0.7056147155519922
1907,0.00998817260716771
1908,0.9319227183126424
1909,0.9988363578775958
1910,6.750805000743055e-05
1911,0.016081777817418163
1912,0.10066830649668551
1913,0.27179498247410977
1914,0.9979628514364015
1915,1.3866254664025693e-05
1916,0.010231076350705111
1917,0.9875789751127892
1918,0.9999744742344155
1919,0.999874584286758
1920,0.0026314305370665164
1921,3.3420069264054292e-06
1922,0.00014251349802578344
1923,0.9999938340390305
1924,0.7302338877082116
1925,0.00037666384284788324
1926,5.396700565859944e-07
1927,0.9999979603530355
1928,0.0011034950102694313
1929,0.9998886980048388
1930,0.9879436058750651
1931,0.004575528092472023
1932,0.9735725484887862
1933,0.9998714360318472
1934,0.9999986804859872
1935,0.9977824883103127
1936,1.4668259972580746e-07
1937,0.9999034701649802
1938,5.9495103410121385e-06
1939,4.850257046733968e-05
1940,0.008453511032501023
1941,0.0010543036482868905
1942,0.8885929084063328
1943,0.9999955042416494
1944,0.9994412286827801
1945,0.9999078014126676
1946,0.9996631789825897
1947,0.05032405795269341
1948,0.0013294466607773245
1949,1.8548031404413818e-05
1950,0.9999914515967055
1951,0.9999981082958954
1952,0.999998984625033
1953,0.999002706238295
1954,0.0035102621771856968
1955,0.9968550809044191
1956,0.9938019180677208
1957,5.233326048377715e-07
1958,0.9849618165193975
1959,0.9662358735919456
1960,0.9999898992294884
1961,0.9820496408080965
1962,0.0017114511264437024
1963,2.8397375458269522e-05
1964,0.999992922991187
1965,4.1915655662523916e-05
1966,0.9999893232738957
1967,0.12306167791298381
1968,0.9905459379984896
1969,0.9999964433657662
1970,0.8331155607799094
1971,0.12598170128488345
1972,0.005642667392830427
1973,0.8593837324421327
1974,1.3430620377433552e-06
1975,0.04813242412596311
1976,0.9967016815663241
1977,0.9999937253474772
1978,0.00016048622718528948
1979,2.129996089176258e-05
1980,0.04932826901231985
1981,0.9999963316437378
1982,4.022257232726016e-05
1983,0.6175158305007702
1984,0.9999771335809235
1985,0.9998735566747816
1986,0.004619892725616363
1987,0.9999755418738565
1988,0.9996422896774014
1989,3.564867209824294e-05
1990,0.8952395648225301
1991,0.9680590515440016
1992,0.999999392048413
1993,0.14791217531101047
1994,0.007656667658368193
1995,0.822999761911895
1996,5.74834143153644e-06
1997,1.357263591490723e-05
1998,0.9999324444966314
1999,0.007630451523187416
2000,0.003422036519280662
2001,0.9999854406828638
2002,0.00032913140467521237
2003,0.08636310523130199
2004,0.9773048877517171
2005,0.4420700330791774
2006,4.96447012402697e-05
2007,0.9999611602590482
2008,0.9357533526287672
2009,0.011694578223510759
2010,0.9999851559464453
2011,0.9922346332910773
2012,0.9997542995645469
2013,3.18901584995143e-05
2014,0.30182409492229895
2015,7.095961840194227e-05
2016,5.452494265231074e-06
2017,0.9999982586975921
2018,8.92409951543043e-06
2019,0.13684669565289384
2020,0.9999135728705635
2021,1.2950384772471744e-06
2022,3.6949320131819356e-07
2023,0.5126569718466458
2024,5.884882549995939e-06
2025,3.712212315600082e-07
2026,0.8720418433437567
2027,0.999526673314283
2028,0.9999857533921765
2029,0.9999989710469663
2030,0.7557229618482016
2031,0.9990699446374313
2032,0.00012057847425577413
2033,0.0015888410428434839
2034,1.1466776422857963e-05
2035,0.9648877232910946
2036,0.9999878081107458
2037,5.452742837018481e-05
2038,0.05367667629992974
2039,0.00018235287058550626
2040,0.3854596971370642
2041,0.9993563845225293
2042,5.3773556263640315e-05
2043,1.9613696144335475e-05
2044,0.9998869549922182
2045,0.9584265833224729
2046,9.181761478396609e-08
2047,0.9907224468164416
2048,0.9999632450545163
2049,0.00025676282778014153
2050,0.9941272105937442
2051,0.9796760861938932
2052,0.9996895083309647
2053,0.9580842644240752
2054,1.3140130236824434e-05
2055,0.06661931939198953
2056,1.121304578616142e-06
2057,0.9986908179955191
2058,0.9997659029459344
2059,0.0019216616937872044
2060,0.005328499790979348
2061,0.0007040424927904689
2062,4.7453310203332986e-06
2063,9.883523797128647e-07
2064,4.682474807692121e-06
2065,0.00021736793272405372
2066,2.793864692472516e-05
2067,0.00010588301128839356
2068,0.9999947364281184
2069,0.9999899826231697
2070,6.548775339800226e-06
2071,0.0006373498340817268
2072,0.000305861344799582
2073,0.999722280355885
2074,9.080076412592444e-05
2075,5.860001845311363e-06
2076,0.9999364366188898
2077,0.9999625535526326
2078,9.632488610941154e-07
2079,0.9995877935339782
2080,2.365820140658652e-06
2081,0.05835255419238841
2082,0.9998838309134239
2083,0.9990808132296158
2084,8.389354584102013e-06
2085,0.9996984401893142
2086,3.5322120249229605e-05
2087,0.9999981827252484
2088,2.1681481823833806e-05
2089,0.6387894478596624
2090,3.495387885865658e-05
2091,0.9999230568016758
2092,0.5898159855935842
2093,0.9966629609725779
2094,0.9985240435472418
2095,0.9888353047006057
2096,3.267817771975588e-05
2097,0.999978009380382
2098,0.9702117926037959
2099,0.999932238910261
2100,0.9999677476541348
2101,0.00017886765889333443
2102,0.9999758316613234
2103,0.9999958239929398
2104,0.0011692149487215926
2105,0.9890994105181546
2106,0.8524849503407341
2107,0.4859803533101819
2108,0.9999610313614188
2109,0.00045112188611523297
2110,0.9988312385956186
2111,0.9999969661930674
2112,0.9999861661221486
2113,6.238955845064383e-06
2114,0.14373045798624662
2115,0.9999870719590424
2116,0.09171309329266951
2117,0.00036904045756637737
2118,2.839805571553409e-07
2119,0.9999981386103318
2120,0.5774536670571313
2121,0.9999839815593938
2122,0.9944940955749849
2123,0.9998904855037201
2124,3.2347175016591143e-07
2125,0.625608078533996
2126,0.9986188418344846
2127,0.000693078273051404
2128,0.9658668449591643
2129,7.450525100017874e-06
2130,0.010989170689906784
2131,0.0017870212285546615
2132,0.9999225689281689
2133,0.040659441321278
2134,0.9855064827288827
2135,0.9504709454760374
2136,0.2213590975908074
2137,0.0016505199185979245
2138,9.393869705839558e-05
2139,2.1286788662962342e-05
2140,0.9994544930442184
2141,0.9999979780594928
2142,0.9999816867954993
2143,0.9990750503622755
2144,0.010184810470849891
2145,0.9996739177805083
2146,3.473993750187563e-06
2147,0.9943141836201227
2148,2.2247688951667094e-05
2149,0.000764639327497188
2150,6.196053874627098e-06
2151,0.5862432918575196
2152,0.7035044328407748
2153,2.815148821439789e-06
2154,1.1821059960363308e-05
2155,5.925734237910271e-05
2156,0.011437754726539712
2157,0.7493776468043173
2158,9.025474655602655e-06
2159,1.3875600100992284e-05
2160,0.9999713395775891
2161,0.999976701342104
2162,0.9999648282331384
2163,0.00012110451540763728
2164,0.038989703662541245
2165,0.9976626310462093
2166,0.9996826907011135
2167,0.985618134494787
2168,0.013814072962203402
2169,0.9994260098728447
2170,0.9999908762745314
2171,6.800506375482599e-06
2172,0.00036277955477577955
2173,0.9999122253054346
2174,0.6643496533296682
2175,0.9359258916368107
2176,5.686466303374583e-06
2177,0.011873222519154888
2178,0.6816257441625566
2179,0.9987522860496896
2180,0.9998421226777697
2181,0.01926162818253619
2182,0.9736501051883638
2183,0.9905781211262916
2184,2.720685346229214e-07
2185,0.9969663869803868
2186,0.9999992250168988
2187,0.0008002332357457445
2188,0.08903804109121329
2189,0.9999142419663808
2190,7.796709881291231e-08
2191,0.4835743514427817
2192,0.9779944301348285
2193,4.491152531189703e-05
2194,8.773484992774244e-06
2195,0.00965326486442389
2196,0.18950690184368366
2197,0.993151639945267
2198,0.9999543453672814
2199,3.1981938308403403e-07
2200,0.9937821604056154
2201,0.9999306761321652
2202,0.028949154472023324
2203,0.0008875362138384406
2204,0.9994794458719
2205,0.14968566007193973
2206,0.9995003442177871
2207,0.9999984643093027
2208,7.1836987089514775e-06
2209,0.9975388160348458
2210,0.000755581479649261
2211,3.4250278736994993e-06
2212,0.7019140856579639
2213,0.9984113777229933
2214,0.9817964399671143
2215,0.999902390796166
2216,0.9742431012175408
2217,0.739889282960681
2218,0.0006601186678342152
2219,0.9875139823654241
2220,0.00019349898749340552
2221,0.9999965272242407
2222,0.9999991060164471
2223,0.9999994991388785
2224,3.7011375261313113e-06
2225,0.993640007699366
2226,0.9999998174278748
2227,0.9983378071370292
2228,0.9662300727575838
2229,0.9999931841671222
2230,0.002990412077297235
2231,1.1936147447726637e-06
2232,8.054678783848471e-06
2233,0.9999354479149755
2234,7.198821074247033e-06
2235,0.17971843192915607
2236,0.2697407620074715
2237,0.003389676504918882
2238,0.00568585373345059
2239,0.9999614836856189
2240,0.010260603613799808
2241,0.000545663813875478
2242,0.9927986661057508
2243,0.7015638859877157
2244,0.00019320448825804789
2245,7.112188672968756e-07
2246,0.6119133756114546
2247,0.9785921721293572
2248,0.9999992262681447
2249,2.3930430250673314e-07
2250,0.999996554470273
2251,0.9999991660654299
2252,0.996124225787099
2253,0.999997059250665
2254,8.996640787506437e-06
2255,3.572851342511809e-06
2256,0.9999975020002431
2257,0.9996924021205518
2258,0.9989872735901071
2259,0.08218393325940837
2260,0.001990436938800298
2261,0.3615706695591558
2262,5.980482971340025e-05
2263,4.727674725423724e-05
2264,0.9982617921949651
2265,8.48622491923944e-06
2266,4.7028698362940787e-07
2267,0.9999723553059316
2268,0.9999806343451557
2269,0.9999990360964689
2270,0.9987892013638707
2271,2.611213989020054e-06
2272,0.9996118995429819
2273,0.9999199050425341
2274,0.9873652327634668
2275,0.12999969954583399
2276,0.46627524048904034
2277,0.9999798086420182
2278,0.0017167114009166054
2279,0.0005198173523425111
2280,2.0302687341652961e-07
2281,0.9999520446832443
2282,0.002054734718386281
2283,0.9999845915082789
2284,0.9920683091443362
2285,0.8829034379772188
2286,0.000773664721240047
2287,0.9999999295692082
2288,2.589922247340973e-06
2289,1.6869935305108784e-05
2290,0.999999709764127
2291,3.0183107676717943e-06
2292,0.9994845979858767
2293,0.9999906930719199
2294,0.00043561400833305085
2295,0.9997191672433916
2296,0.9999974758089649
2297,0.9997552809754632
2298,0.9999611845333729
2299,0.9999987343545229
2300,0.0018193571954358099
2301,3.031764490474184e-05
2302,0.000472979505253898
2303,0.9998979097622187
2304,0.9983971366663711
2305,0.013827984833516016
2306,0.9971823519066805
2307,0.9999998626566258
2308,0.9999996382732083
2309,0.9999839998702945
2310,0.8859700306312737
2311,0.0005953031039219122
2312,0.7793795646473904
2313,0.9998549710856436
2314,0.04051859667978603
2315,5.6011358661755526e-06
2316,0.0013553782416022688
2317,0.9933229645769882
2318,0.00019638207122093428
2319,0.0002915125331128941
2320,0.9992533732857494
2321,0.9999819020098736
2322,0.9999982376659798
2323,0.3228259333081493
2324,0.9325779742527422
2325,0.5799585202756579
2326,0.9999933992566702
2327,0.9989799156863469
2328,5.78284448867871e-06
2329,2.1212608798965477e-05
2330,4.674696200797231e-05
2331,0.9999946988011938
2332,0.9996276468186084
2333,1.884985380661842e-06
2334,0.9994764781745875
2335,0.9999663663286446
2336,0.9961503872500981
2337,0.9910310593895583
2338,0.9999982710917277
2339,1.8435147878356384e-06
2340,0.9999987968412621
2341,0.9252706208303967
2342,0.0005036242536224125
2343,0.38815071911781945
2344,7.299410993950898e-05
2345,0.910990247867586
2346,0.9863060739691099
2347,0.9998715241815059
2348,0.9999426162322389
2349,0.0016059735152921782
2350,0.9999311925972295
2351,3.845209776417952e-05
2352,0.9999688724696932
2353,0.9592463415175223
2354,0.9898251232153511
2355,5.9987712835110526e-05
2356,0.013683550415811162
2357,0.98403898279758
2358,3.2256486372406154e-05
2359,0.9995122296962101
2360,0.9999817955830509
2361,0.998798415416159
2362,0.16893823352502468
2363,0.999945871461761
2364,0.9999992034811162
2365,0.9988152252840342
2366,0.00010912152323163578
2367,0.5025311155767127
2368,3.0436278203601335e-06
2369,0.99993406424809
2370,0.00016703069869795814
2371,0.9998657586331827
2372,0.9999983103915109
2373,0.0006442884010695514
2374,0.07147220145395099
2375,0.2603886908217604
2376,0.9998894741310227
2377,0.9976863381467412
2378,1.3275906053286256e-05
2379,0.0019793057692009948
2380,3.769341425107859e-05
2381,0.9999497687710406
2382,0.99637206421996
2383,0.05673019268831977
2384,0.9990704439519928
2385,0.00015375193227202966
2386,4.264399052209849e-05
2387,0.9997938730319298
2388,0.9997760323326557
2389,0.2991059624446673
2390,0.7554289082177988
2391,0.13595603731820285
2392,3.5046815717616943e-07
2393,0.987418366492627
2394,5.69503631320044e-05
2395,0.11281214338504189
2396,0.2997409030345826
2397,0.9996697266961313
2398,0.9999972779142622
2399,0.9997477768290327
2400,0.9997997124820045
2401,0.9687299467444563
2402,0.00032459410073326476
2403,0.0003077613720486295
2404,0.07829252303525601
2405,3.197582046126756e-05
2406,0.9999965048923929
2407,2.5451741947438675e-05
2408,0.0001564268505695644
2409,0.6763955982730884
2410,8.021154931828525e-08
2411,0.39001052569810873
2412,0.9999932834610655
2413,0.9999993799231958
2414,0.8763563331342251
2415,0.9992614651333278
2416,0.01580881447915277
2417,0.9999474786702808
2418,6.811373989025497e-07
2419,0.04262420340475594
2420,0.1017692905224928
2421,0.0005169327277004318
2422,0.9998195441934635
2423,0.005529579786858499
2424,7.832120061000703e-06
2425,9.527539596418384e-05
2426,0.00015636665494535016
2427,0.06958394838113216
2428,8.928793451439901e-07
2429,0.01091766690161228
2430,0.3966407136177343
2431,4.43955267874144e-06
2432,2.7866070333650566e-05
2433,0.9999028203766646
2434,0.3573576294386926
2435,0.9231748820761733
2436,0.0016591724784467384
2437,0.9999988529752224
2438,4.849003584803812e-07
2439,0.13622584072100868
2440,0.9979659650986099
2441,1.0968744959906648e-05
2442,0.9999298034434775
2443,0.9996046827563898
2444,0.998094813305161
2445,0.9999464653661276
2446,8.092381737958045e-06
2447,3.0125291473828122e-06
2448,0.9992093026427183
2449,0.0010628870739387637
2450,0.9994932094306369
2451,0.7875322628012533
2452,0.0011687865161768456
2453,0.9999980754823133
2454,0.04953927107574931
2455,0.9999152678545071
2456,0.0007575190401600619
2457,0.999932445119594
2458,0.09156458397264343
2459,0.9551512328087821
2460,0.9999856537469222
2461,5.652552392549251e-05
2462,0.2675058677980118
2463,0.03958062441373175
2464,0.7449860357535041
2465,0.9998897388304251
2466,0.0019328811296327598
2467,0.9993720298478397
2468,0.00034342908268111463
2469,3.124471178208934e-07
2470,4.6478943334282595e-06
2471,0.0017447788240618329
2472,0.9998918839116571
2473,0.9997458734221714
2474,0.9999616900317382
2475,0.005423158024682264
2476,0.99983972511311
2477,2.4626396824636532e-06
2478,8.752274391471687e-06
2479,0.96801978165334
2480,0.999998087784778
2481,0.006477817130085677
2482,0.9998582368800553
2483,0.9991532730006237
2484,0.9999457762615722
2485,0.9999998464338073
2486,0.0023879821460676943
2487,0.006241977972919052
2488,1.0560904592189675e-05
2489,0.8965842718404481
2490,0.9999980982372216
2491,0.22212887181555363
2492,0.9998972011117584
2493,4.937501394567392e-06
2494,0.5975181687124247
2495,0.00768748927677201
2496,0.9281045547544624
2497,1.7637318257216733e-07
2498,0.0836204509156462
2499,0.9912265601784436
2500,0.07580951580900672
2501,0.9999915160011867
2502,0.9999972309527088
2503,0.9977575782451336
2504,8.227660129954963e-05
2505,2.9096286133678943e-05
2506,1.1048901847880614e-06
2507,0.9999666139659952
2508,0.18027652773733147
2509,0.01383507908494299
2510,2.2925486935035033e-05
2511,0.9999991501994682
2512,0.008110831328457222
2513,0.999969054907778
2514,0.9999790167465356
2515,0.999957991379707
2516,2.8114434509749817e-06
2517,9.406249694595605e-05
2518,7.895981551985752e-08
2519,0.00018339205174622584
2520,0.9998609705950107
2521,0.3077142377849958
2522,0.9999433116399887
2523,0.9979322804775893
2524,0.0012644670252968235
2525,0.9998734739444276
2526,0.9999934781973507
2527,0.9999980183511284
2528,2.656984631938945e-06
2529,0.9931448312383351
2530,0.007050797795965903
2531,0.0008643035646811046
2532,0.999652730120661
2533,6.777489536868763e-08
2534,0.9999880500903635
2535,0.6182886160444491
2536,0.9997509903554325
2537,0.9812798238578049
2538,0.9975035097707937
2539,0.9998534585662081
2540,0.9982092876463718
2541,0.301359478847919
2542,0.9999841320472849
2543,0.9999993932497069
2544,0.9975979977366091
2545,9.514168291380038e-05
2546,0.9999997717932231
2547,2.51852997654588e-07
2548,0.00018669476251078227
2549,0.9998189310470013
2550,0.237197128691932
2551,0.9999319753560144
2552,0.9999690599864115
2553,0.9653968588368105
2554,0.9999979445113754
2555,3.416665368815444e-08
2556,0.9822585623791465
2557,1.87672344791405e-07
2558,0.00020743521673951645
2559,0.001300263297579468
2560,2.0170244184412526e-05
2561,0.999976381372453
2562,0.8976784606208864
2563,8.308634191284123e-05
2564,0.9999703526484869
2565,0.9997522987036873
2566,0.9839914948757865
2567,0.9799369228597875
2568,0.9999977813717236
2569,0.9999959041058729
2570,0.9999953393937725
2571,0.9919934178139259
2572,0.0008391837168498218
2573,0.13832094837534503
2574,9.466314366592993e-06
2575,0.39918085297572764
2576,0.9999949412215999
2577,1.9028863351784946e-07
2578,5.9369967265047955e-06
2579,0.9999996372830248
2580,0.9997560714565704
2581,0.9998946276150867
2582,0.9999804584647208
2583,0.06465618252034652
2584,1.8492523741689586e-05
2585,0.9987788189552348
2586,0.0008992018840058472
2587,1.094577668187642e-07
2588,2.4869290730317482e-06
2589,0.07395431689812135
2590,0.9999808774752752
2591,1.1689630995324985e-05
2592,0.9999543027825599
2593,0.004880240607957571
2594,0.002941319474604866
2595,0.04578617853742288
2596,0.004411384804393782
2597,0.05111742007099028
2598,0.9989823682669825
2599,0.9999988789020403
2600,0.4841438812336297
2601,0.9999680870653699
2602,0.9999860649142296
2603,0.0042277082126043935
2604,0.9541617991943804
2605,0.9980245773270446
2606,0.8327611906797528
2607,5.394302277517944e-05
2608,0.019753953347188123
2609,0.01323395876733079
2610,0.9983215307426606
2611,0.011269761136664674
2612,3.3274256737800426e-05
2613,0.99940293355109
2614,0.0006873746647030075
2615,0.999994868625214
2616,0.9974587015085663
2617,0.9999995791143947
2618,0.012543415721540207
2619,0.00016773866295818456
2620,0.00016543514169235448
2621,7.014987003082815e-07
2622,0.156640715294675
2623,1.475612545111786e-05
2624,0.04126277267554766
2625,0.9994715027596981
2626,0.9983741346292727
2627,0.9999828607463723
2628,2.2933636850838174e-05
2629,0.9998357972830129
2630,0.9999141857163167
2631,0.9968747506251887
2632,8.368683701157658e-07
2633,0.999759593865371
2634,0.0002491734268482888
2635,0.0010513845998932543
2636,6.35229291670061e-05
2637,0.0001373367180278024
2638,0.9996312469813748
2639,0.9970191121364436
2640,0.0015562305458042926
2641,0.9956353548856638
2642,0.9998456218193317
2643,0.7848063083627042
2644,0.0011425816789422513
2645,0.9999658012971571
2646,0.000106617452707284
2647,0.9760705586609415
2648,2.1333954620819016e-05
2649,0.9999969582862153
2650,7.761323454244545e-07
2651,0.9999250190329719
2652,0.9996594079545686
2653,0.9999952725576424
2654,0.999945723458407
2655,0.0027008681782536943
2656,1.0963210581604358e-06
2657,0.508766946968369
2658,4.658614768125748e-06
2659,0.9999914992001073
2660,0.9998391779663539
2661,0.9999084040286378
2662,0.1802955171006144
2663,1.1842671644387014e-06
2664,5.595270384931571e-08
2665,0.1622920497884922
2666,3.0032544414217242e-05
2667,0.21146259974629614
2668,0.999993448068565
2669,0.9901003328130491
2670,0.9945970277152824
2671,0.020879655641769215
2672,0.00021557143049597715
2673,0.9999953373844005
2674,0.0002835017161038307
2675,0.2225745636838591
2676,0.9980601454033968
2677,9.140282311378736e-06
2678,0.9962971197787063
2679,0.014839195479295549
2680,0.9999990100486779
2681,0.3453369208088435
2682,0.28420457491271484
2683,0.999999193945764
2684,0.07606511382107854
2685,3.0219257175284005e-05
2686,0.9999942593795069
2687,0.9959848005308998
2688,0.9797541434772342
2689,0.0009160789866092455
2690,0.00027970761288778525
2691,0.9940778232850251
2692,0.9985903104082272
2693,0.9993584750423148
2694,0.00023766565930224273
2695,0.9998974023300727
2696,0.6817623366803993
2697,0.3553308439078956
2698,7.700138131775704e-07
2699,0.880647700049327
2700,0.9999877036471947
2701,0.9997471823508847
2702,0.000227925594714643
2703,0.00024087957127541228
2704,1.7786115796723273e-05
2705,0.00010060050197101673
2706,0.10668181628109208
2707,9.470313315591018e-05
2708,0.9999731689287434
2709,0.9999961720840416
2710,0.4958796755655174
2711,0.9999817816060727
2712,0.9998618301171837
2713,0.016907015532230073
2714,2.4611754522642795e-06
2715,0.0003921191954773475
2716,5.753109508074494e-05
2717,0.9999994790433625
2718,0.003916346396246147
2719,0.999958146280506
2720,0.9999517069170298
2721,0.9998504861907365
2722,1.880742937938644e-05
2723,0.9999957503168025
2724,3.746732523768948e-05
2725,0.9647187236925239
2726,9.657766301028511e-06
2727,0.9999740424205708
2728,0.0005871936938979043
2729,7.791958638601383e-06
2730,0.9987680803995928
2731,0.9863911402687232
2732,0.9994644816680445
2733,0.99860921728498
2734,0.9999898177648131
2735,9.105894982126066e-05
2736,0.0002442078674948438
2737,0.9968776066691769
2738,0.9999912331502705
2739,0.0004251075759845704
2740,0.00012200456588393593
2741,0.9999789461968075
2742,0.9042035530087904
2743,0.7662243949270536
2744,0.6342497292409801
2745,0.6999202238175327
2746,0.0005544508341177634
2747,6.305925364165458e-06
2748,0.008704319468707124
2749,0.952016681903426
2750,0.9992367804789275
2751,0.02281977980777624
2752,0.0007427295867116486
2753,0.6729785609297582
2754,0.7030827176102856
2755,7.487118919954926e-06
2756,0.999977700905661
2757,2.693768290454967e-05
2758,2.8131212303366184e-05
2759,0.9999886148850423
2760,0.9550933920789298
2761,0.9993124671091955
2762,0.997263827647993
2763,0.9999981390526481
2764,0.0010690134300148867
2765,0.0001652152550459231
2766,0.0007654325714681488
2767,9.352388324628189e-09
2768,0.0004094999781626595
2769,0.9998778903051804
2770,0.9991838656589485
2771,0.9967279859814153
2772,0.1866889147403267
2773,8.399624685403503e-07
2774,0.9250589624250721
2775,0.9997338173148768
2776,4.6859311435411987e-07
2777,0.9492484586758655
2778,0.9939413964721323
2779,0.0001634284461502843
2780,0.9987519828073319
2781,0.0027554351088888663
2782,0.9855465484154603
2783,2.8381403669137695e-06
2784,0.0034588800886675803
2785,0.9820574399594854
2786,0.0008799500238427402
2787,0.00012453535150403608
2788,0.1487300636490015
2789,2.4436224815257025e-05
2790,5.317711033843329e-07
2791,0.7358333494155995
2792,0.9995898180606161
2793,0.032773209346250554
2794,9.686755288879135e-06
2795,0.5711668344117135
2796,0.9154779216627666
2797,0.9999967396138487
2798,0.9999818896177555
2799,0.00018056484388575603
2800,0.23652489262750753
2801,0.40234987958621454
2802,0.00013703572468536402
2803,0.0022616172543039647
2804,0.9835856703600825
2805,0.999996658011309
2806,8.876042471781132e-08
2807,0.9938648815555465
2808,0.9998117728868353
2809,0.036463222817934494
2810,0.9995701990147268
2811,6.38211792791288e-05
2812,0.5771287904436607
2813,0.001243857438121872
2814,0.9586603089427057
2815,0.9999969031674679
2816,0.8766216138044163
2817,0.9725492141648009
2818,0.7595645100766402
2819,0.9958787063429831
2820,0.0011629989518467754
2821,0.00014735938925530893
2822,0.999997754762642
2823,0.011341887098582103
2824,0.9999727418198324
2825,0.8746372678308336
2826,2.6205344371581605e-07
2827,0.06984331706326898
2828,0.9989317871748982
2829,8.276857144142912e-07
2830,0.9999931252093297
2831,8.947463966416753e-05
2832,0.0027593488047065466
2833,0.9502277939199145
2834,2.435538213123508e-06
2835,0.26074500255183763
2836,0.9999947455581722
2837,0.025478795594012872
2838,0.9902542346751662
2839,6.979012936822783e-07
2840,0.0005195146460307317
2841,0.9998753184683559
2842,0.0009274313573792873
2843,4.093675450687124e-06
2844,0.9999939846347026
2845,0.21728175274194336
2846,0.9997872839256403
2847,2.4046071902973186e-06
2848,0.043176602376072855
2849,0.00856867753918907
2850,0.4190601061811771
2851,6.2325907483075815e-06
2852,0.010555424893765512
2853,0.9999964936065497
2854,0.9999655390622013
2855,0.258904679782729
2856,3.780564130555026e-08
2857,4.368547671038557e-05
2858,0.15867363043690713
2859,0.9546229186237752
2860,0.35844688212413994
2861,0.9850211219646878
2862,0.9999823838853222
2863,7.2514350107031876e-06
2864,0.9999071267126958
2865,0.9999966687039668
2866,0.6730338183467185
2867,0.9999653139951785
2868,0.007121352224672734
2869,0.999891863123343
2870,0.9999925217902831
2871,0.9999986821663714
2872,3.5489993814422634e-05
2873,0.9999991526786073
2874,8.47571076517449e-05
2875,0.9936087430500522
2876,0.999955797740948
2877,0.9951986872542568
2878,2.958483289254803e-05
2879,0.014674514193413916
2880,0.8826076200250704
2881,1.1334537472691677e-05
2882,1.5217527647128171e-05
2883,0.9762990246495983
2884,5.819686862536787e-05
2885,0.008060499577761936
2886,0.9980990433609033
2887,0.9999437848998729
2888,0.00018276763745534133
2889,0.9999996211106813
2890,0.9979291948855552
2891,0.6259785308481485
2892,0.9999985205587422
2893,3.4184368191910614e-07
2894,0.9999988545926669
2895,0.01924526451412336
2896,0.9830515153339531
2897,0.9999995851695291
2898,5.490398924123672e-06
2899,0.999993202275444
2900,0.9957483223234391
2901,0.9735771265117582
2902,0.9946748063529767
2903,4.706685571034201e-05
2904,0.9975063523797568
2905,0.009219843294300032
2906,0.01460438027945093
2907,0.9999926948367484
2908,0.00769052656825281
2909,1.9040152571010598e-06
2910,0.995169682512472
2911,0.0001798580401849497
2912,0.0003849982024120691
2913,0.0007998234849727129
2914,0.9985154615215253
2915,0.00043894076021704114
2916,0.28285346738311606
2917,0.9997376277878589
2918,0.9999974151627765
2919,0.9999993922096401
2920,0.9999995531420057
2921,0.9999999297541442
2922,0.9999953365421805
2923,1.5000027087561485e-06
2924,0.9999827052235537
2925,0.9946799472363385
2926,0.9999947508344823
2927,0.0035880857447048897
2928,0.9994584595098438
2929,0.9999573119902493
2930,0.9998869559131047
2931,0.9999975608747224
2932,0.9999771689434322
2933,0.9999278229726402
2934,0.9200072825382941
2935,0.14000313865404776
2936,1.280480580544648e-05
2937,0.9999991605920263
2938,0.003942905666429215
2939,0.9998202741064964
2940,0.9997001439829324
2941,0.9999841041435555
2942,0.14501411265789294
2943,0.6453025560660054
2944,2.6945698292915273e-06
2945,0.00032677506961750264
2946,0.9667048023903074
2947,0.999931253888154
2948,0.9999981602240954
2949,8.643476539414035e-05
2950,0.9999984470583798
2951,0.9999549651775842
2952,2.363955773039302e-05
2953,0.9986868672540663
2954,0.7414744325468351
2955,0.9998391146914882
2956,0.43348926959776735
2957,0.00010814966553085319
2958,0.9993254511143093
2959,0.9999935980179429
2960,0.9846354224189237
2961,2.0953203575233255e-06
2962,1.3607551102913178e-05
2963,0.9770172354899476
2964,0.9999995746077406
2965,6.723312968937394e-07
2966,1.8517403036904042e-06
2967,0.9999303834123816
2968,0.9677367191347479
2969,0.8929597696661693
2970,0.9999969171477474
2971,0.999957548940022
2972,0.9420655348825236
2973,0.9262167092404141
2974,0.9999848862835713
2975,0.9999598112268198
2976,0.9999855179729306
2977,0.9603712387130143
2978,0.9999982081569453
2979,0.9999993729515366
2980,6.564394916761319e-06
2981,1.4991015984553398e-05
2982,6.660175060240524e-05
2983,0.014318481420797597
2984,0.9946265165673446
2985,0.8337312152397196
2986,0.5359862109169092
2987,0.9985073996505106
2988,0.002020859268212799
2989,2.2825907032670328e-07
2990,0.00027620243492300383
2991,0.9999732987863275
2992,5.272504817699505e-07
2993,0.7636577263993182
2994,8.672334061716452e-05
2995,0.9995875009118428
2996,0.1862895165708088
2997,0.9996114512790306
2998,2.6991584830027572e-05
2999,0.0035758489713055733
3000,3.866948097351067e-06
3001,3.7868523194627007e-06
3002,0.8371226097212369
3003,0.9989646488893275
3004,0.9994060848370907
3005,0.9999986732074844
3006,0.9999999550245464
3007,2.2878926789525993e-05
3008,0.9999941706266354
3009,0.9928372820724022
3010,0.9708256140155967
3011,0.001210448389773299
3012,0.0001757674540171166
3013,0.011055002638339787
3014,0.8585200713026093
3015,1.2236887485892964e-06
3016,3.656838774501632e-07
3017,1.2035435644985009e-05
3018,0.9872930661140592
3019,0.9999884484835115
3020,0.9990772219309824
3021,0.9997724255850814
3022,0.026177918066526435
3023,0.01805077560348104
3024,3.21960163870957e-06
3025,2.4331760804776476e-05
3026,3.872883360718785e-05
3027,0.9999972755057315
3028,0.9995954525482293
3029,0.08178795743378461
3030,1.5348381205458535e-07
3031,0.9991601074182561
3032,0.9998257690986578
3033,0.9999965462465523
3034,0.12327796623864543
3035,1.1262035179121158e-05
3036,1.0704990992411742e-06
3037,0.9999975129342003
3038,4.123381661562812e-05
3039,0.9999052666323001
3040,1.084097776323626e-05
3041,1.2770242918677843e-06
3042,0.999592071502929
3043,0.9999834253841475
3044,0.9999771759763754
3045,0.0007322506441884782
3046,0.9993846504976522
3047,0.5671219159197581
3048,0.9999635966079221
3049,0.9885413229392144
3050,0.99982470014808
3051,0.8143234419966682
3052,4.074799729857322e-05
3053,0.9835223651719942
3054,5.932822928050799e-05
3055,1.5897648112763218e-06
3056,0.9981683495840165
3057,0.9999787651944848
3058,0.9999969100494251
3059,6.96798394987909e-08
3060,0.6630676823276912
3061,2.7973968134137937e-06
3062,0.9999417834618699
3063,0.9999570979362877
3064,0.9988933829285562
3065,3.0691823293902215e-07
3066,0.9998671961266375
3067,5.227483988968323e-06
3068,0.9999971131490043
3069,0.5571521044522951
3070,0.9999969297506859
3071,0.9942732971927147
3072,1.613239055215493e-05
3073,0.9999957165242439
3074,0.0023463140509121065
3075,0.42050211899395096
3076,0.00413022458999456
3077,0.9659885931978357
3078,3.853770243926296e-05
3079,2.6147756594807397e-05
3080,0.9999957376223612
3081,0.9998936628491873
3082,1.548892864557021e-07
3083,0.003412719414970351
3084,0.06364587500200411
3085,0.9503687410663206
3086,0.9999993806742485
3087,0.9986030879274974
3088,0.9993587562762763
3089,0.9922123777546686
3090,0.9602657730937915
3091,0.03641232559285236
3092,0.999995271709092
3093,4.395589966181415e-05
3094,0.9999407234122458
3095,0.031011486009103025
3096,8.336597126229218e-06
3097,0.9990827601985509
3098,0.9999947088202716
3099,0.9515940126528578
3100,0.999975568200625
3101,2.55008253034407e-05
3102,0.8340765645414127
3103,0.0002383300419691853
3104,0.014362625795056093
3105,0.9986032131176867
3106,5.233697580483841e-06
3107,0.12279082710689024
3108,9.465968261765535e-07
3109,0.0028835651533908784
3110,5.059730804857865e-07
3111,5.5462082301950654e-05
3112,0.9994258756319206
3113,0.9478444374050962
3114,0.9956812557172751
3115,0.9999949746202915
3116,0.6726136321335767
3117,0.8236150433667042
3118,0.9951908944624006
3119,0.00041269047099270605
3120,0.005178315622502227
3121,0.03669066519988811
3122,0.012912114819642698
3123,0.9877621480136582
3124,0.0881776710238895
3125,0.8164038600072077
3126,0.9999933277394443
3127,0.9998372823058245
3128,0.9946239369094312
3129,0.9999059813199567
3130,0.9999879917936746
3131,0.9953387602510778
3132,0.9999989904943692
3133,6.78403096833189e-06
3134,3.5253004091700584e-07
3135,0.7646428277122189
3136,5.21042699630004e-07
3137,0.20528819357619627
3138,0.9999795254758582
3139,0.9999259591391046
3140,0.9999655395922725
3141,0.004994043714757808
3142,0.9284283805818884
3143,0.0197621645836076
3144,0.230118714051419
3145,0.9999996978616981
3146,0.9999940792258775
3147,0.9998468531122806
3148,0.9999994301387384
3149,0.6231615925897994
3150,6.502517144857393e-07
3151,0.9778905291761508
3152,0.9999979935741373
3153,0.99974012187814
3154,0.950803105958441
3155,0.0012746074065879678
3156,0.9999864132377226
3157,0.9999989115357503
3158,0.9993831830507918
3159,0.9999934282036322
3160,3.225154551765969e-05
3161,0.9999910281497039
3162,0.0005522019275504615
3163,0.0018967978726529059
3164,0.999958515315187
3165,4.911145708286305e-07
3166,0.0009704894196161569
3167,0.9998410897180491
3168,0.9999608606368859
3169,0.9985631108839019
3170,0.8651807869676257
3171,0.9999786779845531
3172,0.00035570139233099114
3173,0.9999812672988155
3174,0.9992144947445659
3175,1.2614107237459184e-05
3176,0.9999927909340453
3177,0.01359488187632536
3178,0.9999687336155925
3179,0.005452567844022624
3180,0.9998929925180351
3181,2.9601566499018688e-05
3182,0.9873667158187543
3183,0.912821877544858
3184,0.9997140215392182
3185,0.9999983270489753
3186,0.9999901945557882
3187,2.7117905503794347e-05
3188,0.999942515241893
3189,0.9997254857449669
3190,9.540990170170433e-05
3191,9.261844473615423e-06
3192,6.791311463067286e-05
3193,1.8517419099233825e-05
3194,2.2909596233612578e-06
3195,0.9993978218494157
3196,0.9350473388962115
3197,0.0002606942412148167
3198,2.4710954637776207e-07
3199,0.000254556233497636
3200,0.9984016025426422
3201,0.9999982249637598
3202,0.9999972304817596
3203,0.4814603600700513
3204,5.682411292031744e-05
3205,0.0007227212734921787
3206,0.999964855992157
3207,0.9999998348398349
3208,0.9994038728169012
3209,0.0023954975075024245
3210,0.47401257466825675
3211,0.9989108904051074
3212,0.012231695529154322
3213,5.096817300293989e-05
3214,0.9999938380724063
3215,0.9995915960552222
3216,0.9999976671951175
3217,0.9783959041615885
3218,0.9714160986543656
3219,0.004759209652865361
3220,1.103324186168219e-05
3221,1.759116907990005e-05
3222,0.9999867304404411
3223,0.9611472550773945
3224,0.9064954492762999
3225,0.9995691707129613
3226,0.9999997194816742
3227,0.44648880961280984
3228,1.1915171090431514e-07
3229,0.9927908403768017
3230,0.9997345373285563
3231,0.9959733424703006
3232,0.9984137522236305
3233,3.5735480099164514e-07
3234,0.9998219019505538
3235,0.049054685161628434
3236,0.06882194926193272
3237,0.02230220214531358
3238,0.03763340568893583
3239,0.9999987073506956
3240,0.9951053765569551
3241,0.999311856868092
3242,4.22124358277954e-05
3243,0.9976232221172844
3244,0.9999972669649825
3245,0.99979518225278
3246,8.027790384305559e-05
3247,0.5678028014497863
3248,0.0020971179016958147
3249,0.5503724267107281
3250,0.0023144505331989668
3251,0.00011241237050564256
3252,0.9997702100409767
3253,9.513133483612766e-08
3254,8.651294581762789e-05
3255,0.00012655047979185817
3256,0.00015000754646178507
3257,0.9987220694567482
3258,0.9999971536713949
3259,0.9999223296429517
3260,0.2578086705332545
3261,0.9999925745009467
3262,0.9669357821386217
3263,0.9999761825690632
3264,0.9999837652436612
3265,0.7857840279516746
3266,0.6826987689635263
3267,0.31112927438342575
3268,4.929600374814931e-06
3269,6.6097297014711854e-06
3270,0.0010983804190307736
3271,0.9999800713456202
3272,3.8782474877018434e-05
3273,0.9999605212781251
3274,0.9986170456196031
3275,0.9998933634869644
3276,0.0405143517764978
3277,5.94085969021459e-07
3278,0.9642179325418152
3279,0.9999898284574608
3280,1.2950617426422287e-07
3281,0.0009191226146583359
3282,7.619108667143773e-05
3283,0.999991717513116
3284,0.9999266366762858
3285,0.00016442144667225188
3286,0.8676920412866403
3287,0.985773212531273
3288,0.9999603061988539
3289,0.6512746064637847
3290,9.827739211622158e-06
3291,5.852532449561883e-06
3292,0.9999957848360929
3293,2.826611582165122e-06
3294,0.19920976812903687
3295,0.999947814056093
3296,0.9999605828443404
3297,0.30723233203512634
3298,1.9143210217615203e-07
3299,0.012663946390550337
3300,0.0002090100175995087
3301,1.9680384899356227e-06
3302,1.6575361935385108e-05
3303,0.9999908688092262
3304,0.9971329366424474
3305,1.8247613074813467e-05
3306,0.0002907302678357721
3307,0.0006048694556858683
3308,0.9997768024023409
3309,0.9987705164137886
3310,0.9999987322859037
3311,0.0001284745895121028
3312,0.9828272754779641
3313,0.6999877886501089
3314,0.9761935803429064
3315,0.22726028115444608
3316,6.258959870729657e-06
3317,0.0002519476522583159
3318,0.9999988722421496
3319,0.9917078357183675
3320,0.00020693151602634548
3321,0.9999835051741254
3322,9.790570933004115e-06
3323,0.9999685552036505
3324,0.00014637365421572425
3325,0.9970960878217904
3326,0.8613792395392919
3327,0.99999591857742
3328,1.0509730847452192e-05
3329,0.00010431690551814047
3330,0.00013254730613433615
3331,0.9993339977592699
3332,0.03764884807842859
3333,2.921381229843318e-06
3334,0.00015552092255044755
3335,0.9997133463366301
3336,0.8534910809487735
3337,2.030342866672468e-06
3338,0.7729420147784447
3339,0.9999995802410001
3340,0.998633333106137
3341,0.997296962226693
3342,2.4002849518072066e-06
3343,3.25482872125346e-05
3344,8.680811521776756e-06
3345,1.0691110935766789e-07
3346,1.216603596495799e-05
3347,0.9889474165822641
3348,0.9998482961560007
3349,0.9999994723565153
3350,3.206865873830047e-07
3351,0.9122767488422414
3352,0.006283025120543217
3353,0.9991756561793032
3354,0.9997917618169757
3355,0.9992126123899223
3356,0.00399075199782419
3357,0.04399464680921702
3358,0.06368360125802715
3359,0.9950811430696921
3360,0.9986090449073919
3361,0.0004187793730376434
3362,0.0063722569224277615
3363,3.505328446638517e-07
3364,0.9999942134734421
3365,0.41672597444170123
3366,0.999998895587197
3367,0.9968542009249615
3368,0.965633832668659
3369,0.05508486992460551
3370,0.9810983211251356
3371,0.9997143289683266
3372,0.9952725058009623
3373,3.5355236952284484e-05
3374,0.9999455707629098
3375,0.9702223248809069
3376,0.3342118375843335
3377,2.0289055582300706e-05
3378,3.595973783341566e-05
3379,0.9998743712300892
3380,0.9966780626137256
3381,0.9941542024042235
3382,0.10568854661136552
3383,0.999992033570784
3384,0.9999464631422977
3385,0.9999872769455628
3386,0.9999603944582999
3387,0.032214410709722176
3388,0.00034459046013413135
3389,0.9999984371740002
3390,0.9523997316774131
3391,0.9999997410346837
3392,0.9999984264120038
3393,1.8544336308167367e-05
3394,1.1386180888055054e-06
3395,9.305025036448678e-05
3396,0.9999879273178487
3397,0.9947746082053514
3398,0.9999813281717472
3399,0.0016539732315325455
3400,0.999341194391782
3401,0.9999094094772267
3402,0.00043708109945207296
3403,0.9939405610174166
3404,0.03873409483368143
3405,2.7658600865733938e-06
3406,0.008342740718515982
3407,0.9999823809890069
3408,0.9918008713719496
3409,7.403281201708298e-06
3410,0.0807453246529545
3411,0.0026155341538407853
3412,0.30167871116273803
3413,0.9997928636817194
3414,0.9190951564507381
3415,0.9999619162239762
3416,1.9743445779241137e-05
3417,1.8027153798999946e-07
3418,0.9999965954310106
3419,0.9999645899977448
3420,2.2256577173156006e-06
3421,0.9995882397472893
3422,0.0013278961514836191
3423,0.9883250523115741
3424,6.098847963325898e-05
3425,0.9999894423754923
3426,0.00012425129159323513
3427,0.9999808335351656
3428,0.9999533238156311
3429,0.06394321531899945
3430,0.9999506690218753
3431,1.0292420340798925e-07
3432,1.2735518958561365e-05
3433,0.024595875664469045
3434,0.999521507390215
3435,0.00016832354573775607
3436,0.0001887268455169159
3437,0.09757440544226827
3438,0.9999987324179938
3439,2.0683333330772344e-06
3440,0.9999685711468591
3441,0.9999936752115391
3442,0.9999375557337845
3443,0.9999991335052506
3444,2.52396259124143e-07
3445,0.9999913436422316
3446,0.9999995416218735
3447,0.004746921661364849
3448,0.006246551874194029
3449,0.5909242040269005
3450,0.9999992375186254
3451,0.9999982422351612
3452,0.08436896974088356
3453,0.9999944154394715
3454,1.1753708355039558e-07
3455,0.9997031473709115
3456,0.9992178284417119
3457,1.9232682487456166e-05
3458,0.5516572382395454
3459,0.9999879421494762
3460,0.999984951283724
3461,0.9999968078145078
3462,0.19000977880695016
3463,3.277420200754328e-07
3464,0.9989419872329857
3465,0.9998675826184401
3466,1.2003876575662193e-06
3467,0.29528578887199836
3468,0.9999281245068897
3469,0.9999433568018737
3470,0.9997072327307941
3471,0.26066867359887824
3472,0.7063542355363014
3473,1.5396934123449608e-06
3474,8.076141206793959e-06
3475,0.0004223272082806472
3476,0.9983347801105139
3477,0.016781472042517075
3478,0.9795927582265127
3479,0.7897836656270611
3480,0.9930683919208683
3481,0.9999879266088734
3482,0.3913142102640315
3483,0.04412832858122358
3484,0.999952376875262
3485,1.4569914487759227e-06
3486,0.12998475666240406
3487,0.9994788019942653
3488,0.9999947648256413
3489,3.4738629538386965e-06
3490,1.264168025065793e-05
3491,0.017880595854039723
3492,0.11068395553697506
3493,1.009517465994878e-05
3494,0.9999989987774299
3495,0.9961611323235028
3496,0.9995733790260937
3497,0.9998852045961375
3498,0.41635015211900395
3499,0.12209845006218063
3500,0.99993765547458
3501,0.9999997060347008
3502,1.1618902552967313e-05
3503,0.00016587825028989322
3504,0.9998545988465994
3505,0.8417463394925447
3506,3.43297334351487e-06
3507,0.9907229727702195
3508,0.9999879469028068
3509,0.9995396314599126
3510,0.9963582888613406
3511,0.0006315763357943511
3512,0.9999513374388505
3513,0.9998023260244601
3514,0.9999985768015078
3515,1.9534267233114746e-07
3516,4.217432293883731e-06
3517,0.9999970155562424
3518,0.9999911709188313
3519,3.0799694956499586e-07
3520,2.350296584909668e-06
3521,0.9808153335924925
3522,0.9844535100592521
3523,0.9999560301190831
3524,0.06853590405163043
3525,0.9999371941449101
3526,0.999994841981738
3527,0.9999794122116498
3528,0.9999193075689378
3529,0.9997082110813438
3530,0.00013053558558804738
3531,0.9999988935706663
3532,0.00026641652565025743
3533,0.9614284476062575
3534,0.9999388457341802
3535,0.001793440363252893
3536,6.98757084848444e-05
3537,0.9999986665193474
3538,0.9999976845479351
3539,0.9986617169179828
3540,0.9599562125620934
3541,0.9989084194171718
3542,0.9897352825892038
3543,0.05141830263548589
3544,0.9991789416684586
3545,1.7555085944312882e-05
3546,0.0001313362691043927
3547,0.9681533131874742
3548,0.9999816557284594
3549,8.237835887442787e-05
3550,0.006123331340868075
3551,0.9989443145577943
3552,0.9975196281072385
3553,8.861783039551025e-06
3554,0.9999885979946396
3555,0.07533367539277902
3556,0.9999500604828596
3557,0.0003012744170600092
3558,0.022156529149758086
3559,0.6878661809827186
3560,1.0752196768654916e-05
3561,0.8462949240045172
3562,1.3233096444541062e-05
3563,0.9999996328655145
3564,0.7803217217538295
3565,0.004587287276387949
3566,0.9935168824286449
3567,0.9977884950280949
3568,0.9999981335491135
3569,0.29423259067638496
3570,0.00019913640546316005
3571,0.3574439764949218
3572,0.986127092868756
3573,0.000557253850251505
3574,0.0009841833746455295
3575,0.1932944098965698
3576,1.3023398629224404e-05
3577,0.8900408311832928
3578,0.9999952496160861
3579,0.9999932323608342
3580,0.0003151003377808406
3581,0.8819429441646907
3582,0.9998790103589084
3583,0.998983205725638
3584,0.994513788132139
3585,0.999998806783299
3586,9.95667662374405e-06
3587,1.7728403237708053e-05
3588,0.00016996067535078043
3589,1.1297388079406429e-05
3590,0.9940353736042904
3591,8.282546037680328e-07
3592,2.6453165869094256e-05
3593,0.9999987077320742
3594,0.9999957787198865
3595,0.0015011707758576058
3596,0.9999985379431731
3597,0.9999321227141329
3598,0.9999730259354851
3599,2.2422231040184715e-05
3600,1.4199636843326132e-05
3601,0.9751902224478978
3602,0.917179979039345
3603,4.269754293302424e-05
3604,0.9893559401397549
3605,0.0009238501322087466
3606,0.9999562311950861
3607,0.9997955331537987
3608,0.00011752264661987412
3609,0.998614932032923
3610,0.9954944749908524
3611,3.73411386380405e-05
3612,0.00011140017057936958
3613,4.7291985512616384e-05
3614,0.001281396421851742
3615,0.0038521232432363055
3616,0.9993956754767173
3617,0.000307141337891662
3618,0.9998439148590341
3619,0.7048406110381219
3620,8.325969237932646e-05
3621,0.0183214628547755
3622,0.8217740233238792
3623,0.03268045065267935
3624,0.9998241521405946
3625,0.9999897949324139
3626,0.9699037441449587
3627,0.9692507395006014
3628,0.9990307035970158
3629,1.0607092268737508e-05
3630,6.078950816208562e-07
3631,0.9881737622172888
3632,0.9529337317222853
3633,0.9999988814845399
3634,3.904913203779026e-07
3635,0.06557125688327936
3636,0.09885558010052077
3637,0.025679142608658046
3638,0.0023070106375095564
3639,1.1978709900142654e-05
3640,0.9936430814870155
3641,0.0001927827406578753
3642,0.9988263224687928
3643,0.21951714727933636
3644,0.9993211331400983
3645,0.9092137971540192
3646,0.08090706061445306
3647,0.04321860038827187
3648,0.9999991250304809
3649,0.9999924391804388
3650,0.9999377879921141
3651,0.9999976470104966
3652,0.6086879160833429
3653,0.9999036410955077
3654,0.00016705448685323652
3655,0.00017316842576990557
3656,0.9995242598508504
3657,0.9997476537542012
3658,1.356807289730677e-05
3659,4.0026419672307e-06
3660,0.9999852207821912
3661,3.7938416922418615e-05
3662,0.9999865103068731
3663,0.9680513230994222
3664,4.999370819386186e-07
3665,0.9999714326079379
3666,0.00026451983680020487
3667,0.11004044211491176
3668,0.024112752383801686
3669,0.9996829600805387
3670,1.7248586469858372e-05
3671,0.9001749426463865
3672,0.9999168793767507
3673,0.018481555752446307
3674,0.9994708943487158
3675,0.00010105273822980333
3676,0.003421587772959348
3677,1.9814470424741046e-06
3678,0.00079687884475378
3679,0.0012677081053285614
3680,0.0031870574406041
3681,0.8254966053460554
3682,0.8963394579871322
3683,0.9999899767839602
3684,0.03330208354900091
3685,0.9987659374757966
3686,0.3928530821470205
3687,7.415921046978635e-05
3688,0.00046681922675368727
3689,0.0012969317076841596
3690,0.06077497998904483
3691,0.9999987257061413
3692,3.3649346161792237e-06
3693,0.9999944271966776
3694,0.0006667778456619383
3695,0.9992709674463182
3696,1.0280029124844441e-05
3697,6.27963927343822e-05
3698,0.9939232268363225
3699,0.6043176874808535
3700,0.9966115965727527
3701,0.39732898335884176
3702,5.221597543043737e-07
3703,0.6712491725626551
3704,6.445830975237649e-06
3705,7.830877017506025e-06
3706,0.08996501640330021
3707,0.9999849480197095
3708,0.9999966671702538
3709,0.0010147296134593573
3710,0.032488365280978544
3711,0.9972211978198919
3712,0.9965553148557315
3713,5.714148543913778e-06
3714,0.000212027985355408
3715,0.9999974139197848
3716,0.9999701377094014
3717,4.503603085097129e-05
3718,0.000393300209940195
3719,0.0035568884883012916
3720,0.9852515593959457
3721,8.025243988259857e-06
3722,0.9964744767649792
3723,1.0724533957521044e-06
3724,0.9999715331412682
3725,0.9987034463093712
3726,0.9999922234078837
3727,4.964623664795002e-06
3728,0.9999975739837459
3729,1.541002641949158e-05
3730,0.9998612165415789
3731,0.3279326288516204
3732,0.47495145258185706
3733,0.22558166889522036
3734,4.973275383353448e-05
3735,0.008193727217709586
3736,0.24640610814115657
3737,0.0006985190462441973
3738,4.0897796046798376e-07
3739,0.0018832132545163495
3740,0.7560606073727523
3741,5.959347730562668e-06
3742,0.03015247190447734
3743,0.856805329882238
3744,0.8176374339266627
3745,0.0005659916679400146
3746,4.1992401544172376e-06
3747,0.0013717081530595658
3748,0.999894348316428
3749,0.008143686480625219
3750,0.9875783879583534
3751,0.0018648608950594789
3752,0.9998735353019105
3753,3.2684900826900624e-05
3754,0.0008676070417435318
3755,0.9756743561106711
3756,0.0017937212462372527
3757,0.004442802236534606
3758,0.8967857389517552
3759,5.065008785687722e-07
3760,0.007961314261809179
3761,0.00013753746369199658
3762,0.9999445077803826
3763,6.628661772477678e-05
3764,0.999936683040081
3765,0.00023273154268735495
3766,1.2036375771466934e-05
3767,0.999920267483939
3768,0.9902264073392246
3769,0.9999714401365878
3770,0.9999691514347172
3771,1.810029438011881e-05
3772,0.009112125429253132
3773,0.016157731327004668
3774,0.9999983704834928
3775,0.00018258110520413815
3776,1.3444275011287997e-05
3777,0.999998990124674
3778,3.994765823421351e-05
3779,0.7254741707085479
3780,0.9999726152681825
3781,0.8584584304936955
3782,0.9855962793358608
3783,0.00043200089848322124
3784,0.9999994672504386
3785,0.9535153272093625
3786,0.0007679201099827593
3787,0.4422186590085474
3788,3.1914573168371394e-05
3789,3.71881279850825e-06
3790,0.9586767441834325
3791,8.554167151180343e-06
3792,0.9999922003758871
3793,2.5082096575117616e-07
3794,0.0003443183575108782
3795,0.999553913326929
3796,3.7055402840202273e-05
3797,1.5240549413145795e-05
3798,9.600545027942625e-06
3799,0.9999665156688684
3800,0.4663155730257759
3801,5.332283605088706e-05
3802,0.9999991984456026
3803,0.9999326335831272
3804,8.291838455387027e-06
3805,0.059916916305540135
3806,1.3454210791383071e-06
3807,5.47664835692536e-07
3808,1.6845966506076434e-05
3809,3.2333492203238e-07
3810,4.727861386030414e-05
3811,0.9999465555005872
3812,0.0005910960216862932
3813,0.9988458660495566
3814,0.9999372227121353
3815,0.00019829552222422472
3816,5.6946861564647506e-05
3817,0.9733038831936666
3818,0.6049963878456268
3819,0.2476539948037527
3820,1.6605905229076872e-05
3821,0.9864079978966445
3822,0.9834592102045085
3823,0.9999138150116529
3824,0.0002161625508535862
3825,0.9979785169548672
3826,0.5757671050707828
3827,1.7460655253624326e-07
3828,0.8014756130079252
3829,0.9999956840865293
3830,0.0009420717148794098
3831,0.007678120167006625
3832,0.9998618742996512
3833,0.9999970164846533
3834,0.8960462463931923
3835,3.176422186399341e-05
3836,4.720130755841828e-05
3837,0.9953133330291797
3838,0.007474166108430506
3839,0.9998228082992422
3840,0.0002295727250645347
3841,0.025602306320544232
3842,0.9398321363254308
3843,0.99895502016919
3844,0.007266244490930409
3845,0.9867937901389006
3846,0.995947259340113
3847,0.9998204507941556
3848,0.6093652497504178
3849,0.9999989545046316
3850,0.006068370364093885
3851,0.989983001128377
3852,0.02033731278129557
3853,0.918054355078141
3854,0.5334370548191639
3855,0.9999580746582276
3856,0.9999992765266004
3857,0.0002572951297832439
3858,0.9999924785190305
3859,0.0004543235276980521
3860,0.0600067716441839
3861,1.9943066370620532e-05
3862,0.002421775492131898
3863,0.9999984953140649
3864,0.39214016123345424
3865,0.028693854035312088
3866,0.999987635830907
3867,0.000318669313666285
3868,0.9999574170491151
3869,0.7664398722255295
3870,2.1126492892008272e-07
3871,0.9998848060885805
3872,0.9999046539997715
3873,2.984226228135589e-06
3874,0.9825984543408905
3875,0.9999892860563692
3876,0.9999989328202903
3877,0.9704252125168579
3878,2.972123529256455e-07
3879,0.0718029359247404
3880,0.0013765415841037365
3881,0.999428657163731
3882,0.772082427453835
3883,0.9999834109151309
3884,0.8423713685236753
3885,4.932848965080538e-08
3886,0.9987149345313595
3887,0.9999977453297516
3888,0.9967053724674769
3889,0.9999992463887429
3890,1.9707416898300556e-05
3891,1.7387890940877345e-07
3892,0.9999984258254442
3893,0.9999841223964427
3894,0.9995928595351433
3895,3.8512984364526167e-07
3896,0.9998092593594488
3897,0.9999893675990887
3898,0.9999892910327305
3899,0.9943297488285112
3900,0.9999362450690437
3901,2.357440046564167e-05
3902,1.3975218644279874e-05
3903,0.0007717871750522389
3904,0.9923419928407144
3905,0.999980015289727
3906,2.1255698457104466e-05
3907,0.07740840407429972
3908,0.9996380191121301
3909,0.006509117077671533
3910,0.01253771053557667
3911,0.0023164086468280415
3912,0.9999992724506985
3913,0.05272761809009671
3914,2.743180657710407e-05
3915,0.011530323491548294
3916,0.0007582123468175576
3917,0.24384557774752563
3918,0.05605225105221806
3919,0.9999997716341695
3920,0.999999791884802
3921,0.9999948028128988
3922,0.9737077614536777
3923,5.246050074935401e-07
3924,3.113399531760554e-06
3925,0.9999991765561124
3926,2.3663574249902773e-06
3927,3.443804774765516e-05
3928,0.8705089166545414
3929,0.9998752378087319
3930,0.0010390563604808288
3931,0.00014557217781788838
3932,0.9997858895433143
3933,0.9955301542175345
3934,0.9963663089146231
3935,0.9999983433979459
3936,0.998322809466695
3937,1.5089555965190568e-05
3938,4.4274635770904687e-07
3939,0.9999065891033182
3940,0.0033787807573656954
3941,0.9997198550925345
3942,0.03448832131927357
3943,0.9999943767121284
3944,0.006770124049400957
3945,2.3571976246880416e-05
3946,0.0077228510852627615
3947,0.9999611932141208
3948,0.08903950682852911
3949,0.03492460519581049
3950,0.00016369217382044985
3951,0.9913542798524905
3952,0.999992084160473
3953,5.349561717427894e-05
3954,0.9999968288205554
3955,0.8714213318210994
3956,0.9911623516871525
3957,2.335958129441234e-06
3958,0.9991743141300965
3959,1.204627879147706e-06
3960,0.0010019634371601065
3961,0.44101390731540135
3962,0.0009958020006430135
3963,0.9995882959185104
3964,0.030676280517778414
3965,0.9947218553779902
3966,0.002534990211317393
3967,0.9999037428012357
3968,0.4845984755439111
3969,5.8386500372515374e-05
3970,0.966014104381675
3971,0.7424682775217081
3972,0.00010742039196458214
3973,0.9999838441033868
3974,0.964963983781133
3975,1.8426883592655304e-05
3976,2.5570015646032547e-06
3977,8.886713470360358e-05
3978,0.00038082472402797954
3979,2.1404459722845126e-05
3980,0.0001412605408066044
3981,2.0252297169276307e-05
3982,0.08842311019714613
3983,0.05660459270233097
3984,0.9909451438916359
3985,0.005047117977041531
3986,0.9988935766883408
3987,0.9999474615537506
3988,0.9996644235722023
3989,0.019709697197727714
3990,0.9975862297469317
3991,0.9990690271051281
3992,4.844405595408328e-05
3993,0.9872860902093487
3994,0.00023252461395986172
3995,0.9999909418424303
3996,0.999999629316179
3997,0.9976487190874432
3998,0.9944952892241349
3999,0.001392297750318416
4000,7.921085012709555e-06
4001,0.9935155412498133
4002,0.9985356066286059
4003,0.44743120990576535
4004,0.3970464308710968
4005,0.9999725981188982
4006,0.9999996133491514
4007,0.9999822919706336
4008,0.9227497686220474
4009,0.00013275062981135934
4010,0.999997252810646
4011,0.0002563559477095042
4012,0.9999187414768704
4013,0.9993488827642603
4014,0.9858860075982121
4015,0.03435780367116476
4016,0.04584026258999388
4017,0.8750337896468368
4018,0.9999994006770173
4019,0.000402381907913014
4020,0.9996496501520012
4021,0.0006580404524001935
4022,0.9999998406562377
4023,0.9996576875636972
4024,0.8387388062628848
4025,0.9999921294681593
4026,0.0005013542297494795
4027,6.580434768672371e-05
4028,0.9999978495366659
4029,0.008986114792922452
4030,0.9999466760571705
4031,0.9999894625812965
4032,0.9190751294396243
4033,0.9999693895156656
4034,0.9999997682858262
4035,0.7895348353393724
4036,0.8599489159815904
4037,0.9999969817453799
4038,0.0004464716887155369
4039,7.416697705825597e-05
4040,0.5847588361311309
4041,0.22034124050931272
4042,0.0016161944544575413
4043,5.2898339463545714e-05
4044,0.1346501029282231
4045,3.830578468002511e-05
4046,1.1867693386152237e-05
4047,0.9216208126590592
4048,6.139520137468211e-05
4049,1.6184917220590635e-07
4050,4.535393475147387e-05
4051,0.9999979059707407
4052,0.8827430881476953
4053,0.9999965067313413
4054,3.20852215321728e-05
4055,0.013177217286605794
4056,0.9999980117630622
4057,0.9879960337903271
4058,0.9999955802751394
4059,0.23480594644704236
4060,7.3257996488385675e-06
4061,0.9999490028665106
4062,9.700290492150613e-06
4063,0.0003231303033473721
4064,0.9999986295214359
4065,0.9908570793432605
4066,3.2295429883523284e-05
4067,0.9994186781457848
4068,0.9989365077503669
4069,0.999992658843584
4070,0.9983226816369168
4071,0.999930506994002
4072,0.9994286430380319
4073,0.3897084873668242
4074,0.9999950311067896
4075,0.00030816769545106737
4076,0.9999738372245565
4077,0.9999273111112631
4078,0.6274432324703754
4079,0.9884802853417208
4080,0.9999971586223207
4081,0.9999673138738443
4082,3.4070044675971455e-07
4083,0.7747419352496626
4084,0.9998632719264569
4085,1.498796512718918e-05
4086,5.0521890163358016e-05
4087,0.9999992418745064
4088,0.011110356319022477
4089,2.032495531923987e-05
4090,0.9487513870972318
4091,1.8762967076397465e-05
4092,0.9997228624682074
4093,0.9999998234372692
4094,0.0006919890403603446
4095,0.9995791673129679
4096,0.7526701584234257
4097,0.9999755972804037
4098,7.61705092283452e-06
4099,4.39774841489227e-07
4100,4.6843421374582025e-06
4101,0.00042134636283880735
4102,0.009962742215114872
4103,0.9999662500900048
4104,0.3241664632147525
4105,1.3763485755895787e-06
4106,4.595696231114251e-06
4107,4.7436999320980524e-05
4108,0.999965133611095
4109,0.001734993994041354
4110,0.9983223985353552
4111,0.9995857136529787
4112,0.7824364349045946
4113,0.9999696914113424
4114,0.00013003945321131
4115,0.9995618309760985
4116,0.9546843905238797
4117,0.9995561642354773
4118,0.9999991235840362
4119,0.9908088817410492
4120,2.513673895727395e-05
4121,0.9999834286502837
4122,0.17201692926529555
4123,0.9994795729802207
4124,0.25393098705133266
4125,0.9998498222132355
4126,0.7533499719814577
4127,0.0022163310181902126
4128,0.9414957543232153
4129,0.996257626452988
4130,1.5478628201894383e-05
4131,7.694461431292161e-07
4132,0.9264467225232342
4133,0.0033544769647674264
4134,0.014823322702398233
4135,0.9999996704003079
4136,0.9002600054990175
4137,5.104087971232475e-06
4138,0.7410388459615423
4139,2.3652096052924637e-07
4140,0.9426446977522166
4141,1.956363015589871e-05
4142,0.9999996760317914
4143,0.07736585186753342
4144,0.9999995756757059
4145,0.7864174991248868
4146,0.016656158926127484
4147,0.9998672651788632
4148,0.0003356141813564548
4149,0.032856638517360884
4150,0.09520867289604343
4151,0.992701751951719
4152,0.9995024200241638
4153,0.9999993858641162
4154,0.9942713659692483
4155,0.0017830309118440954
4156,0.000545831292168087
4157,6.42364883839688e-05
4158,1.1239255077499628e-06
4159,0.06529096183687674
4160,0.8088289476155704
4161,0.9189564202102433
4162,0.0006016476416354202
4163,0.00011970730079468628
4164,8.321282818874903e-07
4165,0.9999988808965211
4166,0.9999990584054277
4167,0.00018668339521150446
4168,0.9999781554547152
4169,0.019154441964164444
4170,0.9926386500452731
4171,0.9999979160220693
4172,0.9714591768724276
4173,0.9887602302569529
4174,0.999087190052913
4175,6.695858100485172e-06
4176,0.004758850008022915
4177,3.3873064659462686e-05
4178,0.01930231042510674
4179,0.0002212846342453171
4180,0.07882606263866455
4181,0.024406679786235837
4182,9.364065965692322e-06
4183,0.6387270535636057
4184,0.9999974124471039
4185,0.999972507816818
4186,0.9999997977296199
4187,1.3243798772208105e-07
4188,0.999996039841995
4189,2.5108390853123517e-07
4190,1.2394306221967861e-06
4191,0.9999483489697132
4192,0.9633071091689545
4193,0.8508709184332738
4194,0.4143181608163632
4195,1.1393370542392694e-05
4196,0.00020090222636413865
4197,0.00015121562540970767
4198,9.52197423432915e-06
4199,0.00032203514330219636
4200,0.9999115127192323
4201,3.904205058920341e-07
4202,6.714274609086415e-05
4203,0.00025983697495950207
4204,0.9999598520158165
4205,0.9999995266723167
4206,1.3774540413863725e-05
4207,0.9999687129036875
4208,1.2772402988249645e-05
4209,0.9906267220474818
4210,0.966761957323463
4211,0.016411893273092254
4212,0.00010469037643970107
4213,0.9669929237258208
4214,0.28796071991717476
4215,0.008831562439424024
4216,0.0005290181308124206
4217,0.999948827487489
4218,2.848681601958237e-06
4219,0.9997415561303254
4220,0.00062574825238861
4221,0.9998765735985004
4222,0.0002915992762049444
4223,0.002212168249734107
4224,0.9993048411743081
4225,0.9719623836218503
4226,0.7902167919279915
4227,0.9975065027390257
4228,0.9999521470461828
4229,1.053800808150189e-06
4230,0.999999582408509
4231,0.9999862161984749
4232,0.999993580848611
4233,4.063388380894427e-07
4234,0.00046435609907164127
4235,3.7830365592118774e-06
4236,0.0004504057753843271
4237,0.9438121753580182
4238,1.2781679143662135e-05
4239,1.4039965229946572e-05
4240,2.3781055726572714e-05
4241,4.176598715645237e-07
4242,2.0100811874020608e-06
4243,0.9999805902910098
4244,0.9999911845363164
4245,6.964958392242677e-05
4246,0.6779977070988678
4247,0.9978036777799097
4248,0.9965889478960304
4249,0.0007789551048827271
4250,0.6494097907701734
4251,0.999983306339994
4252,0.999995446197498
4253,0.9999972014729357
4254,2.4607542895717543e-06
4255,3.4378612671676123e-05
4256,0.9999975479127403
4257,1.1485137818890102e-06
4258,0.00031590561232105075
4259,1.8017381231394598e-05
4260,9.685566671982314e-06
4261,0.9571909571421903
4262,0.9999938765441096
4263,8.176157756392608e-05
4264,0.00034606575651530445
4265,0.9923371627872081
4266,0.9999858834591999
4267,0.9994420884269646
4268,0.9844821648521697
4269,0.9996013727655348
4270,0.00017832991224125993
4271,0.9999750865071341
4272,4.975941167158425e-07
4273,0.9995504574614893
4274,0.4194464089849423
4275,0.3458701545634475
4276,9.495128567127066e-07
4277,0.9999973696330434
4278,0.0002060430058635754
4279,0.9684493819975776
4280,2.961747269583375e-05
4281,8.614820160500212e-05
4282,0.9992894952168327
4283,0.9999978631136694
4284,0.00012231880389102604
4285,0.9999769679916499
4286,0.9999039570347196
4287,0.8853035813770086
4288,0.9945529901195905
4289,0.9995783700947715
4290,0.009991935319935063
4291,0.05124944570738306
4292,0.9982113989198733
4293,0.0006581476859447619
4294,0.9999993775945949
4295,0.00022952601529646597
4296,0.00038350407838367185
4297,0.9932924599557136
4298,0.999999214708217
4299,0.999916815835731
4300,2.6386185382400136e-05
4301,8.790759240325334e-06
4302,0.0004935238783245151
4303,0.9999964816761339
4304,0.9999993310807773
4305,0.19172108086687953
4306,0.9998366330739585
4307,0.0005766780093608793
4308,0.9999969399974418
4309,3.9209496264301405e-05
4310,0.9999845067773995
4311,0.9999677707304577
4312,7.164690702278399e-05
4313,0.9772661974513016
4314,0.9999826896086991
4315,0.005578310819434061
4316,0.9996178348331436
4317,0.034595335282166455
4318,1.8135307571694688e-05
4319,0.9999905649003333
4320,0.19896906987017773
4321,0.30261820221047714
4322,0.9992484711493265
4323,0.0005267764470322616
4324,1.2968883248658752e-06
4325,0.9997023445251007
4326,0.9999959749806286
4327,0.9860582615960477
4328,0.9984182327904759
4329,2.6490999826366236e-05
4330,3.9642845079495e-05
4331,0.9999961101561851
4332,0.999945152154312
4333,0.9935441635793635
4334,0.9948834136736721
4335,1.2117366826035299e-06
4336,0.9999719078490494
4337,0.9999965179121704
4338,0.9999995874753379
4339,0.13318652691084013
4340,5.4165228332375896e-05
4341,0.9999995975269979
4342,0.9999908206330587
4343,0.9994518107850158
4344,0.5822372931218524
4345,0.9999913536387768
4346,0.0002720347882235719
4347,0.9999819082462489
4348,0.004600063090810752
4349,2.6323254377122334e-05
4350,0.98891915218019
4351,4.039629766967985e-07
4352,0.9887689142363713
4353,0.9904087400575691
4354,0.999913141192701
4355,0.19297357147788669
4356,1.9261340408590073e-06
4357,0.3559784000874657
4358,0.9999724883262029
4359,2.8239201140047233e-05
4360,0.9642704457810747
4361,0.9999979649246018
4362,0.9999647002672382
4363,0.0007221214871677957
4364,0.999959251415548
4365,0.007631235693483666
4366,0.9999939283651567
4367,1.418107249486758e-05
4368,0.5281453964189979
4369,1.0999292299764792e-06
4370,0.0003085213495321245
4371,0.9497620019394922
4372,0.9955693716217366
4373,0.0021992635519100983
4374,0.9986357436584674
4375,0.9905736214917541
4376,0.006042352236004916
4377,0.9983187214928506
4378,0.3136893793635006
4379,9.072837999273878e-05
4380,0.9981385984271275
4381,0.8855506096529139
4382,0.09592280878443722
4383,0.03249618171124575
4384,0.9903957773412125
4385,0.9990476967388429
4386,0.9994909034457693
4387,0.0002975175941488298
4388,0.9999315267423122
4389,1.274840070211864e-05
4390,0.01669282035567583
4391,0.0001924516148114559
4392,0.9935189679850883
4393,0.7918006820694817
4394,1.6784490715885072e-07
4395,0.999999588194962
4396,0.9999747050138895
4397,0.0005605387727087829
4398,5.109706080158838e-06
4399,2.003683002089874e-05
4400,0.9999865566412305
4401,0.002314932572612007
4402,0.9999219703466957
4403,0.0003217322950182608
4404,0.990844631610228
4405,0.0008548770033533881
4406,0.9999410350967168
4407,2.806995498315557e-06
4408,0.9999858333078847
4409,0.0010993748970317316
4410,0.00081154147591679
4411,0.9999968778587045
4412,0.5496246626984486
4413,0.0011994340942293438
4414,0.6074497595857854
4415,0.3917899030532547
4416,1.9470916533401557e-05
4417,0.9995546025439214
4418,0.00022094825246548163
4419,0.9999562739970267
4420,0.27776245579777753
4421,0.9999696071465026
4422,4.904615327558902e-05
4423,0.9999821937210311
4424,0.00014046344540906197
4425,0.034075651466436874
4426,0.3551405122583609
4427,0.9999991925432264
4428,0.9999592856065049
4429,0.4024255757252574
4430,0.00010382489515751775
4431,0.9962822812729473
4432,0.912507742316224
4433,0.0008403046739594532
4434,2.5992152459523787e-05
4435,0.9999999331309928
4436,0.9997987217425155
4437,0.0003976392368578808
4438,0.9999979568888461
4439,0.9997767344437192
4440,0.9999243228659811
4441,0.9999542176762629
4442,7.112367689616252e-05
4443,0.0001383149368624445
4444,0.0005471823174884089
4445,0.9998999314547925
4446,0.9939267114241812
4447,5.7674429492924444e-05
4448,0.16047492980836
4449,0.9999933578596346
4450,0.5282037961660916
4451,0.08144036972991507
4452,0.00016630220788531861
4453,0.03580403447400993
4454,8.278148234598885e-07
4455,0.9420942195247183
4456,0.000328181863646067
4457,0.999988166402089
4458,0.9590211587248303
4459,0.9312722689553375
4460,1.1618588886653176e-05
4461,0.003967801515823386
4462,0.9999941129181725
4463,1.077264575996576e-05
4464,0.0023005678280307415
4465,0.9999672749836317
4466,0.9999716475491651
4467,0.9999942156111882
4468,0.06780536368888042
4469,8.92434331170585e-07
4470,0.9999967933898731
4471,0.002194703714224278
4472,0.9999620540773575
4473,0.9999975840001245
4474,0.9999907787190564
4475,0.00683568592920591
4476,0.9679277407621696
4477,0.9993249578772746
4478,0.046099470326634764
4479,0.4875391442847884
4480,0.9999972175216851
4481,0.7690718540937767
4482,0.028482173389486696
4483,1.1948415357758465e-05
4484,0.9998612146828211
4485,0.999977182438068
4486,0.9998196220081866
4487,1.105105430072474e-07
4488,1.6625207930499475e-07
4489,0.9998226627483436
4490,0.9999982001368736
4491,0.13197721466472295
4492,0.9999993560874173
4493,0.5485340262355692
4494,0.9999995842587378
4495,0.9713090236316237
4496,0.9999726283840652
4497,0.9997883177460303
4498,0.9995767316547948
4499,0.09117975763651051
4500,0.9999836144644698
4501,0.998600084177299
4502,9.884452806455736e-07
4503,0.014918504877262616
4504,2.44602298603114e-06
4505,0.9999675152872579
4506,0.0023506729633505957
4507,0.10649284231587275
4508,0.9996231212219654
4509,4.437454887926667e-05
4510,0.9865514998421513
4511,0.022910084159589967
4512,0.9985886990717482
4513,0.00017118891499250767
4514,0.00014863730321546277
4515,0.0005616493224271498
4516,6.014362471176344e-06
4517,0.7228867520541165
4518,0.9999991627458826
4519,0.9999264955378218
4520,0.9999991967286976
4521,0.9997661055826228
4522,0.1468306975000422
4523,0.999806438109449
4524,0.34710307175197497
4525,0.9996971702497364
4526,0.9999318176358414
4527,0.9914183922443947
4528,0.9999984957264394
4529,8.320995835195504e-05
4530,0.0007138510840341394
4531,0.023073558215788395
4532,0.00011211117772690672
4533,0.9999855910378007
4534,0.8424123824026379
4535,0.9976064295019764
4536,0.3879048048662606
4537,0.0026209398779102615
4538,0.9999630839283679
4539,0.9997280297406453
4540,0.0001025497879379351
4541,0.004764881938711555
4542,0.9999991519764521
4543,0.9999520935443998
4544,0.9999990605531975
4545,3.751713036191143e-05
4546,5.9650164852622404e-05
4547,1.9679132946883963e-05
4548,0.0006425340426393529
4549,6.973887522130003e-06
4550,0.6431987668684183
4551,5.403111795285799e-05
4552,0.9973840909569393
4553,0.9999419557522579
4554,0.503433217802171
4555,0.7496462930860225
4556,2.9182325366113497e-07
4557,0.004493902503997136
4558,0.9998912096194801
4559,0.005385770974127286
4560,0.9999865499031515
4561,0.9999516278405166
4562,0.0009750289984478178
4563,0.9935980814679924
4564,0.9997151807734748
4565,3.007140505579467e-06
4566,0.9999369738394087
4567,0.03106051258377413
4568,0.9573320471856742
4569,0.0007486199116640182
4570,0.9997562823667547
4571,0.7178154223947664
4572,0.9994800359829907
4573,0.00015009269578604656
4574,0.9998813138540091
4575,0.9999962612011762
4576,0.9999894696340108
4577,0.00015886667381598981
4578,4.0431619482607816e-05
4579,0.9982265617884346
4580,0.9941122860301834
4581,0.12512270704528067
4582,0.5712928210113389
4583,5.488421488264263e-06
4584,0.9993718124091749
4585,0.004301214396790268
4586,0.9999498215323372
4587,0.9989703351534296
4588,0.015593139164900715
4589,1.5832284118527387e-05
4590,1.1860012852041807e-06
4591,0.9998722355087215
4592,7.657256438299021e-05
4593,2.460424526356435e-06
4594,0.9999034298678474
4595,0.9999828599641094
4596,0.08845034388993031
4597,0.9999797311406934
4598,0.9993118149423642
4599,0.808211112584
4600,4.007814576498589e-06
4601,0.9931952552287294
4602,0.9997767244572353
4603,0.8563827658911343
4604,0.0001322612302387446
4605,2.93219591991138e-06
4606,0.9670970451252664
4607,0.999922875824925
4608,0.024320219271727114
4609,0.0012272290804079592
4610,0.9999959549904304
4611,0.999273820944611
4612,0.940456293344448
4613,0.9967348858387344
4614,0.9999103112873248
4615,0.9999653173494811
4616,1.0244379083760163e-06
4617,0.37113078963179424
4618,1.488460978395029e-06
4619,0.9998672297380122
4620,0.9999254964060347
4621,0.999996248336748
4622,0.8791002539897507
4623,0.999999037095311
4624,0.9054234721004943
4625,3.530667656870009e-07
4626,0.11755679195678016
4627,0.00022253531441337158
4628,1.2316657249986818e-05
4629,0.9977550788594344
4630,0.009958908139553274
4631,1.5827225834473694e-07
4632,0.9795960590191697
4633,0.99999601593907
4634,0.6444156816307466
4635,0.9823187777824322
4636,0.9969251285930637
4637,0.9999893626463331
4638,1.604052454382036e-06
4639,2.9988079344027315e-05
4640,0.8814480083220195
4641,0.0009596730882729084
4642,0.9999675010358521
4643,4.502784679481959e-06
4644,0.999963571862692
4645,0.9999907718737736
4646,2.6307875070326887e-07
4647,0.002199466659664106
4648,0.9999903159338799
4649,0.9999705899723297
4650,0.0022109754726286402
4651,0.9995911967114686
4652,0.9999755483616304
4653,4.409291592945116e-06
4654,3.513041123077367e-07
4655,0.997766203207964
4656,0.9999948139923617
4657,0.7942142965451882
4658,0.9999922858429106
4659,0.0017178617793844211
4660,0.999999031026625
4661,0.06382146465002164
4662,0.2074595025575874
4663,0.8748971598835644
4664,1.4573168997647935e-06
4665,0.9818044376940342
4666,2.8609163632318778e-05
4667,0.9999947244800127
4668,0.9999996418289467
4669,0.5844115180334923
4670,0.9989064671727506
4671,0.5164222033148539
4672,0.30805213241912066
4673,0.999813846936215
4674,0.19229334534352974
4675,3.45057037615786e-06
4676,0.9999822038575613
4677,1.2563879885191022e-05
4678,0.9995288969194616
4679,0.03550515273637243
4680,8.570278114088597e-06
4681,0.9999856332658645
4682,6.125214443547016e-06
4683,0.9998658059137225
4684,6.381283445802914e-06
4685,0.8775538799165069
4686,5.9652768730132024e-06
4687,0.0006461452285850493
4688,0.4889775012212825
4689,0.011702834348853768
4690,0.9999222190052153
4691,1.5570298255447766e-07
4692,0.0007203862531254427
4693,0.9975900511809045
4694,3.986445925429932e-05
4695,1.4335872716049872e-05
4696,0.0008252605920483964
4697,0.9996620817879072
4698,0.0030970834126815712
4699,1.3869875331981972e-06
4700,3.745416922503121e-07
4701,0.9999897092413492
4702,0.9999020232866576
4703,0.9995280786819978
4704,0.9999996815836133
4705,0.9982975354863131
4706,0.900295225295874
4707,0.1711808542810431
4708,0.9999946367512476
4709,0.9999911845339577
4710,0.9999783013361383
4711,0.9999989428034989
4712,0.0007637011848250895
4713,0.9994919461420528
4714,0.9495142100163533
4715,0.003234590983574372
4716,0.9999930853462226
4717,1.9063496299251875e-05
4718,0.9996626303409554
4719,0.9999434888282056
4720,4.810173278915943e-06
4721,0.9998115280511226
4722,0.9979747783068058
4723,0.9999368333474044
4724,0.99920284164278
4725,0.9997197255417212
4726,0.9644284374683229
4727,0.0004206681464179711
4728,6.329998606981276e-05
4729,0.0036213615802891718
4730,2.714064063395977e-05
4731,6.33750767246751e-05
4732,0.9999983235074543
4733,0.990558821122328
4734,0.9989067370699856
4735,0.9999896780822822
4736,0.9996696115624883
4737,0.0013345865107028893
4738,0.9999961730774545
4739,6.433246586583635e-05
4740,3.4648664951076465e-05
4741,0.9999952962153663
4742,0.999981067211879
4743,4.21159105949737e-06
4744,0.4159546763218947
4745,5.764185339653363e-05
4746,0.996788075804199
4747,9.241219950172576e-05
4748,0.01622105093831997
4749,0.00010123477314529914
4750,0.9970985539072259
4751,0.9991542496881667
4752,0.9970082536832414
4753,0.014094202248058822
4754,2.3751458514580248e-07
4755,0.9998043638725709
4756,0.06698522832115492
4757,0.9999610862083231
4758,0.0009077875320908434
4759,0.9998950442856497
4760,0.13791640312614167
4761,7.75664474062403e-06
4762,0.9998969697158783
4763,1.2301581238552971e-05
4764,0.9983664384261366
4765,0.9999981965639656
4766,0.9999722069315744
4767,0.9998955517402027
4768,0.999897336415365
4769,0.9994029170228719
4770,0.9984690935843302
4771,0.9995801752593613
4772,0.899719355601857
4773,0.0018998635764129594
4774,0.7987211093398652
4775,0.00019198002852719142
4776,0.0011041641003796882
4777,0.9997601301041666
4778,0.9945566661741729
4779,0.0426003060132741
4780,0.18555127843964866
4781,1.1537972797265091e-05
4782,0.9999853288437833
4783,0.8866695382955894
4784,0.9996830032814641
4785,0.9789914354609163
4786,0.9964721190921274
4787,1.5839410129641984e-05
4788,0.00032724809296811577
4789,4.000115127838988e-07
4790,0.9999645482458813
4791,6.669563856893952e-05
4792,0.018974391663488605
4793,0.9999954006826891
4794,0.9998513919781093
4795,0.9999818882462854
4796,0.9999903398052628
4797,0.9999993317262276
4798,0.9999610231233765
4799,0.0004742736754949279
4800,0.0019688401969912956
4801,0.9999968430130747
4802,0.9999994613938227
4803,0.9514313324915602
4804,0.9999505487214287
4805,0.9800438342840689
4806,0.9997043877429833
4807,0.00011161616570990742
4808,0.9999691099441722
4809,0.00023539153600314893
4810,0.00036683789186223333
4811,0.004383104207560246
4812,0.9999958110680075
4813,0.9999493566793543
4814,0.05665178075039653
4815,0.02210252790333986
4816,0.3481935374635142
4817,0.001027355411483017
4818,0.8202819313223592
4819,3.2482650909799596e-06
4820,0.9722658595738293
4821,0.9897934864144778
4822,0.9817328804936859
4823,0.8630389654207833
4824,0.9710263804255768
4825,0.9999923314617019
4826,0.0013102435497641322
4827,0.9997657218978504
4828,0.00101185727753883
4829,0.9999990086666835
4830,7.950763519162919e-05
4831,0.0012159178011485515
4832,2.9212349388657516e-07
4833,0.999997776144026
4834,0.9999860592990217
4835,0.9998673329201291
4836,0.999992404468504
4837,0.9999984638366178
4838,0.04948970700986177
4839,0.0002745249056664664
4840,0.017571853920342887
4841,0.005333793008483808
4842,0.9998817648809881
4843,0.9997673475560783
4844,0.9999074061170173
4845,0.9997946638476206
4846,0.00012660221815932954
4847,8.614776598831407e-07
4848,6.063471394713819e-05
4849,0.9925920373986798
4850,0.9999987750192532
4851,0.9981243833597719
4852,0.0009945659299987147
4853,0.9999994601304981
4854,0.9999650285645114
4855,0.9999509921699525
4856,6.68614669078523e-06
4857,1.1111778561796272e-05
4858,0.9999990007177446
4859,0.6896626929584224
4860,0.9992880041615267
4861,0.999995194177692
4862,0.9997336598367977
4863,0.9999883933930718
4864,2.919022803493196e-05
4865,0.9999760249515702
4866,0.0008261775654853766
4867,0.7005478921832583
4868,0.4539148313598455
4869,0.9596885741007565
4870,0.9978436873590903
4871,1.6747267280355356e-06
4872,0.010516008635773072
4873,0.9997706255236055
4874,0.9999299470138356
4875,0.37268415763125756
4876,2.5782013516414718e-05
4877,0.9998776699378353
4878,5.673458452264264e-07
4879,2.7402261021972973e-05
4880,0.9979846013861498
4881,0.9816198002852254
4882,0.9998740085395385
4883,0.9998827699517873
4884,0.6754202062696347
4885,0.0001237693148725192
4886,7.505154588436362e-06
4887,0.930784879092114
4888,0.9999747061250445
4889,0.640327527069631
4890,0.04439609182019085
4891,0.038586796081735576
4892,0.9999718947537323
4893,2.172488036507329e-05
4894,0.9999902621292049
4895,0.9997656997670584
4896,0.99709908207124
4897,0.0002784876886305046
4898,0.9439731894079245
4899,1.035026005979472e-05
4900,0.4488775835074881
4901,0.04785584164623228
4902,0.6893535075700089
4903,0.00175605780518805
4904,5.7455512604985854e-05
4905,0.007972711138746784
4906,4.551282739647249e-05
4907,0.9984214168569563
4908,0.9999916284536626
4909,0.00017221396889433005
4910,0.26522695355250603
4911,0.99999782543306
4912,0.9996665889863338
4913,1.1267578950021108e-05
4914,0.999998493858893
4915,0.8971202917057319
4916,0.9945773571079309
4917,0.005580086646049766
4918,0.9999990007731824
4919,5.0019334132453995e-05
4920,0.9999995249564738
4921,0.7281630213860589
4922,0.9988132090527952
4923,0.00010483017636675343
4924,0.9798134212994758
4925,0.898179737261922
4926,0.0008319880951496049
4927,0.3263726024171785
4928,0.0004691925767272983
4929,3.606639830943241e-06
4930,0.9999994070657491
4931,0.004933750416394382
4932,0.03048361215052677
4933,0.00921938702084336
4934,0.9998139579373768
4935,0.993684229999431
4936,0.00046479356419229317
4937,0.9999903038972441
4938,0.00041563734267093926
4939,0.9997182457061267
4940,0.9597324406022916
4941,0.00020262315165923988
4942,0.02658203280913577
4943,0.004784740704594392
4944,0.9999526469565883
4945,0.00016105060577864856
4946,0.9998216206860862
4947,0.9931985540909674
4948,0.9999976179989216
4949,0.059853669179188725
4950,0.9999699359428085
4951,0.999997493334406
4952,0.9998997242560428
4953,0.0023805020801319654
4954,0.9919848546233072
4955,5.776946450059694e-05
4956,0.4849407169988752
4957,0.9999873314214227
4958,0.002430074159987857
4959,0.9999916834933054
4960,0.9990016736889876
4961,0.9999997135923843
4962,2.593936473105023e-05
4963,0.8921242738841033
4964,0.9416974455392896
4965,1.7571954095409843e-06
4966,0.998852776216227
4967,0.0002754364741316388
4968,1.426100397986721e-05
4969,1.4871090943084073e-06
4970,2.868244642309422e-06
4971,0.007163882519709692
4972,0.9995570996416464
4973,0.9999974927316738
4974,1.1652970185792689e-05
4975,0.9992395790547602
4976,0.5432692654132917
4977,0.9996280892359604
4978,0.5652123285199914
4979,0.009306122069934341
4980,0.0002115576621183781
4981,0.9982757874352742
4982,0.9993446678263543
4983,0.9998257634536641
4984,0.9911249258089904
4985,0.0002394389554036373
4986,4.7177740838973984e-06
4987,0.999995165638358
4988,0.0029001505891808562
4989,0.9278812742210654
4990,0.00018465267705496653
4991,7.925968953300233e-06
4992,0.953894907384423
4993,0.9997934645632748
4994,0.13206434710954637
4995,0.9999930676795955
4996,0.0002690751829197655
4997,0.0030009365461815653
4998,0.028979886574696776
4999,1.6579641315260334e-08
