ID,RiskScore
0,38.83038276613907
1,51.411874472770236
2,31.461098829116736
3,32.95942771403495
4,33.47641798361158
5,74.11312437607141
6,30.84893409392764
7,27.247633784165284
8,39.50596074482377
9,66.20930337692951
10,40.26632638317854
11,33.23117506103204
12,62.09507344194102
13,33.343624654153615
14,37.03479617011018
15,55.460891553695575
16,18.404694541607835
17,35.31508774875403
18,64.98582209107926
19,73.12317709510631
20,74.05146846747158
21,31.46075915617804
22,61.140664686176905
23,49.378563554902584
24,48.43949919876782
25,25.227501686798295
26,34.12544084366847
27,25.812434029976007
28,53.26068431910791
29,89.00807570926963
30,34.83521417830488
31,57.9095311950068
32,40.61372333840677
33,40.2851623109976
34,38.10307498539706
35,35.665818056888554
36,69.4019207838935
37,52.474388601339705
38,54.06858676213396
39,69.43213374812873
40,67.63940024825658
41,48.19766500660807
42,74.094745948952
43,26.311000476378016
44,58.013886927920055
45,32.03801472388107
46,45.92850950784406
47,66.42628644019544
48,25.23605665722045
49,33.01409016429308
50,62.7787239923089
51,54.31172319043799
52,44.29935143647441
53,38.82418470865649
54,35.832348780324445
55,43.287788555889186
56,72.13780809415991
57,34.477484252811806
58,39.300527991673874
59,58.22913079047595
60,66.55084734770492
61,44.58280263501655
62,32.494593153360995
63,78.47500999172041
64,29.915912064474725
65,38.619810485010326
66,56.448262800645104
67,65.5348727160661
68,36.563178697112676
69,65.9419697620112
70,32.63894320055144
71,40.405733482868
72,48.05142792798466
73,55.58526426729121
74,49.37051853847335
75,62.33596924773945
76,65.71074952981635
77,20.479899350568804
78,44.1373772975644
79,56.45854194999848
80,72.3461951729432
81,58.54048925515063
82,53.58194395198985
83,39.263001592239824
84,65.88264390882348
85,69.79761339224454
86,60.62060373983678
87,17.74309368888158
88,43.51504001633029
89,72.90646579234348
90,41.982730747202545
91,49.831576390461514
92,35.07753256693478
93,27.73590126850323
94,43.017358032357684
95,37.856217258171604
96,38.40400317754201
97,64.74561837766909
98,38.443234639765166
99,58.76699998227194
100,32.30880408998158
101,31.207843732136155
102,71.58135244734711
103,79.03346706146493
104,27.27518774723955
105,80.92139419824024
106,67.15894462036806
107,72.76106693365884
108,38.11412497253393
109,82.9869373153413
110,46.40261439128678
111,63.59430655001742
112,78.67989600731923
113,62.94529311401262
114,64.98152358047852
115,38.22130839390324
116,72.90303726159014
117,49.19107865849506
118,48.67776915064979
119,52.88306282247993
120,35.66182385122983
121,71.59135658689635
122,37.22504857250374
123,52.338841014783945
124,43.52001191175878
125,61.495441302800444
126,29.677556382468335
127,28.28050828378096
128,35.986761860343485
129,69.0573118467947
130,26.868098730778637
131,65.11687493614635
132,74.45879262635934
133,76.85389369324125
134,24.868330692172393
135,42.307233682300506
136,19.195119664719783
137,42.92492232730674
138,29.417561060343807
139,52.664267578625825
140,42.31259665846123
141,40.893207553580616
142,21.18432103663706
143,21.777010582818527
144,64.71083349439459
145,29.843811665872778
146,46.36362561096678
147,66.49664859838725
148,67.81306624574735
149,75.12745285760421
150,47.130646919228205
151,39.497663430299006
152,68.93529282484538
153,54.49318363359676
154,62.95392706760258
155,32.9469260166807
156,63.80354515528502
157,61.749596877405374
158,63.78198109783375
159,68.61781296264135
160,39.63188197272436
161,42.39557917195049
162,69.3784401882732
163,46.59327803405027
164,50.06683879726757
165,49.392185826586285
166,42.29340922654658
167,35.119222565220724
168,34.784706767771404
169,32.331919348557435
170,42.481803123155416
171,50.172366784761145
172,60.30052533763858
173,51.74642698520336
174,40.2038457680783
175,59.199038008213904
176,54.759859010978296
177,42.55462440099777
178,59.30622427929224
179,69.25342082904494
180,50.25203118842551
181,29.744706499961516
182,62.85711536265965
183,62.70919230608021
184,75.7008492456246
185,66.42071113065674
186,77.04621382451666
187,58.71489763258533
188,29.522506272147957
189,13.975478273830902
190,27.205866360231603
191,74.49560354238568
192,53.82980543230527
193,25.293008095552157
194,62.99046564599044
195,26.926519550347756
196,34.327082579123115
197,67.91688018892395
198,66.9133884188442
199,38.96653981040507
200,29.75469283966455
201,56.605231704569206
202,31.072886956313358
203,33.034614770796566
204,76.18341799979098
205,54.123003424957815
206,65.4838660677282
207,41.26283809118664
208,49.31790028073884
209,65.41766895660776
210,38.666678383163195
211,32.03236740339482
212,68.13297073602695
213,58.214325222285126
214,42.62498106310236
215,54.204995468467736
216,63.48154555962723
217,67.79879087204779
218,50.33115987057634
219,37.98100310940215
220,31.884436591383515
221,33.84930241196687
222,34.67162596642509
223,53.310168336609244
224,30.967476702847883
225,62.08484560983429
226,54.95194579905101
227,33.22253970493085
228,43.010825162858055
229,38.43423744127854
230,49.645306565237284
231,47.18137939431942
232,45.85674179072017
233,49.589595384433906
234,66.93463803879587
235,53.08636757062484
236,27.915487673724837
237,53.35172143243237
238,61.01722964492284
239,26.847249180589742
240,61.36387796830438
241,72.13562171463343
242,40.55075065826373
243,68.23441797730217
244,62.39913505265413
245,67.84040572125167
246,16.664282244751682
247,46.841086056964286
248,81.71689304075622
249,18.364587452403565
250,61.50267620358666
251,30.0485064796672
252,41.72176421947295
253,53.66253569372182
254,50.811287193768315
255,30.042640132402493
256,48.26856446715289
257,63.36132170838311
258,61.75901936303049
259,37.23441909354064
260,45.693912616964525
261,42.78502381130224
262,24.505413940152085
263,81.37831207861606
264,59.63099257526753
265,26.064868650579324
266,50.34747828943344
267,23.268241672988122
268,61.16519903957425
269,81.45068995844343
270,60.330844675741865
271,74.9990367650316
272,29.504949873065133
273,38.819480718142906
274,33.63700764749818
275,49.01585816778855
276,61.80296762135654
277,40.2043278606552
278,57.74247379873177
279,25.84829241338935
280,56.93883044691448
281,52.46347891466773
282,60.445079814627206
283,51.7359211246656
284,41.20358037222489
285,26.72819909660118
286,35.36201037989418
287,72.64375975428112
288,49.65240979169685
289,38.92973090293717
290,55.473609750911834
291,48.49273846516988
292,52.14971039534561
293,63.61424706405563
294,29.526315670168604
295,64.69773031743414
296,69.41175166932567
297,38.84630855970073
298,42.593588355726645
299,72.51218561231434
300,42.73675851561371
301,73.1729589887152
302,64.38270062374872
303,39.25902901325233
304,54.53152214983997
305,24.11550014220235
306,37.969460123805376
307,66.93043685216877
308,50.447257824439575
309,36.8762441205359
310,65.83236538901876
311,50.03427957972364
312,47.965179006306066
313,53.30889398544771
314,61.41067136492641
315,76.96727014280242
316,45.968749208774064
317,37.87512909185454
318,64.43593725456411
319,41.284511631726026
320,24.8356905349265
321,43.78132326301417
322,73.52019723752379
323,70.34911708001584
324,87.82506945662476
325,39.99284801822093
326,79.58950771409665
327,30.37969012314178
328,46.02647809703948
329,30.034196973144596
330,44.262010552583234
331,80.9303529140146
332,19.300475379670477
333,64.32604484306698
334,54.83917279557076
335,59.056878360186545
336,55.47478038673351
337,33.32257105994182
338,44.64185864916165
339,44.37843137299384
340,72.62143401747247
341,78.52555779523314
342,71.11568909253722
343,63.10322282660121
344,33.31788236877202
345,31.142369237005326
346,39.63142643855239
347,44.328315465863156
348,40.13416133950787
349,30.989651182735386
350,50.56424698653347
351,31.1081050857806
352,59.573912332557484
353,22.754187118292414
354,34.80637935281634
355,36.62667901514391
356,19.454335236315274
357,23.440379152227724
358,29.06917749539722
359,73.0281032385529
360,32.18890496705186
361,23.85637614887381
362,34.519921707465386
363,55.68698999926203
364,47.24862023090885
365,48.220872862188536
366,49.67954388785117
367,36.19923136998011
368,67.08240447112809
369,52.79155501740111
370,36.94652285468568
371,30.258365658485623
372,33.771640160864536
373,68.11770587896642
374,53.984233863956
375,42.53217492152885
376,22.2699935846004
377,55.11294455368985
378,56.82311262791853
379,69.93480580549821
380,39.95977692007344
381,33.680600433931325
382,61.62944780474972
383,68.57727875775984
384,46.59617672066382
385,59.81591318289171
386,27.97733576531452
387,33.62850604662417
388,55.50551725660963
389,39.60459748340895
390,62.63831029858011
391,65.39430331519614
392,59.067354158144
393,35.63594311229675
394,69.01980076418764
395,64.51358083340683
396,29.313331280267498
397,33.974139435692145
398,72.35423461053922
399,40.33116638328036
400,51.43813817830664
401,61.564242027847875
402,22.865063523622453
403,64.71326186138248
404,66.0308788094994
405,48.47392657044166
406,28.330487332139263
407,61.77082402884383
408,46.52933060997734
409,37.73068640128976
410,44.83104426085432
411,39.38674844695886
412,28.177415449373747
413,41.06012466606973
414,52.68842637116834
415,52.20294407161821
416,40.70215780413005
417,38.33166275199296
418,24.351198630010884
419,36.79085818083308
420,20.026192812131463
421,40.02877525643962
422,31.52698956952034
423,57.28213147742568
424,22.284935240905007
425,50.705314430550274
426,36.58939448853094
427,36.514224762267006
428,54.95164243354414
429,35.59463328700001
430,56.56491067875849
431,32.608888096969565
432,66.15834206754512
433,70.06306183124595
434,69.91534258260548
435,50.86907556272355
436,25.435625568745984
437,70.34998023734988
438,45.104682165769574
439,48.358729007159944
440,68.67040960294302
441,31.122278724888357
442,71.52351249922742
443,59.45300180169272
444,67.05326706611996
445,74.67772787446067
446,63.675865506756416
447,53.47332085641765
448,62.29630745846028
449,72.52767058014102
450,63.14585037563866
451,68.69392296874403
452,24.414997390478234
453,56.7143279207515
454,54.04967921083285
455,48.45155392352972
456,48.08055366451201
457,55.94814464722159
458,46.308329354660806
459,51.26836797735506
460,41.42266222935166
461,39.379409532572566
462,24.27456520416471
463,47.09511406841931
464,22.56211358521906
465,50.1928496945964
466,26.03847566298203
467,65.29593281171358
468,47.34254741335864
469,84.0406918329654
470,55.277190308366215
471,69.07787067304744
472,39.52213640800428
473,29.627307623686793
474,24.639450083248516
475,63.35289291915826
476,25.341622754057333
477,72.18626519400789
478,25.88918525310587
479,53.51245682893895
480,56.31870100893322
481,45.97355422606085
482,72.54572584353548
483,43.36193823066331
484,29.906957471499908
485,57.04239660776105
486,67.34548390976548
487,38.28396663632449
488,69.04866576226826
489,22.587745903183244
490,65.93699551643563
491,33.68564385279362
492,72.40898215490826
493,38.78359876323252
494,65.8659695502968
495,32.14817728452156
496,85.46062250063152
497,67.16400780608015
498,44.05652450870803
499,28.282383180623526
500,57.24750705314835
501,49.91153554186428
502,65.9676823813295
503,25.330044589093802
504,45.45275785131657
505,44.231193494371325
506,43.30891646524289
507,72.80875486966532
508,25.901396585424532
509,77.10649360662235
510,38.13920904549049
511,58.897088727997314
512,24.514537023024705
513,89.75648483690047
514,65.45775386090914
515,34.531932225539904
516,50.963395783300314
517,44.612997114630794
518,40.84967117653125
519,51.694110034487224
520,64.95692075560676
521,75.10738849195441
522,62.610748213440445
523,32.05591042258658
524,38.28576073971203
525,65.50314029982982
526,43.09049234463532
527,51.043089651852206
528,21.205646758366978
529,38.75658771251732
530,27.482620451971606
531,23.651227020042274
532,38.52373204243767
533,53.73086514682056
534,57.88621823233639
535,36.47050887998661
536,54.997603723200925
537,70.7848291641082
538,65.95672229040093
539,72.55776638857918
540,63.96217887355088
541,35.47900578550413
542,71.4992271938769
543,46.49121161149369
544,56.63338529419876
545,81.87899079667207
546,67.88189344864645
547,60.2901028080166
548,55.399027559654144
549,55.74176062768123
550,46.44691478431382
551,40.26160884445232
552,53.72473012402301
553,37.18550180904928
554,68.15623151959858
555,51.47410145865605
556,40.02048656629093
557,47.714357512639836
558,73.16373827425608
559,46.44859261003643
560,43.90261157505049
561,59.583523860797335
562,70.56920669047607
563,60.13907167040963
564,30.592939806044008
565,69.24581894955168
566,59.390147154835425
567,48.04933135157296
568,53.622088908301365
569,33.269492227661054
570,75.95735679724794
571,35.63148371960914
572,70.26824565356212
573,54.76928980348983
574,48.94182404784926
575,47.20852208650173
576,41.167873210332665
577,31.079098730038137
578,53.8503175833213
579,35.56424608821553
580,32.70310232494789
581,25.385150174719858
582,69.21616020108758
583,43.797815636896445
584,36.099845008115736
585,30.561481137580945
586,76.21088915809595
587,43.772051476162446
588,52.06108449591824
589,35.6824927654882
590,57.70494394250842
591,43.08784639595403
592,77.58234576588035
593,54.509876587808726
594,60.63943334679141
595,31.081657211381177
596,69.17073519994064
597,48.17359889980517
598,47.457870525432654
599,55.58952933896449
600,41.13603744067307
601,66.95285340011519
602,57.87196887877978
603,69.10266771119387
604,60.16052570973708
605,41.66883431245048
606,45.72102896947278
607,65.4207699629474
608,31.471598782543246
609,35.0905558922617
610,62.8489018744663
611,49.64767947258893
612,42.52255559986809
613,45.6957919704974
614,34.02706182985768
615,36.37647329810804
616,28.51642137208674
617,28.38832370095946
618,54.91499419629946
619,37.310721704941
620,39.08579085004792
621,50.65362081304117
622,59.865666806945704
623,58.13298319572301
624,34.24279102218451
625,72.6515975378573
626,53.349752524732054
627,65.4953369990628
628,79.04650783002762
629,33.059042439634624
630,42.34155863457917
631,43.19237322682781
632,78.76454990075521
633,33.81950045804547
634,29.304973532801096
635,49.68489817849814
636,38.88289139101269
637,64.95452475357872
638,38.18267080273133
639,71.90959535637853
640,76.3043401116698
641,44.566948853432415
642,41.57921253293852
643,61.95767004702878
644,58.29801112721384
645,30.722145757416236
646,70.79869355826969
647,60.50279507721902
648,50.0407749281301
649,84.22252501231722
650,28.914706228731415
651,25.32400410959982
652,28.600539512913983
653,33.235418930831656
654,39.11526786701778
655,47.08517700496429
656,30.77079868863623
657,75.67263104209431
658,40.094643780305304
659,44.18849806353814
660,44.425701475537046
661,19.393413421395998
662,24.599134334104885
663,37.77803686629403
664,45.52173333745984
665,65.1722713102443
666,33.62449097047819
667,48.80587255160972
668,61.737415984819556
669,37.35344689829183
670,29.7148934876111
671,30.74864759686952
672,21.487600889154766
673,38.15031457460568
674,36.26724300569552
675,68.66658038891521
676,53.77603890562167
677,38.25566831142121
678,48.41569546369074
679,72.5230087787507
680,68.00925722697873
681,47.3055148872636
682,45.61671721902625
683,57.23950378173503
684,26.76385071444036
685,48.40765317848176
686,70.10662282392764
687,37.03727440528461
688,75.3954832496841
689,57.147008280343606
690,42.62772987518864
691,63.1653256383686
692,69.89845879309497
693,36.46470424224399
694,24.24264333448857
695,71.21760630342143
696,55.679413248230084
697,64.18822500875685
698,68.66877824316033
699,38.74702105698158
700,52.89083850026205
701,43.797614676198286
702,26.29646996951912
703,30.640887876300457
704,25.825925692182224
705,22.622562534141757
706,40.73087874180682
707,64.76473362070386
708,51.47772276375357
709,51.65451192422296
710,58.58707598799555
711,57.50456973115801
712,29.30803499879922
713,70.94252211267607
714,73.11698130331062
715,20.435708047643033
716,32.498500247145444
717,61.35221389296276
718,44.82587825036441
719,42.998142127095896
720,63.31235910539097
721,62.59152359426844
722,25.857000278335303
723,36.33434730133831
724,59.49261730314022
725,47.23827530077506
726,31.378742931956996
727,57.98398478564012
728,67.85722913960298
729,28.989586712314832
730,30.385791849003876
731,47.70631073097177
732,36.844763832867564
733,47.117619252717354
734,44.78329280928605
735,27.96141934509604
736,56.78175308126673
737,42.972443011002184
738,46.01883346933915
739,25.094151009789318
740,28.84759707900703
741,66.78297751862773
742,58.18919583548882
743,41.624010471094145
744,31.15139030033543
745,50.84734131640262
746,67.51699462237097
747,53.58744555326874
748,39.6417177564629
749,47.21369880577006
750,68.09972186123579
751,45.27066121147127
752,81.03216720596473
753,48.229828899660106
754,41.408612715357286
755,40.26199262534206
756,22.49980515396778
757,73.13754067163558
758,67.02695075969038
759,59.15202890895384
760,32.60095915836582
761,48.78170832163738
762,48.73984992454279
763,48.63541242533073
764,73.42173191475582
765,64.78622157994359
766,26.105375709291394
767,84.51549200901559
768,29.373926963676034
769,43.01215185722075
770,37.653298207161065
771,70.63085412194417
772,60.944802238620824
773,22.086498913730683
774,35.41329166249196
775,47.38893260696263
776,36.574716390989785
777,35.6758027797627
778,39.636325356469754
779,32.63958768018801
780,46.662150634553825
781,51.24452561011294
782,73.35344690609527
783,74.75031870220286
784,34.58091418072825
785,32.12700556571356
786,58.98366648843368
787,66.41416857738292
788,63.89261533358581
789,51.55658195103104
790,65.52049098952796
791,27.604619081426318
792,38.878351239697125
793,36.342495223933646
794,78.4088710174249
795,42.45992787494626
796,51.80683790701231
797,28.619443632556983
798,75.25511145758733
799,61.66782213534374
800,63.83856407348948
801,55.96541971884045
802,25.318264873573593
803,50.85005033183112
804,61.83382186838584
805,63.338473974354685
806,62.955301565189984
807,59.30270125714421
808,67.55639593387289
809,49.47712650892388
810,78.78549992979829
811,51.58489338032061
812,24.809534133910233
813,76.11429894261796
814,46.5539618328684
815,71.07895317522227
816,18.517662994575186
817,50.94498331128283
818,67.1395187148157
819,31.30404106316414
820,33.82217503421368
821,52.521750112805336
822,49.59343898666424
823,55.24613132304439
824,79.84073291141803
825,92.02961802198024
826,53.35366414167534
827,40.94711252875335
828,27.183924851795407
829,44.149313707562285
830,39.15072482724257
831,61.97020462605329
832,48.02457795108351
833,53.32629705344736
834,41.36491401381329
835,55.5390172133097
836,36.00707091582946
837,38.46678238645923
838,38.67432424985761
839,54.590827249274184
840,65.7298952519852
841,65.32423284291914
842,61.22776590158117
843,56.457838970423595
844,86.29794792417248
845,38.279407375342814
846,49.39208865172796
847,28.174142709772067
848,65.80502931543975
849,52.4651827302561
850,37.414835834527636
851,54.728410936038266
852,44.056201823294195
853,36.1962126014697
854,31.813686760937294
855,29.432233888958358
856,52.21607988031499
857,20.479205753001015
858,37.559304600479486
859,62.246893269363525
860,34.61919531352379
861,45.361597812768494
862,51.25455505516027
863,21.99730335816831
864,27.77228600784391
865,41.14006844300188
866,70.0837418950946
867,37.52145118919133
868,47.409459415946706
869,63.218178785826154
870,27.258307052751114
871,28.06122904912382
872,59.539883118176135
873,47.16164540854774
874,27.077938653531977
875,69.2837145451224
876,27.025026621509397
877,31.213504610051512
878,45.67493455597246
879,23.74070558898087
880,36.046983752936434
881,24.766286824490706
882,74.26678100710242
883,32.91779073723707
884,51.862624209723045
885,27.49918456789809
886,51.71360556410933
887,54.60377307524305
888,68.81232763486324
889,59.480644141189245
890,28.3273248438171
891,33.43635085633676
892,74.85977764491089
893,31.173498062724658
894,45.16557103302519
895,19.274049413359336
896,51.25099550008173
897,45.42613037870628
898,48.02949174630224
899,67.34016640870723
900,33.03211690116494
901,73.20809389891272
902,72.28118994923818
903,72.771729535548
904,56.76012621179715
905,77.28082771875769
906,49.84523269975547
907,71.33092941932236
908,51.848292579589554
909,51.2264544368979
910,53.540176586610116
911,76.77427318493082
912,80.59015702649587
913,59.011782910148554
914,27.971237883164036
915,44.91533979582726
916,55.73766063696254
917,51.280840977540095
918,23.95420787665009
919,42.95130191961639
920,22.016669872992026
921,27.264364187410145
922,44.76796821030297
923,39.40276659401481
924,63.453133612601725
925,81.91067508913025
926,60.74787370121406
927,46.785592355754446
928,41.79654508513707
929,25.851481663166233
930,33.7777544081918
931,26.732149191494628
932,27.034340677630436
933,54.656298005592525
934,39.318889469026466
935,49.80119987667777
936,62.20251442347037
937,26.33392678937612
938,60.53801939591698
939,55.43181384067205
940,53.74463761915318
941,42.92252463038437
942,48.857041100132854
943,66.78627608604384
944,31.19013235115206
945,76.62506856268297
946,41.15064096802537
947,54.899227496636314
948,54.582776292737684
949,46.806215201686754
950,36.04416699722488
951,45.77608057347415
952,48.8516055800842
953,56.80533479109335
954,46.313910892796414
955,85.95957988919929
956,65.81828278505112
957,41.68220067667325
958,54.20449494964849
959,36.27839681352785
960,32.758479845609585
961,51.141718826825404
962,35.18250918473004
963,71.8340026407358
964,47.90109659425754
965,33.485225766394464
966,35.76422232283598
967,66.77446699534326
968,22.802078781011407
969,21.556567904671798
970,60.699451856925336
971,35.64629402915313
972,28.09513032751452
973,40.087791449966424
974,34.85664485822996
975,38.80484770326561
976,64.23977455239893
977,69.67933820273399
978,64.33216112729987
979,26.08802811769316
980,46.92970412688759
981,39.538183093913545
982,70.66649875263316
983,33.085901529804964
984,47.47182110279153
985,45.15895497179419
986,33.283475714262885
987,73.04577378040945
988,32.72992517417356
989,72.00237242081705
990,40.26947726691216
991,51.65713042163798
992,42.622822290317124
993,29.420435776526986
994,66.49706134967852
995,23.481161058346185
996,51.90191469729104
997,32.05387184908479
998,74.60437420900092
999,32.32067633568103
1000,33.95288952025168
1001,67.24284547453622
1002,39.76656424259413
1003,56.694117337045654
1004,57.17264024085585
1005,22.95199524200564
1006,72.21522896581445
1007,36.69468004484473
1008,64.92996347349587
1009,30.539883234093544
1010,84.61325602026574
1011,34.169154060336595
1012,28.705111419602066
1013,72.30950419793166
1014,49.169395235948954
1015,77.13741081125666
1016,47.511140862337164
1017,55.11448852467925
1018,27.85551398447162
1019,65.74304887713195
1020,25.09068669100102
1021,47.785097741252265
1022,49.47225668864158
1023,58.701884854695344
1024,64.97213501098068
1025,33.784640873102376
1026,30.180788075503415
1027,30.49817526588814
1028,17.94939228911286
1029,27.168513352272903
1030,61.636405905472685
1031,29.810122600543398
1032,43.425946349445915
1033,27.229054940460063
1034,28.531875301463227
1035,71.0253919825014
1036,64.46925900598599
1037,66.58981160513528
1038,48.26881435136104
1039,67.13102451846939
1040,53.77118558769455
1041,25.245958164086694
1042,67.97725759811075
1043,69.29086148206088
1044,24.795052745152535
1045,60.9474038761878
1046,29.40359166361126
1047,41.14945131393524
1048,43.93299153672019
1049,28.95349090658564
1050,39.847327380846764
1051,66.41593896560781
1052,47.518834736332714
1053,51.97875995790764
1054,61.201677750670385
1055,45.662788234482
1056,31.073788226376816
1057,28.322167913883906
1058,57.25888082178594
1059,29.898265787515324
1060,59.694209722101654
1061,54.91696215243091
1062,70.04751906035813
1063,56.23525647788069
1064,47.88945639171881
1065,56.44762246766027
1066,51.79964910360984
1067,52.1047376734448
1068,40.46123173461197
1069,44.76698318957716
1070,44.38615052417053
1071,20.6570539240301
1072,38.88211282759582
1073,35.20501532648218
1074,51.40989930808819
1075,40.82560893838503
1076,71.00833129873153
1077,47.225404140284894
1078,52.048204975537104
1079,50.30255495171376
1080,28.75013967644709
1081,37.681178919904625
1082,37.63144049136029
1083,62.59631729979274
1084,55.50542287062616
1085,23.573623267183365
1086,32.84692373524569
1087,58.82360621139661
1088,29.645568474907975
1089,39.85928565466362
1090,27.450608094399392
1091,73.0548789280994
1092,63.15689959547494
1093,25.219073411935273
1094,39.80343915123965
1095,66.61868530819555
1096,43.32965218359053
1097,68.04145478653632
1098,69.09000464171974
1099,79.67952362433051
1100,28.343745294582693
1101,23.203099122844975
1102,54.59635357287011
1103,25.79914094678033
1104,55.169484840868265
1105,43.496180249553454
1106,65.06338397635767
1107,56.95253508643336
1108,19.799447987619345
1109,54.20613820286113
1110,57.70778484133719
1111,53.15875863458886
1112,50.56678437314002
1113,31.401446378577358
1114,57.83300590967838
1115,57.65007380733259
1116,45.803661332105605
1117,33.66323925997549
1118,66.73984848497821
1119,36.82421445428955
1120,37.39882244718651
1121,37.37371465367253
1122,31.282925872594074
1123,43.839750606607865
1124,57.8496789824041
1125,27.225402190442196
1126,58.78684780320012
1127,56.23412180645643
1128,49.563912830397825
1129,38.01669573203651
1130,62.774113487791766
1131,80.6023310203785
1132,41.36167425865327
1133,40.992016944232525
1134,60.963759298187284
1135,54.271795886210974
1136,54.090004219914555
1137,57.844431388392294
1138,48.363958648413046
1139,47.250879999975375
1140,52.17382249170654
1141,48.83284758342387
1142,77.93700603827202
1143,24.029842136731688
1144,62.22151270289526
1145,73.03691823358467
1146,35.6550457015758
1147,43.45885687901443
1148,35.28146974864528
1149,75.19900832955372
1150,31.48666759960575
1151,46.60673676286484
1152,36.99886553393364
1153,53.578935938611025
1154,31.681940977512223
1155,38.726611166939286
1156,36.7792652261893
1157,64.92917221165028
1158,68.36734483274536
1159,67.47893290169762
1160,25.132780386798817
1161,54.102945855701996
1162,66.65656929584932
1163,31.801648890823298
1164,65.98863911619455
1165,66.89593911594731
1166,73.43294181104868
1167,62.814516097464704
1168,43.21730558723142
1169,44.963614283956105
1170,24.610660752892205
1171,68.02992516649175
1172,28.553691006453352
1173,54.9434681430236
1174,58.518433516172365
1175,51.63184960421573
1176,58.01380810695026
1177,62.28740230193988
1178,44.718290038704936
1179,27.411336249982398
1180,44.25940488255089
1181,71.64507411639204
1182,48.86825867577164
1183,36.839665233514374
1184,43.22948182094649
1185,35.701170463139576
1186,57.3027376255115
1187,51.49375644682885
1188,31.63472176349063
1189,26.82769785314835
1190,26.616645425734696
1191,58.77934024694521
1192,53.07817748979445
1193,40.9578515287176
1194,42.29225679484963
1195,45.72667151393479
1196,32.02389588372954
1197,66.95910632429977
1198,32.981513814669476
1199,48.823101187554286
1200,57.70491078903116
1201,37.81963997315062
1202,77.58502619156863
1203,57.704427684673455
1204,69.44355776972209
1205,28.550838112489306
1206,29.420488359893344
1207,67.80435207801567
1208,50.489929520373906
1209,60.74560042284455
1210,56.64150294337281
1211,45.20031178409844
1212,71.55486301786564
1213,54.82628639667698
1214,76.00902921590708
1215,56.585739815094705
1216,24.154208730035688
1217,49.76072788935011
1218,30.843127601128693
1219,54.28776718049382
1220,40.138349677077436
1221,47.96284656210594
1222,37.04242134459771
1223,41.4367684198428
1224,31.949730527621135
1225,51.76262524254498
1226,81.99935946999238
1227,57.44906120923174
1228,43.57157868694119
1229,82.79120122272369
1230,43.09630579295074
1231,25.533233764745145
1232,46.2777005769822
1233,57.65470899933823
1234,68.84060081599321
1235,45.90934954738734
1236,74.80908839459562
1237,52.51206604651013
1238,53.503679613008686
1239,28.38016686806815
1240,32.7382826272132
1241,66.54115393441354
1242,36.48633645790782
1243,33.1837891436861
1244,52.94799372570486
1245,48.981564203772116
1246,72.33320093543705
1247,53.665722667216606
1248,73.86354417525848
1249,25.553445798944054
1250,52.88995831140442
1251,25.927853305212675
1252,28.066573890382895
1253,26.05780075043596
1254,76.91894354658665
1255,59.73263350104712
1256,44.640816027738964
1257,63.838573825167565
1258,73.14987245073178
1259,69.84141000423051
1260,64.02225728151004
1261,26.967342359851727
1262,35.89910551839551
1263,78.05222272524072
1264,23.804114329297384
1265,56.63387046079501
1266,37.64506953536784
1267,58.209180545531225
1268,35.91912911749978
1269,69.0822380658388
1270,41.81120367534892
1271,38.615259665605244
1272,39.7126684372349
1273,46.94288503740108
1274,70.66763242921331
1275,63.87995812336405
1276,59.53440055432201
1277,34.32996829671628
1278,49.746532592851175
1279,25.700044000631657
1280,79.22739675888639
1281,56.10858306368019
1282,54.014771823230646
1283,37.49752330526044
1284,64.11837439905817
1285,70.70085831806037
1286,42.39222756982902
1287,47.58540389522449
1288,60.77720027591498
1289,59.7092325783613
1290,29.890917176795007
1291,79.91347353171518
1292,48.77144820525115
1293,30.989871662017826
1294,42.303850801327044
1295,65.78433952048113
1296,33.063811331527354
1297,43.590759506329555
1298,44.08311800172831
1299,44.77133965395566
1300,44.55518188507436
1301,71.32958106000312
1302,60.81646746794244
1303,55.08742661381537
1304,66.42720132071209
1305,41.65010919272994
1306,78.62064554262687
1307,26.022218858578697
1308,51.29055005073689
1309,40.47235810879803
1310,48.94427463662911
1311,60.723382843598436
1312,64.89835037305573
1313,39.63615825728214
1314,30.26922623756915
1315,28.257074711931732
1316,32.5269739790016
1317,54.97933994466289
1318,30.39842716425755
1319,32.12572766992133
1320,51.04266041434875
1321,39.24846928055676
1322,74.38385735495471
1323,74.34146203090685
1324,51.96369247327774
1325,59.29141179294141
1326,27.62353999413245
1327,30.96335150798388
1328,74.20733606491912
1329,37.882684249053455
1330,64.28026270797034
1331,47.50693448661315
1332,22.457230300675967
1333,30.775488979512485
1334,76.16857666804233
1335,74.86908772242789
1336,70.62394889259357
1337,28.157230711658862
1338,43.10491629971199
1339,51.10621372196101
1340,28.656655381503242
1341,28.384242770387246
1342,30.261486069188912
1343,31.03040339367561
1344,27.57372925452833
1345,37.834658757707864
1346,53.3797700899368
1347,27.00754568572107
1348,66.11519217514373
1349,65.64724844171711
1350,35.451860495316694
1351,53.94806086045816
1352,23.894934299669863
1353,72.41334834939093
1354,70.82594603987997
1355,39.69279047116802
1356,73.20503206539499
1357,36.69731768312407
1358,24.980195547978678
1359,34.55489174290092
1360,44.09702401070693
1361,61.541434146021594
1362,44.577125987787205
1363,31.78928360076518
1364,30.090609618880443
1365,44.65002708886747
1366,36.824969225440135
1367,36.26807699147191
1368,56.42588327955876
1369,39.40106394288711
1370,45.76381193865748
1371,29.317696638167668
1372,30.280766568999866
1373,71.66576487552979
1374,28.0439791866059
1375,23.650801115981764
1376,76.06180564372991
1377,34.66865922615417
1378,61.02546148085939
1379,24.90153137218045
1380,37.74009027267468
1381,42.41059954048647
1382,35.053941889969636
1383,26.546023612019738
1384,60.49250588086181
1385,68.36174690202935
1386,63.664512970992774
1387,46.39048562634862
1388,28.31724597383385
1389,38.811407206559295
1390,78.37275185630065
1391,32.61607535607863
1392,74.99193377734261
1393,69.12148139805026
1394,43.724551726879454
1395,54.54863190206844
1396,37.11687891040978
1397,38.00777101334249
1398,54.69682467019416
1399,46.741043763676444
1400,24.595803575997508
1401,56.692945246762235
1402,33.58344529088082
1403,26.949951427612568
1404,58.94675678188135
1405,76.72429208771497
1406,36.92006012705456
1407,39.53378947789264
1408,57.37607303873461
1409,53.24572310759148
1410,29.582533820152687
1411,42.054110832149306
1412,66.74200744687722
1413,51.790497928736336
1414,58.449502579610005
1415,76.17773272151763
1416,70.78467733285223
1417,27.154166800446344
1418,59.67834758996721
1419,72.90292807793367
1420,62.743281532251764
1421,69.97252546107154
1422,69.34697102743955
1423,50.29356034966519
1424,36.65570868674425
1425,39.796772336725816
1426,36.70119420298517
1427,55.95245392361791
1428,63.53944633373024
1429,31.64282498415166
1430,73.84429342822484
1431,25.915612862490594
1432,19.911295733297266
1433,68.68756557606511
1434,55.753138122542175
1435,52.742720392795135
1436,32.93162351436995
1437,34.2898477854935
1438,77.0717937514241
1439,66.8276937436431
1440,68.60896381095944
1441,33.388992944343926
1442,42.569422469249496
1443,23.682606920220394
1444,41.394052817221805
1445,31.25494546644184
1446,33.4891662749574
1447,77.18027260931368
1448,60.736695363102136
1449,55.00477426725835
1450,54.16564698744438
1451,44.70712296754408
1452,36.15265088374283
1453,68.90385824297255
1454,44.330435702706986
1455,65.98795911609812
1456,65.50117405853078
1457,79.82853607803874
1458,49.57541904188251
1459,60.741645439993675
1460,33.441867774892174
1461,58.64189058977173
1462,66.00958383827137
1463,43.69718587934821
1464,45.20930760801854
1465,46.23821690858157
1466,49.65871178544319
1467,46.64318422058035
1468,43.61746474627704
1469,34.50560168940568
1470,45.56507868150126
1471,40.956629317468305
1472,30.771344157648418
1473,67.55972218236089
1474,50.091193649885426
1475,49.07707445964748
1476,46.552616826139236
1477,50.53323269157607
1478,63.845016764600594
1479,41.78306443794103
1480,44.38369062351415
1481,52.765529878934444
1482,26.99383777298124
1483,46.32906347060728
1484,39.85986809799719
1485,44.90403329471899
1486,59.78000408945324
1487,28.29656208704425
1488,37.259467352725636
1489,28.142598133507907
1490,37.52718616798994
1491,64.78539946737223
1492,46.84426253869043
1493,72.0170111937952
1494,53.57951105976624
1495,59.77412156492247
1496,61.674400540540745
1497,32.31210620945175
1498,59.721813752396336
1499,56.63646275791688
1500,71.81918577140297
1501,43.70031425382882
1502,57.66606312594887
1503,52.21152894406684
1504,62.35603590090919
1505,34.30277675696315
1506,79.04606016063522
1507,39.81778056081879
1508,49.94277000201427
1509,44.84803344769728
1510,57.55391779398326
1511,75.68438017353813
1512,55.924401055874064
1513,32.037374696896286
1514,34.971074437843306
1515,60.93496032892274
1516,79.08025482121039
1517,28.517213214167285
1518,75.41048945683106
1519,40.93072445802116
1520,34.170463272618974
1521,47.528770730720986
1522,53.63966821697115
1523,44.69812311301215
1524,37.97377050188655
1525,27.68500123037917
1526,46.79897415642489
1527,30.939102146789455
1528,28.58281772724821
1529,32.12037375240724
1530,73.39961368870985
1531,61.80951109678516
1532,68.38737942339569
1533,50.57373403988511
1534,60.322546647752034
1535,45.941205832118925
1536,55.34310753597719
1537,49.05380244052899
1538,28.871383721690872
1539,47.26416211599731
1540,71.23502792512862
1541,48.09884152347486
1542,76.38815890917878
1543,67.94343588019117
1544,55.21027538294938
1545,41.7244993584441
1546,48.51708863892662
1547,64.5101602382059
1548,64.1002022038892
1549,42.57519698970546
1550,31.707435759737837
1551,26.83086750818486
1552,51.99371132010599
1553,56.880100479407744
1554,65.89097382666054
1555,43.26640451917015
1556,31.679605914300584
1557,39.50828207046682
1558,69.49496950064807
1559,54.82469696220813
1560,62.65295152303055
1561,45.1699839616832
1562,66.21297052844184
1563,47.73612989104678
1564,64.33336973184743
1565,36.76330492234156
1566,40.44668044789121
1567,59.33809185354562
1568,46.17062956720393
1569,28.836953288653348
1570,27.10103529575616
1571,39.45462596523149
1572,47.024141290334725
1573,27.49396358159927
1574,71.05915970009715
1575,65.54861333715934
1576,58.86242168598958
1577,30.906205152338934
1578,65.20607170223978
1579,46.70241716775248
1580,64.9894324191313
1581,29.40206698355438
1582,50.68917576468488
1583,49.32417829215901
1584,59.73168842663231
1585,75.72265206164143
1586,37.62559382507404
1587,27.82965523485696
1588,27.657493874599048
1589,41.73609808259614
1590,65.07438567995099
1591,47.307054149055126
1592,30.246075676956657
1593,76.41511602730807
1594,65.39147854151265
1595,44.635419920417945
1596,28.447613489006805
1597,55.87787063074444
1598,53.71457498004698
1599,31.825479860896888
1600,39.30093027922868
1601,69.73022525787626
1602,21.51006904762547
1603,56.200654677866574
1604,51.43756457931674
1605,34.469578532696275
1606,56.72057067380325
1607,67.54685637054541
1608,45.48270527571967
1609,50.04034530891813
1610,60.2582987546596
1611,39.75488742691274
1612,50.277644407418165
1613,30.890006216607308
1614,46.021634062756284
1615,74.87324803022469
1616,45.523295187789444
1617,55.41200781270185
1618,54.36101103246873
1619,31.152011495697757
1620,24.06578703768887
1621,46.19624168780078
1622,58.60329930969204
1623,57.65604143542039
1624,68.83082938184522
1625,70.90841463277351
1626,37.701461375077734
1627,53.32754236282574
1628,23.130439326519245
1629,22.426215155464988
1630,49.45715375147334
1631,60.31153974026862
1632,75.60061141356329
1633,42.79022134119749
1634,41.831392148584825
1635,43.532839684095165
1636,47.02245635556199
1637,42.00333328952215
1638,46.27418916717445
1639,29.919477210132914
1640,44.6851682114835
1641,40.44745638209964
1642,44.416399171166425
1643,56.45470131853409
1644,50.58801682294276
1645,54.354102539782474
1646,57.41881053434657
1647,76.65660394132051
1648,28.256335356279557
1649,60.064316830834215
1650,28.13791486353547
1651,52.6800555592022
1652,42.30111534638022
1653,74.99754826171487
1654,41.50280140059603
1655,54.09447509565928
1656,55.38638402194508
1657,58.673679065255655
1658,74.59456560026675
1659,51.21087647649503
1660,49.01031362624668
1661,30.831629177511896
1662,68.5151440948418
1663,35.415809915084445
1664,78.00111583913272
1665,33.92774760827226
1666,48.082575895352385
1667,50.579612342010115
1668,59.66416018760199
1669,33.4425745112957
1670,47.25589631558378
1671,47.26302222009088
1672,73.13459795058479
1673,39.02570575882162
1674,43.78444338966078
1675,74.6533900805027
1676,72.30562525253607
1677,59.0974784390751
1678,52.56805772081564
1679,41.880475575740775
1680,30.051128882464354
1681,60.87923738164849
1682,53.23666717623002
1683,71.75817035968657
1684,59.23046900523035
1685,44.99958087916387
1686,51.3465112730157
1687,29.06271008983339
1688,72.896289472875
1689,58.298515840388966
1690,53.83899898958582
1691,68.31809062043041
1692,40.26115944238923
1693,52.75364443362899
1694,66.96464567437546
1695,28.81976173008409
1696,47.2762876456745
1697,32.724085286355866
1698,70.0659330709808
1699,63.2493274212586
1700,32.51659332420459
1701,53.807667362621366
1702,22.369395741035106
1703,37.980881731927894
1704,24.577527717057226
1705,46.633312700157354
1706,71.4662617662425
1707,62.37832573029334
1708,29.079286727542915
1709,63.89861272608928
1710,56.956548487067465
1711,70.99855545329305
1712,43.53449849139957
1713,34.14458247159078
1714,51.12747201648206
1715,45.04329292290615
1716,52.39129888134419
1717,42.214534326898416
1718,53.48574182707348
1719,31.850882951571734
1720,43.25026181273139
1721,22.484777891844686
1722,26.546680657805894
1723,52.16686423878881
1724,49.73448621837756
1725,72.86226059989694
1726,77.1582139798952
1727,43.58434219098998
1728,53.370674089594374
1729,81.41365753498201
1730,48.35522914642734
1731,26.2961212648262
1732,50.998041033265395
1733,70.37275185131712
1734,46.10476706995604
1735,56.93724785055038
1736,24.58502382415614
1737,55.37761154804867
1738,27.90913180385766
1739,45.214424347364606
1740,40.50806850108432
1741,41.445872906530646
1742,31.73499706663864
1743,29.682415610845734
1744,86.21292645904104
1745,59.11033696708705
1746,44.955610529718555
1747,70.57876868673284
1748,75.44078098101792
1749,31.17738121413049
1750,48.770545754783114
1751,48.82162076184957
1752,33.085797277139974
1753,56.577418997154055
1754,75.180936048745
1755,69.19117484557972
1756,61.817850658209146
1757,29.297928254814433
1758,27.28828442602803
1759,76.43023108076116
1760,30.851359700057404
1761,22.95928921802044
1762,59.41619447192879
1763,62.19392020189227
1764,46.21590864618611
1765,32.987032923343136
1766,62.40442045554842
1767,26.655197069477648
1768,72.30409579404383
1769,61.29435111031705
1770,63.01543996531911
1771,40.614931313840806
1772,71.87089455539294
1773,35.84322842086627
1774,25.199377964143054
1775,33.107915848170876
1776,27.40887277406738
1777,32.37945594319825
1778,41.799704551752406
1779,50.00478235029074
1780,36.613367909268376
1781,37.948956196273784
1782,63.22982301686774
1783,21.98115180723579
1784,62.52163173413339
1785,55.648355519714535
1786,36.849357345567704
1787,52.069066656344205
1788,71.09807407215186
1789,39.45984777001966
1790,49.36417854220308
1791,48.98349655935729
1792,36.80791665936723
1793,39.487378598952674
1794,59.28636706853011
1795,57.41418342234878
1796,75.14244925183954
1797,34.85893190990643
1798,71.29877837245004
1799,37.35605525102329
1800,29.82433031476247
1801,49.55642991550975
1802,54.63241435944104
1803,31.429435216836353
1804,40.37935897188715
1805,65.94701975286898
1806,24.58015644969127
1807,38.45194782060295
1808,47.71057284618
1809,86.97427855311972
1810,49.85823886969
1811,30.998112440399115
1812,52.38620695545508
1813,52.1962223264298
1814,37.390981572497935
1815,27.145533938966025
1816,57.057554044239936
1817,39.167730713773395
1818,30.595689285868815
1819,31.225588628091796
1820,64.65723044729934
1821,56.87971252424417
1822,67.80547697925545
1823,38.06162002289682
1824,43.38320399738372
1825,38.78233494903901
1826,27.346245474667413
1827,26.983801282272022
1828,50.20773745383944
1829,63.34590441689865
1830,28.489806661768462
1831,32.706306757590205
1832,41.439059900924
1833,39.17163257160641
1834,66.51944239380714
1835,33.12025222865126
1836,35.14191807091585
1837,73.6498717549518
1838,58.106986530674725
1839,45.68839497922632
1840,32.266139979903244
1841,30.365037691434317
1842,46.24800348305684
1843,37.21590878669798
1844,44.901248776584325
1845,57.69349845787538
1846,28.674820193773876
1847,56.747672813572514
1848,63.93401057935766
1849,52.76623984093223
1850,42.83571369478664
1851,72.35088432917857
1852,77.05338285643164
1853,27.27474205460843
1854,58.061616943665726
1855,43.64815323919945
1856,70.24117885289036
1857,29.010904129362938
1858,37.32196013715304
1859,56.32529611607006
1860,29.971297631759008
1861,64.19329474423617
1862,47.385671394302015
1863,55.535248275911066
1864,52.83817619957809
1865,67.6904317250496
1866,66.17817196564309
1867,62.56858436922776
1868,60.42297193576996
1869,38.979306566534085
1870,65.52078784650078
1871,24.29893416306527
1872,39.75929462795908
1873,70.99892563089435
1874,36.01152444073308
1875,40.83868029947992
1876,47.881595077351314
1877,38.36517662783352
1878,39.666852391731126
1879,51.217997596385025
1880,72.53836539007047
1881,40.56417087516601
1882,29.074514391915883
1883,42.481618175993795
1884,57.88799937723718
1885,46.76856330288016
1886,57.78854474063296
1887,24.411938947891745
1888,36.42472041542493
1889,29.423557975841803
1890,61.53133108147349
1891,59.2204477577547
1892,69.88376183400511
1893,36.4402442042937
1894,53.48768765412401
1895,23.156973223598524
1896,72.95561300985773
1897,37.27381464859546
1898,28.215093983222452
1899,28.808090322580373
1900,38.75702624348134
1901,40.67475027491637
1902,38.36842128633499
1903,74.6401606641312
1904,28.555536087348663
1905,43.17972906280076
1906,46.71296785173617
1907,57.725727249411065
1908,54.76074057277488
1909,37.28882646823304
1910,61.53257990908109
1911,52.98685412120659
1912,44.820330056552436
1913,61.22206755341256
1914,34.53253429090799
1915,73.88847112317144
1916,59.785968147227806
1917,55.767321079868076
1918,35.05740799606812
1919,35.391951160329995
1920,61.349582299707585
1921,79.17490620609439
1922,59.85788415462949
1923,22.72657491980799
1924,46.208316943747995
1925,53.89283590702753
1926,70.2592144612127
1927,26.540218737853948
1928,48.20064252845065
1929,38.414602321153055
1930,47.52344205267035
1931,41.439642134524476
1932,45.08557219032342
1933,34.84511887474026
1934,24.900136107595984
1935,37.34144280563953
1936,74.14054747816392
1937,26.89778766575423
1938,52.40530262293489
1939,58.66342757299354
1940,75.9599498463202
1941,69.71724066370543
1942,42.46514557961407
1943,24.588970703381875
1944,36.901920087710366
1945,28.78216404376906
1946,29.827283402687037
1947,56.14773767349206
1948,48.48403073340449
1949,65.00080657842261
1950,26.27828549088465
1951,37.07778681866418
1952,18.463898464227746
1953,51.347911464568085
1954,67.80230304857031
1955,33.22361576864215
1956,42.89748150474009
1957,87.34033067995097
1958,32.79845078868515
1959,48.50029102778289
1960,32.65987627426833
1961,39.92240453682498
1962,57.72800104541059
1963,69.00871514003424
1964,22.19313844235863
1965,67.98643495397748
1966,28.569317796985715
1967,46.16372916657774
1968,42.424108002942866
1969,27.502546489227438
1970,42.91239937021897
1971,53.258017139740495
1972,62.18772231979813
1973,47.660957804498025
1974,53.14050626347014
1975,57.84256576907662
1976,37.04430941289276
1977,24.599283598216307
1978,51.04459304491944
1979,65.59083691543285
1980,53.118823619336595
1981,15.490092280516976
1982,66.0847548862892
1983,33.521316491542734
1984,36.14052892808232
1985,35.04093787442081
1986,47.31819763781471
1987,23.955245853486993
1988,34.11797062880693
1989,49.67327295673445
1990,46.63859899274384
1991,41.10421040738169
1992,28.925810061154934
1993,58.52890943210805
1994,48.072870467461726
1995,47.800603594555966
1996,73.57895725141505
1997,63.08376688138341
1998,28.88493262648476
1999,47.04883440454179
2000,53.85854923596186
2001,30.740073831893824
2002,57.82392400437567
2003,58.68692498492515
2004,47.75495027210854
2005,51.47152883320175
2006,75.27073953303943
2007,45.95819443544694
2008,47.11971860726246
2009,50.344223598127066
2010,29.466237916444214
2011,45.218531961863654
2012,36.49404455740912
2013,64.40487212698987
2014,68.52844774537289
2015,61.463464096271665
2016,71.62720825000137
2017,27.342266838077308
2018,63.78334691163569
2019,60.48828288974812
2020,34.625110323563895
2021,78.8592471303697
2022,70.56797040731408
2023,49.915073443456635
2024,68.9884894150375
2025,73.29626319076661
2026,40.660661031719826
2027,26.57542269428223
2028,31.585080060542563
2029,21.217883497976334
2030,38.60751064238133
2031,40.468718294787855
2032,65.01705991886823
2033,46.048106747244226
2034,54.115721960060945
2035,40.157515231254706
2036,30.14477339640554
2037,54.506400238556964
2038,49.94951691150175
2039,68.26277825114543
2040,58.60402522396756
2041,43.59157577647491
2042,62.49451287248539
2043,74.11355593687247
2044,29.427346388468298
2045,44.601478512451145
2046,85.12141354686702
2047,42.9525181650083
2048,39.95966414656756
2049,70.0574471515082
2050,44.03683065188134
2051,47.99480679229609
2052,35.87805750707275
2053,41.93885599021233
2054,74.05486929438126
2055,46.984703396119606
2056,69.3037994620365
2057,47.42085425053183
2058,33.37634963052305
2059,49.29556956796473
2060,55.7482425036599
2061,55.78806205085828
2062,71.3569286251967
2063,70.93863649625682
2064,64.90708050530208
2065,70.11698684944912
2066,59.70362586415223
2067,62.91101948240994
2068,25.36131220935181
2069,31.81860930954789
2070,79.20971525560131
2071,45.63940767181154
2072,64.69555966942427
2073,30.785019737452924
2074,69.65744594588485
2075,49.517301462707806
2076,37.898149398605206
2077,31.98845952595764
2078,73.22586552241344
2079,44.97128856325421
2080,70.60524541309525
2081,43.30207565160856
2082,31.437794543706556
2083,39.244135507536505
2084,57.31865356935075
2085,44.63989557919328
2086,67.91942628558566
2087,23.190627454155145
2088,55.77171351230402
2089,58.226047336797535
2090,61.035916368351884
2091,29.075156372386118
2092,46.74549971950829
2093,26.87859979788745
2094,28.048834375999057
2095,29.351536632668342
2096,77.98682871121723
2097,34.12012407975968
2098,35.83301826881976
2099,28.77035355742589
2100,31.47398894445421
2101,49.40449389340591
2102,29.648424351624552
2103,30.666612360233483
2104,63.6888485103688
2105,45.16768919823093
2106,62.785981926940465
2107,46.2239093645054
2108,46.162216662967275
2109,59.828493341541545
2110,45.47941259949019
2111,30.319617399386274
2112,28.967615657791793
2113,71.9041941312108
2114,51.76245530657539
2115,25.443422842560516
2116,50.15782797815041
2117,54.13760540774205
2118,70.69045435669518
2119,30.828206866900064
2120,51.230122472802954
2121,28.99558679446571
2122,33.87794318395294
2123,37.4730459495042
2124,60.31043378840993
2125,44.52114249858836
2126,31.401875640782222
2127,61.84072952590367
2128,42.88148631645097
2129,69.9311882504986
2130,61.10070844504838
2131,45.53909983618976
2132,33.04321744162041
2133,67.76377558222809
2134,36.06155339470989
2135,42.45815551557185
2136,43.0612305732199
2137,54.13020973845066
2138,64.76360309347993
2139,78.67083216935615
2140,29.238500525891613
2141,33.05844006951641
2142,28.190670762729866
2143,44.15956384613868
2144,53.4072594543036
2145,42.541927475477536
2146,69.2129315278072
2147,44.0686521566292
2148,57.718991921206246
2149,61.98407336079029
2150,49.48485914668632
2151,50.84474738121831
2152,60.86437763601569
2153,80.89194504272716
2154,81.73760365019527
2155,51.728050665612294
2156,52.5738657242765
2157,53.066986589175684
2158,79.135190229357
2159,74.55078699143155
2160,35.001430454727185
2161,28.418436969417087
2162,32.541106716856916
2163,73.008506304544
2164,35.29429855565982
2165,55.342401920862
2166,37.508181105911376
2167,39.934892960405264
2168,49.806422281373635
2169,39.106979193667314
2170,25.953187893409492
2171,71.1630139142314
2172,51.94851826342859
2173,31.429662077515626
2174,45.67290408913061
2175,49.32036583894279
2176,74.37127056885262
2177,51.395221320721426
2178,69.27341568858975
2179,29.665029000309445
2180,26.11009542860492
2181,46.77407878770208
2182,43.90048504005442
2183,42.486408776221296
2184,73.41817818870601
2185,44.69821879320999
2186,27.443874461265242
2187,54.97550759038592
2188,32.693783400913425
2189,25.592917352648826
2190,73.30757843051916
2191,60.41410579530525
2192,36.843503554599145
2193,61.83074540907083
2194,50.448519809135995
2195,46.49029910893611
2196,51.932491198533825
2197,38.454747002812745
2198,27.09551592355625
2199,66.27208487184137
2200,32.20201009296927
2201,30.59482926981225
2202,70.23266481936841
2203,67.26600651716666
2204,34.66758863921051
2205,49.99677031320211
2206,31.505344068732676
2207,20.01972839836111
2208,75.5362615763523
2209,38.1472857060146
2210,62.34407898277505
2211,67.75511096490555
2212,42.29970954546154
2213,41.18709162033985
2214,49.4580693139055
2215,37.69988632549885
2216,40.447650803980665
2217,53.4299434036542
2218,62.64825144377548
2219,29.861234623816976
2220,74.65550707616715
2221,28.953734754020072
2222,23.833601725042413
2223,24.802554870382
2224,71.6807809788515
2225,44.15402213553399
2226,21.65789489741052
2227,53.84572105660235
2228,38.442726599791484
2229,30.458613617215505
2230,66.04577345422523
2231,68.52279191550286
2232,66.15334824424042
2233,27.203826019335086
2234,51.65626277193559
2235,45.74837415458328
2236,54.80138872766915
2237,51.569844519891845
2238,28.92859072604998
2239,37.24590507158089
2240,48.83720343505478
2241,58.71487123283863
2242,36.05672848566844
2243,51.5371036959585
2244,69.59329459822007
2245,62.215054466404524
2246,60.51147004368173
2247,40.38591406495473
2248,26.09097804031894
2249,70.08482009773984
2250,23.017104321576486
2251,27.934056966361123
2252,35.483910553301556
2253,29.49046670838186
2254,66.90766451940524
2255,63.26481782688667
2256,34.37052311214601
2257,29.759334882485533
2258,48.7874400413616
2259,59.753133121107325
2260,47.41216714342468
2261,57.38786865190335
2262,60.750476949781245
2263,50.7131482484727
2264,39.77691555851516
2265,63.75225061802455
2266,62.75657897581728
2267,26.653238702236603
2268,29.292767466196686
2269,40.50559231484738
2270,37.570397373324774
2271,64.4086610167845
2272,45.99512232171063
2273,27.60069367493923
2274,38.52421942867649
2275,37.78647387561203
2276,51.974879757079364
2277,30.620967638151367
2278,26.578380441096705
2279,58.227212259619314
2280,67.89377616860463
2281,40.159764583401206
2282,61.523994371479866
2283,37.66497168705012
2284,29.784979897399424
2285,41.799819954964384
2286,44.4929671527519
2287,22.4897427331567
2288,73.86645795158309
2289,63.457314454238634
2290,17.96886474733784
2291,69.91037109939923
2292,34.096591935861746
2293,46.78165461225308
2294,60.767743411931704
2295,40.73321635353652
2296,30.787676223478496
2297,34.57125106664439
2298,35.73352631521162
2299,28.962596232289997
2300,62.74584815559896
2301,69.22544906719907
2302,75.34378839943071
2303,47.345958338241246
2304,36.486419860351084
2305,47.75029404808051
2306,43.37271331374302
2307,19.4447008552364
2308,31.033733460121134
2309,26.734785117462636
2310,38.78937960741191
2311,59.73703735402255
2312,58.60428161259611
2313,32.229002607017215
2314,46.7950780693305
2315,68.63065990241769
2316,45.24018719429267
2317,38.63801573132005
2318,64.92372519531766
2319,61.53618009580556
2320,51.20352607611623
2321,31.307346162629493
2322,41.68838288202919
2323,62.9500247135318
2324,61.1735472138988
2325,49.82755651367212
2326,24.689831105075854
2327,32.22813034217804
2328,70.37922780641792
2329,67.66204207243001
2330,61.67573796828329
2331,38.450527318040116
2332,44.6306975479201
2333,78.48219295649089
2334,47.82286862794323
2335,25.01664258466436
2336,50.19598918529889
2337,34.251618859690126
2338,18.40800586967686
2339,73.56717872767437
2340,25.250567664639398
2341,26.57640486034569
2342,66.45780326757374
2343,56.622789966158486
2344,53.083610359981535
2345,53.41238342587245
2346,59.55244443137586
2347,30.042859534715795
2348,26.73154418239807
2349,62.79412963872902
2350,34.39591067244032
2351,71.70435864503195
2352,33.78090850752062
2353,34.073188222275256
2354,45.42685330517234
2355,72.41345285682743
2356,51.18452591765797
2357,38.288000371978235
2358,62.119444094206
2359,26.520712242685885
2360,23.030478574985377
2361,26.9420580621716
2362,59.79944940372356
2363,30.735392495425096
2364,31.40041813936631
2365,22.946841350990447
2366,66.02383463630906
2367,59.750214566169554
2368,78.2021759730353
2369,32.844265888276674
2370,62.98892736962351
2371,48.40702882369447
2372,24.92025530171336
2373,68.47477840640616
2374,66.48480682347957
2375,51.32565622851172
2376,23.032616719285564
2377,35.07640168598106
2378,48.53556496413544
2379,72.87381641952729
2380,71.56913890183361
2381,29.71792006253407
2382,40.31610510271395
2383,39.362385060115116
2384,43.76004492647181
2385,65.30726426354974
2386,75.34815635326831
2387,40.87548448862852
2388,41.68618139433558
2389,46.464292772609866
2390,44.85343459519942
2391,57.250922086287346
2392,71.47267141474505
2393,46.87658161994598
2394,58.587836951603734
2395,54.00380192484611
2396,44.796528292561305
2397,30.817460312274626
2398,35.744085415788135
2399,54.259823620256924
2400,24.670218960111725
2401,38.03520257516337
2402,59.46600749580017
2403,57.738554411975066
2404,55.152365680354805
2405,57.51687641037054
2406,32.109428880245865
2407,67.68076893668004
2408,59.669945516376465
2409,48.003925810895176
2410,71.12564840181346
2411,61.766346487661274
2412,26.80711609924422
2413,22.6856141436238
2414,41.10588342128953
2415,34.944876912083664
2416,42.3781849203391
2417,23.188231525932853
2418,68.03801963311028
2419,52.94422033001344
2420,53.58235998003952
2421,74.1329999805432
2422,39.635754315605105
2423,63.42391355637605
2424,63.578628742962756
2425,63.11402611184479
2426,47.45144931069249
2427,40.900062177031224
2428,57.67514701292613
2429,46.47586314536841
2430,51.89693854163981
2431,92.02234336141811
2432,78.24614406869118
2433,30.40348859967947
2434,40.58980531959319
2435,55.49547747916972
2436,54.022992646635615
2437,21.173212848632673
2438,66.41650795412426
2439,59.04783841138805
2440,31.551309214508812
2441,55.10157693583849
2442,32.35341284829475
2443,42.04236012211696
2444,50.65676091868103
2445,34.14157079791115
2446,71.21138299649891
2447,71.03484120971805
2448,41.86822292029858
2449,65.24335081870345
2450,34.34754436184719
2451,38.499498426850714
2452,70.99317047164355
2453,21.809609866432854
2454,45.046778644155424
2455,26.692708183855224
2456,48.63350692692577
2457,38.84599564738897
2458,53.12506849430138
2459,40.32745510202023
2460,42.05262822762855
2461,70.1253862486873
2462,59.354704280705676
2463,46.69228737040483
2464,50.27705922034677
2465,37.65358595733747
2466,63.86242873630578
2467,29.76330827578392
2468,56.180974339223766
2469,82.30562901983514
2470,78.23379936834876
2471,58.653150511511214
2472,24.453201104294713
2473,31.300524440723535
2474,27.18885149587244
2475,58.84787955242182
2476,27.10032146907526
2477,67.05263707106835
2478,68.34193503778079
2479,35.15775371844041
2480,25.480714563383927
2481,70.82588099308317
2482,33.78864148791379
2483,36.27979683547728
2484,37.81420527153465
2485,23.161917110626604
2486,70.94374652902827
2487,42.20110848070958
2488,78.48067499486842
2489,39.58603962868119
2490,23.179264593981387
2491,54.37771728182423
2492,40.73438173336311
2493,68.42032140953702
2494,50.61626336957977
2495,53.367048225184455
2496,53.29625576614731
2497,84.41888794354308
2498,49.4821228474444
2499,35.01526648050262
2500,45.725179645894386
2501,38.96144376131727
2502,28.293743742467306
2503,24.96197551482628
2504,68.68895065133108
2505,70.65288002975021
2506,71.55771170432882
2507,29.187546543568722
2508,43.90207162532837
2509,54.843277459601595
2510,63.045060044161744
2511,18.91660810025577
2512,44.79898934199382
2513,31.49339733824864
2514,31.75304377299728
2515,24.892070495826008
2516,71.77664602898585
2517,54.6940409971716
2518,74.68119023698733
2519,50.45893876522467
2520,48.42287588005095
2521,41.95644076156364
2522,31.45234406438874
2523,36.65431051670963
2524,68.6238145160431
2525,30.988352459716197
2526,21.587469138785288
2527,24.629585595311553
2528,67.27554237295514
2529,48.180909033528046
2530,69.91661697377464
2531,59.121025294330714
2532,34.800149248485795
2533,76.80864675700383
2534,33.82132597554438
2535,43.056210761994734
2536,37.47497457122932
2537,35.13849888605522
2538,37.38872591525439
2539,30.61237377142914
2540,34.97776483426803
2541,47.55449499977947
2542,23.459688597352034
2543,20.63831582982234
2544,29.539456370958913
2545,62.06012344062705
2546,28.83928568968337
2547,73.05918058043213
2548,52.33330636187064
2549,38.25867495645154
2550,44.878351314998284
2551,43.691734865471595
2552,41.04357864877238
2553,37.407609454478106
2554,29.407332226691675
2555,92.37231767915713
2556,47.12011529164446
2557,80.65234063763157
2558,66.93499293035788
2559,49.4366292015417
2560,64.39775724852
2561,39.22336759866591
2562,58.15159587880108
2563,69.41875502169793
2564,26.778146920695463
2565,71.85479036771929
2566,46.73357092748346
2567,39.977659527099775
2568,26.38923850401138
2569,26.91937998899821
2570,26.41792019518961
2571,38.06934609387221
2572,67.94075564305784
2573,55.1962311667063
2574,61.824759991971774
2575,56.675819490926415
2576,35.007814618276996
2577,70.79470174146094
2578,59.12519889554155
2579,25.187699533960718
2580,39.473762597158746
2581,29.518781159910823
2582,21.487541069932977
2583,58.31933901540887
2584,73.99694687543047
2585,51.60941680649148
2586,59.60669302916868
2587,76.7172238038728
2588,63.426403860728314
2589,52.54612338518085
2590,22.609298879511865
2591,62.033795831902836
2592,33.96434656612362
2593,69.25905995991656
2594,63.08677431962263
2595,68.68918341905832
2596,53.96456792418008
2597,57.91511889379073
2598,44.10817915404857
2599,23.137437069753027
2600,48.58270846298655
2601,28.18945238955335
2602,26.6901615629878
2603,61.61562675360298
2604,36.538034818315765
2605,38.58637234066485
2606,59.8789383755863
2607,69.1009670559688
2608,47.55821151458077
2609,56.59323212748186
2610,43.220364358195106
2611,58.0596532837732
2612,73.90591700910166
2613,36.952364176521485
2614,48.742218128952985
2615,22.46364212315278
2616,36.12129082858499
2617,22.09703091707344
2618,64.96687738978423
2619,50.45323306956335
2620,53.41746923918676
2621,65.55637698886338
2622,68.1323796438736
2623,62.74467989782064
2624,48.426982664503186
2625,40.9595201942895
2626,41.07272773201623
2627,33.71780759618861
2628,74.01812595895771
2629,33.81073268544867
2630,35.8917274145146
2631,29.334161515976685
2632,78.59414994071676
2633,30.28848646563776
2634,54.016153352997016
2635,64.10856464205256
2636,55.20577822801482
2637,54.75382694855746
2638,35.23282786720803
2639,33.60186995280772
2640,55.6192946183627
2641,34.13380518637918
2642,41.59414532563726
2643,52.237267497728105
2644,65.02452322907081
2645,30.798978929806783
2646,59.81165947065849
2647,46.81639459633222
2648,54.66565407087395
2649,26.69630966340129
2650,58.57280124979654
2651,33.203256967936994
2652,32.83873216356496
2653,22.450758083155392
2654,27.200414981915177
2655,59.498900780704446
2656,70.67459937088326
2657,68.87556329166443
2658,59.09915670175155
2659,33.59422182863371
2660,35.28032516491075
2661,32.339502443391886
2662,55.18741357657912
2663,73.41007856049009
2664,75.397745574707
2665,50.48468788853133
2666,69.01815907335785
2667,36.9606082437663
2668,41.09106116464764
2669,39.68420513246601
2670,40.415846690162994
2671,60.36636584657508
2672,54.83488859156386
2673,25.35316506613924
2674,69.4372729637676
2675,51.29230234084418
2676,50.89911855746285
2677,66.09912135397386
2678,46.62261704785583
2679,61.97021441072428
2680,31.18310530791493
2681,53.070973259851236
2682,39.305319739618064
2683,26.58494036021863
2684,59.494105094940295
2685,69.88518478865085
2686,35.522933183763115
2687,50.234038700058974
2688,31.830733453341576
2689,58.54740149781884
2690,57.64372212484054
2691,43.48055189054659
2692,43.96119363909659
2693,37.2069214936641
2694,53.11224035926928
2695,34.08714491884892
2696,64.88354817228054
2697,42.44733104147797
2698,65.67236204657256
2699,44.882453801629254
2700,33.353357372051605
2701,36.549475623823966
2702,39.97908843434585
2703,52.33291660541628
2704,79.04704294779711
2705,87.47087532515037
2706,50.240631354850024
2707,61.64225183398329
2708,31.002557079517047
2709,30.368683583232887
2710,60.69790056267311
2711,37.0124196521974
2712,40.01380013497921
2713,49.7572851492656
2714,67.49516631422154
2715,59.13460119203584
2716,63.545720289652444
2717,22.842266885542475
2718,48.735934148497506
2719,24.063896044330406
2720,28.719437050569983
2721,28.180941892432347
2722,72.655566813815
2723,28.639244144281705
2724,67.73766143490084
2725,44.383210502753165
2726,73.02692366596595
2727,32.618490909504075
2728,49.899468502596946
2729,45.701238738455636
2730,35.670586947524285
2731,39.762980949626446
2732,46.14020608755554
2733,41.59467388162085
2734,28.33015894337823
2735,67.22284916348309
2736,72.57333993714371
2737,42.31553324166
2738,20.703941291249627
2739,67.50418982247407
2740,56.93119874637375
2741,21.929836991274083
2742,49.19859059960179
2743,45.192794668573676
2744,46.739529799151164
2745,49.60836785298476
2746,41.147601497116625
2747,67.19164485581538
2748,49.48978826290823
2749,47.20415719278005
2750,53.29866477039539
2751,67.27883244607358
2752,49.584618915224354
2753,48.171673262450156
2754,41.05809320232229
2755,54.87268760212563
2756,28.68758733372431
2757,58.977047832796934
2758,64.6214297911715
2759,30.791625728200668
2760,42.93824471684674
2761,42.69781957181639
2762,42.96371324443138
2763,27.693984232437103
2764,61.7091622216053
2765,66.02563912069114
2766,72.07787839368187
2767,87.5394924079216
2768,62.220260502963406
2769,34.22545622194964
2770,28.90420150198986
2771,42.00085827279017
2772,55.37454944592811
2773,62.79397733289987
2774,45.836966795024956
2775,43.11921176996382
2776,71.05515527823502
2777,43.200859742104115
2778,41.13588085965488
2779,61.308407874175266
2780,37.16164025307921
2781,67.40741783884215
2782,45.01852276411595
2783,75.61974027188839
2784,62.918602001357065
2785,46.74249826804936
2786,64.73753828052027
2787,71.68296161652049
2788,39.204810268312414
2789,79.27946672962639
2790,68.03686878103085
2791,48.942997777954055
2792,43.42012515730271
2793,46.77299141481077
2794,61.764124375066345
2795,44.8786541648089
2796,45.266265789165445
2797,27.13560307232631
2798,24.55163816251108
2799,69.04463772644164
2800,48.94939685914159
2801,60.92625724161088
2802,48.52940905355711
2803,63.00683460427692
2804,41.71104474836274
2805,27.149137585296444
2806,84.32884111733549
2807,45.18525489866198
2808,44.94110976789952
2809,61.46093750243339
2810,43.397765279816404
2811,67.97270311651477
2812,38.86834790543594
2813,74.08360266992642
2814,55.50932994876876
2815,32.79147556511987
2816,68.04483338525593
2817,46.6528542856675
2818,37.86200293168897
2819,25.718528980158478
2820,59.26453188341879
2821,58.060762567302504
2822,26.61697399713813
2823,34.56458637926971
2824,32.737930090803346
2825,36.41431320090625
2826,75.56164406423144
2827,48.81996397909217
2828,38.18315890398273
2829,62.588246382644385
2830,25.7435512796828
2831,61.55902505334791
2832,65.5816415844437
2833,40.01489524017265
2834,74.42975664871125
2835,37.95862772622521
2836,26.269377452097128
2837,69.99529185233501
2838,55.39069893263229
2839,75.89337624392537
2840,56.34281646265956
2841,28.3737644270852
2842,58.961144155877335
2843,66.01874616616679
2844,33.240466241117225
2845,43.6110451414762
2846,54.67477140762875
2847,64.32337783203326
2848,50.14428941503856
2849,55.969533783859056
2850,49.97839377080203
2851,71.09386043719829
2852,55.16176603657375
2853,38.64535671053477
2854,32.63837353742222
2855,50.74927123703157
2856,68.22508156991468
2857,58.27533891857689
2858,55.87315519704213
2859,40.66855750817588
2860,38.47584831260487
2861,40.62678862437009
2862,24.358979066776207
2863,60.55951251298932
2864,35.7199866755996
2865,27.94052564667159
2866,59.65465287582097
2867,21.68229413643096
2868,46.059937883965546
2869,41.304529786765556
2870,25.35964472762432
2871,23.737826521021773
2872,74.1205773101141
2873,18.543597504965735
2874,70.22613796355053
2875,44.42748685170903
2876,33.4883548459201
2877,45.91541679974061
2878,54.6207505118315
2879,60.424414772881335
2880,52.60139107444261
2881,62.000483886067954
2882,78.16412264688694
2883,48.50944203665202
2884,74.18308617718202
2885,49.95228328153673
2886,37.97362959598803
2887,29.557637245483054
2888,53.298574474845566
2889,23.82327733881505
2890,37.213869744414126
2891,52.69953982308898
2892,35.73274133951672
2893,87.72303020711503
2894,26.87530106521947
2895,46.821864652138906
2896,39.23922871607368
2897,25.799662974362157
2898,58.189034423641964
2899,36.48814574023663
2900,42.53385042191089
2901,39.73540209646457
2902,35.92830341961326
2903,72.21096617703361
2904,31.990758356637794
2905,57.43701102338039
2906,44.706963780994194
2907,36.037459045123704
2908,56.04882874358627
2909,71.32140377107777
2910,48.448987923189804
2911,65.78632859898232
2912,62.31897091852058
2913,31.111598721899853
2914,46.04473688929094
2915,69.01258355076291
2916,47.872474136768915
2917,30.22803411064249
2918,32.4773780216194
2919,38.83164664381208
2920,22.58816390119625
2921,19.05304441678633
2922,15.50393281882063
2923,56.36248449782224
2924,26.551437322226143
2925,44.70018373514909
2926,27.148418034734302
2927,62.106352915507756
2928,40.99636473519127
2929,33.935871653114674
2930,48.71090185586938
2931,32.623403241509166
2932,27.926161476636928
2933,41.40442518204276
2934,42.466823720913
2935,50.6917323643554
2936,79.50140016335612
2937,24.64365640080229
2938,61.478444034212835
2939,36.26439382642552
2940,26.829544903009772
2941,30.27620933056442
2942,60.049331348641545
2943,40.96572775744911
2944,79.94085482572557
2945,66.26715325207446
2946,53.886371700847505
2947,38.85568642301551
2948,20.453353357078463
2949,57.210970123001786
2950,27.827450401153804
2951,35.88179293766592
2952,69.33594791076706
2953,26.620035279649898
2954,47.79320695170287
2955,34.401051196558925
2956,56.82366131888553
2957,62.000399376376684
2958,29.688433255049095
2959,21.378901196195997
2960,43.98181920346076
2961,46.89480980411647
2962,77.07978623553352
2963,41.1659019654922
2964,24.513034640673137
2965,71.93401837382136
2966,77.940841933518
2967,33.41369136924045
2968,55.16113703296154
2969,36.553618116989334
2970,25.698532103572845
2971,30.162229132530562
2972,43.316305254924856
2973,37.7040989783563
2974,39.895670193362264
2975,30.659298402030785
2976,32.29940241584751
2977,47.20025460849406
2978,30.842723727044515
2979,25.124948481860983
2980,58.5782956359608
2981,71.28709350266644
2982,71.42975072952092
2983,65.3250894232305
2984,35.229363338444635
2985,44.38421134843569
2986,51.90983759708883
2987,32.137008448797346
2988,72.64540545961044
2989,73.99995627814998
2990,62.82284855815724
2991,24.25525737947903
2992,69.99233410761008
2993,45.99396408529105
2994,61.87911705146342
2995,29.398941060282688
2996,49.15911671704416
2997,43.43142654789045
2998,75.21837967960218
2999,41.51144145835478
3000,76.3397319800381
3001,78.86856688253854
3002,52.09999026454399
3003,33.6257051272605
3004,44.99842429525968
3005,25.454839779260173
3006,21.300829035925105
3007,76.15612370700977
3008,28.210784577682087
3009,38.581212275253066
3010,43.40030468415509
3011,70.88174198067904
3012,66.28425623582548
3013,61.089478091750784
3014,44.562785680096496
3015,75.08885830116341
3016,64.37160250103805
3017,63.015153419747406
3018,33.654555309778004
3019,36.271848155344415
3020,39.83177773997484
3021,33.13832385861448
3022,55.10057979569124
3023,41.805052646161045
3024,66.72417421338812
3025,57.20743465059355
3026,46.92492697335892
3027,25.805015087470046
3028,42.942885819221196
3029,50.643392682032015
3030,80.91765069359576
3031,27.850898963935272
3032,46.93052163864583
3033,27.33127306857736
3034,62.6839553564831
3035,66.1171252334266
3036,71.7777391785205
3037,28.26402526499068
3038,70.64418401422883
3039,27.733357083464742
3040,64.71742253419605
3041,75.02217405380219
3042,34.69801196242754
3043,37.22905714117746
3044,40.2138053114595
3045,58.06707381745351
3046,49.29327395839278
3047,46.089613173569106
3048,29.17183650656302
3049,34.36200991937947
3050,22.51177478764965
3051,41.20179210332904
3052,66.2333705592539
3053,51.83909992231459
3054,62.35528799435163
3055,78.61428129691444
3056,43.849707406665026
3057,29.08157351933698
3058,41.22426468324582
3059,86.37662184079694
3060,54.334091411988226
3061,70.30662035583059
3062,36.03820177261698
3063,34.34110608792936
3064,32.456596177255555
3065,81.72879459287604
3066,42.65602611604888
3067,60.313299194384655
3068,28.196283071627537
3069,41.69167199305981
3070,28.17990509366272
3071,36.3574853598446
3072,65.19935560555973
3073,25.938736733017645
3074,57.39152952798199
3075,36.64977023224674
3076,48.10177081215862
3077,46.78783370898519
3078,48.025209622973186
3079,62.425286624156485
3080,23.885386171788152
3081,31.944805559666808
3082,89.19785280847404
3083,62.40117203662557
3084,56.97690073857001
3085,44.305288857014915
3086,28.7429779357732
3087,29.96635635902192
3088,45.061499711560266
3089,50.3305671162071
3090,63.89260511046453
3091,59.255055525629565
3092,33.306638210607076
3093,67.2954725355826
3094,29.410285012917274
3095,57.174373300983135
3096,70.45832061398828
3097,42.079331528223975
3098,32.29784052674138
3099,60.05341414229093
3100,33.32761186978948
3101,61.87989449491742
3102,39.13207563385026
3103,58.84400324646022
3104,46.38272122429387
3105,33.61707913688512
3106,59.91616888064449
3107,48.88515697202769
3108,76.87639312195681
3109,68.82212277724138
3110,69.37921619852331
3111,69.25204446865612
3112,49.33565411023898
3113,43.490269305519405
3114,43.41213090540552
3115,20.968691504215414
3116,51.511600932541036
3117,41.398832031472665
3118,39.08700600246132
3119,55.91027618351453
3120,54.50367243202203
3121,46.222641967758406
3122,48.250200945570796
3123,38.11590803148541
3124,52.64871855175933
3125,50.73131694306991
3126,25.8873813031891
3127,42.326759588856916
3128,33.531962975982324
3129,37.15949787529403
3130,20.826282227066148
3131,56.49770151587934
3132,27.845529308154017
3133,71.07947342273698
3134,68.65752828592893
3135,51.758770062585384
3136,75.05173826140216
3137,31.703906651357503
3138,30.41441049770451
3139,36.374984900453924
3140,29.633731945701086
3141,60.53299362457122
3142,59.43051353054742
3143,42.49250689662983
3144,56.23100582369881
3145,23.652792176215875
3146,25.982444224208677
3147,42.821571917205034
3148,21.48627872022649
3149,33.837916619663844
3150,84.17965055278538
3151,41.9181973681991
3152,31.426125260672308
3153,38.34589408949735
3154,33.49684758919359
3155,59.40074381652295
3156,24.71060111526577
3157,19.563239950865388
3158,29.51283383977691
3159,34.76673883062915
3160,74.58540134080737
3161,29.061500194193826
3162,55.47904493704691
3163,51.99639919342495
3164,27.954826649282445
3165,51.105174975099
3166,63.96774003235599
3167,46.92894866521663
3168,43.014623534851616
3169,31.548842376465608
3170,49.58866933373171
3171,29.561695523240772
3172,52.17075746440321
3173,28.041843802026392
3174,37.810663837933404
3175,49.77308659744333
3176,23.23091162809193
3177,66.61693526688344
3178,42.92392282680639
3179,53.78520093837953
3180,38.746761674939705
3181,68.50054814698615
3182,36.799520201809926
3183,40.75416518387708
3184,27.05609546022523
3185,25.729092980517347
3186,36.5202058404455
3187,73.9186413557393
3188,31.231281421472705
3189,42.83380824600471
3190,66.45602213501147
3191,78.13320928026751
3192,44.910650070136484
3193,80.63119367123701
3194,72.22655861864979
3195,25.999904919138356
3196,27.739067773783095
3197,58.96289538794093
3198,74.0007465110564
3199,74.90418079938338
3200,45.50242241916466
3201,18.363564968714922
3202,21.931881286789576
3203,56.85905948122834
3204,60.987956861501615
3205,65.1640708954157
3206,37.77513652669449
3207,17.99831201728579
3208,28.454015354542758
3209,57.383343320631624
3210,58.02676100110193
3211,38.097788104887954
3212,57.09290166856747
3213,67.15885011636655
3214,20.933119441239775
3215,27.131066228420003
3216,24.989606325100898
3217,50.37043324265138
3218,41.400876361044546
3219,71.89547996321508
3220,65.25030935459645
3221,60.400982537451455
3222,41.32826290468689
3223,41.58185491920919
3224,38.24689185724231
3225,37.12465055187764
3226,24.457290841909455
3227,57.014264802131365
3228,87.20957581269138
3229,40.15463842412627
3230,28.54372168462651
3231,35.76457919956884
3232,30.0146786698245
3233,70.42396005522427
3234,35.37618519139052
3235,43.039215770537716
3236,50.895906063582544
3237,59.366211017786185
3238,55.73643182506858
3239,25.28584932871103
3240,27.335027981489905
3241,37.393763371913934
3242,62.46835943684144
3243,36.7152437671579
3244,33.88864687793392
3245,34.61799315639329
3246,73.65468453111073
3247,53.835375983343226
3248,59.452131271571616
3249,64.22244398468703
3250,65.5525026510704
3251,56.538028064149
3252,36.92982100793055
3253,88.42793929997242
3254,65.9363084857969
3255,46.637767454252256
3256,74.80215131828457
3257,33.88398061429343
3258,23.154321469893596
3259,46.61750560694308
3260,54.691219993878335
3261,30.135997165263092
3262,60.43052573032263
3263,27.96504624451507
3264,28.26282749969099
3265,40.38498373040398
3266,33.45527726553496
3267,57.875405111918916
3268,71.82014347761661
3269,69.8604177675233
3270,63.297226325839915
3271,31.948808041383927
3272,60.914813356848
3273,38.857540233817886
3274,31.206259185019448
3275,42.625138975513785
3276,58.28321104070177
3277,82.87872241291151
3278,44.589989407367014
3279,21.564921357700293
3280,74.58792573367998
3281,70.62056208169602
3282,70.94249583555205
3283,22.860070448224036
3284,33.084442565228095
3285,47.91222388850278
3286,39.31033894131358
3287,38.93687222201037
3288,29.3213054313672
3289,58.6324470865972
3290,63.30343101368334
3291,67.7380613212102
3292,29.452610110043626
3293,75.11268304283654
3294,49.543566939935616
3295,28.259553023457862
3296,44.20598985460536
3297,63.306893933578166
3298,73.80918168850752
3299,59.79858566322736
3300,63.42241751918482
3301,83.0386432928705
3302,78.78816431962532
3303,22.71968069295274
3304,30.89359198540409
3305,67.27436541589555
3306,59.367813366282114
3307,43.24868363942231
3308,35.39050151176055
3309,29.43738009338589
3310,19.975755705747602
3311,55.15901610283237
3312,33.12387360827784
3313,51.178003190422906
3314,42.30279689893662
3315,44.569610775787304
3316,60.624449654079925
3317,58.148529561720096
3318,30.820168356879737
3319,34.938752294844804
3320,41.57787596963426
3321,25.5400848562258
3322,61.87183075999995
3323,34.78475426189786
3324,65.99220281110097
3325,34.03654881592708
3326,52.362310043290805
3327,26.424172084603313
3328,63.88327317059593
3329,63.07765748947721
3330,77.82516864184673
3331,34.64518027258944
3332,53.62934206118121
3333,62.15822883248676
3334,67.93227095049417
3335,34.25589816551206
3336,34.156559110858545
3337,84.20276064132618
3338,63.126095270314764
3339,21.604783266420647
3340,48.2573565773623
3341,41.93141356331187
3342,87.05673834013493
3343,64.6340465249704
3344,73.34769136560777
3345,62.88404590208017
3346,55.4155600111429
3347,38.381453805128714
3348,29.92020981688032
3349,25.160356697515944
3350,60.424678664360364
3351,56.52132381082621
3352,60.32490600826574
3353,28.824904958405302
3354,33.20237803191439
3355,23.470629413537246
3356,64.87826902161362
3357,61.22612121753519
3358,53.983924607771925
3359,42.372404370549276
3360,47.95878785846842
3361,55.086133817391286
3362,59.86824707535078
3363,80.13315210143706
3364,36.85689164054099
3365,51.4042083182038
3366,27.00414813272545
3367,57.33436013090352
3368,43.0311738057957
3369,48.98501523571085
3370,41.06931016623782
3371,26.277600041842817
3372,43.039928972560006
3373,61.84206197803745
3374,27.621045821025504
3375,60.14554250159377
3376,48.63212041460828
3377,72.98396120956954
3378,49.07731510166909
3379,26.98361737515612
3380,40.45383976992099
3381,38.18340910474841
3382,67.23471058593421
3383,31.80188390338534
3384,32.836099520658514
3385,28.55356495157185
3386,27.75294925808858
3387,64.08841466726997
3388,58.0305276556054
3389,31.12209826484486
3390,46.647570580236795
3391,28.51275574025062
3392,22.677371500262524
3393,72.80462064474183
3394,69.88320501810668
3395,60.48154257668783
3396,42.27621804708558
3397,33.97935948421045
3398,37.06397645694712
3399,53.33520508138024
3400,33.41035551321027
3401,48.81037807201085
3402,52.786290138766425
3403,40.77495386091218
3404,56.606855989757285
3405,83.33415944132386
3406,43.075825686702146
3407,28.730285048224882
3408,35.66918993728976
3409,76.97326867806714
3410,56.16012460806263
3411,53.99448535842734
3412,50.433765537767634
3413,44.02582448624638
3414,44.60385976067917
3415,29.054436082616984
3416,68.12142868877302
3417,75.38290666698404
3418,26.283637324908327
3419,39.955200495676145
3420,64.2828916667151
3421,31.01356141954999
3422,51.04952142304935
3423,46.814812112836265
3424,47.110445163610464
3425,29.905072188722134
3426,59.58881830820272
3427,25.63396524426759
3428,31.337461134060142
3429,49.13755699496027
3430,25.032883893709144
3431,78.22093918511906
3432,47.21073831323607
3433,59.07346257260589
3434,34.81243153456143
3435,72.96438447305569
3436,44.95353134121142
3437,51.92081823073904
3438,23.562386912918313
3439,67.29038988371238
3440,37.34471687491685
3441,44.16790899468151
3442,28.40187065301953
3443,27.063944799551283
3444,68.69931311920811
3445,35.19887459156643
3446,27.766179755572114
3447,48.843042453374856
3448,48.38869259281204
3449,42.30026723094373
3450,21.84196775601952
3451,36.515327223591015
3452,58.908670227847836
3453,42.775792963923266
3454,66.84518434624886
3455,32.84872626732296
3456,42.941044394944605
3457,72.14517353162404
3458,63.35982620790044
3459,45.45295012072178
3460,26.01452631554609
3461,32.60631355895746
3462,74.09449062062527
3463,66.15041164723594
3464,33.21021195463862
3465,30.50390422532906
3466,79.30390008172637
3467,55.83576512435908
3468,35.00744427299433
3469,26.985804219871692
3470,33.618661640818814
3471,46.20070513880728
3472,60.49216001607813
3473,59.65875015405545
3474,73.45396556153551
3475,65.2309661476846
3476,35.80496456349606
3477,54.254955358699775
3478,50.40367340856238
3479,38.48115471781044
3480,37.815255003278715
3481,27.76666529406196
3482,38.28180878337682
3483,60.26622163333373
3484,36.115962424419024
3485,56.19851839935043
3486,45.64076313540888
3487,29.031749762967628
3488,27.017274710242088
3489,67.8625791279336
3490,66.44315575870874
3491,43.43263394760944
3492,60.49451254299987
3493,69.62849082741695
3494,30.630781424382825
3495,45.18961040637015
3496,30.889180558853923
3497,24.170033997285824
3498,46.09472605424466
3499,52.59216119899761
3500,34.02777051021915
3501,26.79199433730838
3502,80.31317113312069
3503,50.47789372279882
3504,38.940963992864575
3505,44.37208625267864
3506,70.3404945830545
3507,34.28693571674354
3508,27.75540747650579
3509,38.37146940257661
3510,35.88462182359726
3511,55.342734499046955
3512,28.28227189379445
3513,29.726043064283303
3514,27.59695842346863
3515,70.9742241839382
3516,68.81925198533634
3517,32.71999918205695
3518,34.07351243652738
3519,74.2867231751563
3520,78.09407831928587
3521,44.73681123422351
3522,53.19598100422512
3523,32.415507250093896
3524,56.354329778044715
3525,31.46773387511364
3526,24.213968730569494
3527,36.420329066063545
3528,27.31676566976563
3529,46.14557643230953
3530,63.217569781559845
3531,27.7764022040243
3532,48.43420101846939
3533,46.77701765559779
3534,29.91330466800679
3535,68.12114444449965
3536,47.693572263746
3537,22.477498082844235
3538,29.808757706783016
3539,33.424616952509005
3540,43.791891534129945
3541,40.36056317239112
3542,44.483156227379084
3543,47.32984406781086
3544,38.262014151027635
3545,86.78800351944156
3546,57.51772017927789
3547,56.479415449805806
3548,24.246020837164174
3549,55.64382540805285
3550,46.4027827610777
3551,40.42482788434202
3552,41.893739513734175
3553,53.76837504146485
3554,32.377877174454824
3555,51.08997736192319
3556,46.06555062206374
3557,59.1708985651552
3558,74.88206102750385
3559,47.94060701507144
3560,70.64959764068173
3561,40.422676658803525
3562,82.0007276085704
3563,28.22397838220443
3564,41.74892457184786
3565,54.17271247885806
3566,49.41195794518964
3567,51.88080931129446
3568,23.292678027907357
3569,56.17035742547124
3570,45.51140310093643
3571,52.84534400351959
3572,44.400660912079296
3573,55.08061080641741
3574,58.05889349300441
3575,55.17186078880065
3576,53.906680771037216
3577,55.92613866028113
3578,30.42555282280851
3579,39.59273826459085
3580,61.387234334212074
3581,40.606534628933105
3582,27.47463673983772
3583,33.96561766167583
3584,49.823932545285196
3585,24.70366551357734
3586,74.72683304355996
3587,63.69176557069488
3588,64.33434643883348
3589,66.25951620531312
3590,44.2528336327625
3591,80.26968464424726
3592,75.84102904947159
3593,22.899095388885875
3594,25.82126317743948
3595,53.45410496937095
3596,22.416073300977992
3597,34.94184536876645
3598,27.37330107182325
3599,75.8221583196651
3600,76.67512836614522
3601,39.929166153207056
3602,45.303203059444336
3603,69.99577448799869
3604,36.64774847019017
3605,61.030093465622336
3606,28.92669933394967
3607,33.98657369585761
3608,56.63249974320006
3609,42.979926832013376
3610,30.15879524242952
3611,46.07292032877246
3612,56.55460200740153
3613,56.65991568507547
3614,47.39608615288563
3615,61.139167853172864
3616,36.18510466155152
3617,53.47101451189573
3618,30.903558126827456
3619,44.376479711313785
3620,49.564525421851684
3621,58.27265072937625
3622,44.417645178610265
3623,52.91106667842476
3624,49.10695756827445
3625,29.93043841008029
3626,48.161903838112046
3627,55.840684644210654
3628,36.68716857623549
3629,61.54278871641419
3630,66.40912746241023
3631,37.63508639789172
3632,49.184465275779395
3633,24.31340289005186
3634,79.51756101372723
3635,51.1215474961613
3636,48.53796405972568
3637,57.84910480705753
3638,62.398358980292514
3639,73.12464783112083
3640,42.57931745107222
3641,47.245867553993726
3642,43.63964913392157
3643,56.89595779354436
3644,37.32237126354526
3645,47.26755658607002
3646,47.4649450630894
3647,61.11823980513387
3648,20.583058200501338
3649,35.47834069723963
3650,23.60791747342115
3651,24.279526326999985
3652,49.19132325717736
3653,29.68789427378442
3654,65.50871279365816
3655,64.9288069000576
3656,45.146730956110176
3657,35.14888266132921
3658,70.53013328452613
3659,45.63785914157274
3660,34.922713213134045
3661,62.689209308743706
3662,22.33648500268101
3663,27.3865526668417
3664,63.56431579669373
3665,34.49168256096336
3666,66.9234606327758
3667,39.69331921251381
3668,53.24065745317119
3669,35.28855730654165
3670,68.63374961552978
3671,43.792318982890926
3672,27.346784408536312
3673,47.002266775841605
3674,35.14468418677755
3675,64.84981380972044
3676,57.42572359594769
3677,58.38393714689538
3678,59.25042191110265
3679,46.97812909171355
3680,70.48008515748518
3681,51.30692280343995
3682,54.55043397334221
3683,29.470795518513512
3684,55.4464253688774
3685,36.03209923331866
3686,49.795067202899986
3687,71.67845813247666
3688,59.93439968110796
3689,68.330341019011
3690,55.38881808353932
3691,34.798463222696256
3692,68.06829182854372
3693,25.183165598271188
3694,48.05497927862728
3695,43.447892308351655
3696,76.59428821416448
3697,49.30638774349269
3698,33.13712291690125
3699,42.18627758058045
3700,39.751176974453266
3701,57.00498753865261
3702,70.0732983963436
3703,43.57992641129254
3704,68.44025056545884
3705,69.46185230058515
3706,54.9329156410883
3707,31.255128694859344
3708,29.843876772137236
3709,59.317982702836716
3710,48.12015106054861
3711,40.92832296784055
3712,36.757419417956235
3713,74.65726975238702
3714,69.14220517533387
3715,21.182395149590754
3716,42.43317909896921
3717,68.62186864985928
3718,63.214854300537
3719,62.36738062018735
3720,39.9426943719433
3721,79.32124329540858
3722,58.53558086183196
3723,72.7557784754196
3724,27.24643369019271
3725,37.12620945535876
3726,36.721176587750065
3727,46.47087770476046
3728,17.06790438725155
3729,69.25002445845504
3730,36.51303465066625
3731,40.67608739082589
3732,50.61023063629203
3733,69.83098444024931
3734,59.8289202801505
3735,57.70521731894476
3736,42.24617137185266
3737,71.26007990806926
3738,71.43249258342898
3739,56.86653346698486
3740,43.94001305520876
3741,56.96600249638976
3742,69.05776219242067
3743,46.88897689402033
3744,53.60622843194109
3745,50.596926641469494
3746,69.46318319013626
3747,58.852871106766585
3748,38.526114406403124
3749,44.278328038040584
3750,40.19200521207865
3751,41.63790155986048
3752,28.383684211501606
3753,61.65597254015334
3754,56.093384039695984
3755,41.82455256694995
3756,58.24825162386314
3757,60.10619242194935
3758,44.29993597159615
3759,74.23525021944718
3760,63.84207291005576
3761,67.27357273395614
3762,39.582603494063804
3763,69.92086948409589
3764,35.08916390929306
3765,64.47196899082189
3766,50.84689382202622
3767,33.253802185683426
3768,43.59064096035915
3769,28.39022292681023
3770,30.832199118767996
3771,72.62950665353452
3772,46.59692369121336
3773,51.09497848176124
3774,37.97408053120117
3775,63.37912693040629
3776,76.72881729474247
3777,23.364181709832636
3778,71.59724321842396
3779,44.75517864171826
3780,22.092014628728936
3781,53.973560204668175
3782,40.69722056653216
3783,55.39743834669599
3784,19.089613856028993
3785,48.62165197566448
3786,53.520104603098
3787,65.23258943178672
3788,70.00467917868595
3789,74.61126886758728
3790,41.38458766463402
3791,74.69167449809817
3792,26.71771303408134
3793,73.82151094252666
3794,53.103366623294946
3795,30.88352445246646
3796,63.237618304385585
3797,70.46543504895718
3798,67.53503371371487
3799,37.06154037327313
3800,43.551108573429666
3801,73.27193620091583
3802,19.774917800924435
3803,33.27574159917468
3804,60.00807095847063
3805,47.45080241013278
3806,82.79396920471129
3807,79.6771436705687
3808,70.91402310891357
3809,73.62628382663438
3810,76.0039662809383
3811,29.99348501962976
3812,56.02240889786505
3813,32.58951923997406
3814,24.60282334776636
3815,69.30858625025061
3816,73.70742187864128
3817,35.741587412525845
3818,48.648877989603655
3819,48.14718476210989
3820,72.47419003066697
3821,47.53202096030197
3822,35.746291679261276
3823,25.588583062220398
3824,62.1085669349135
3825,48.12617180616933
3826,49.52432413620529
3827,61.95255103206693
3828,46.08009079066822
3829,23.69708377631697
3830,58.5150926485066
3831,52.361478231289446
3832,33.56050198248482
3833,19.865340232219474
3834,41.424224758244776
3835,74.58191243097437
3836,52.04169513618432
3837,48.054734965092244
3838,56.838569517801545
3839,30.399944181999995
3840,72.38348536415786
3841,48.27786661994608
3842,40.90716272805074
3843,31.043156594013
3844,62.186369083448305
3845,50.98849094012394
3846,39.20255502889183
3847,43.29278768121387
3848,37.75449397820013
3849,21.399176946664667
3850,46.36259251814828
3851,33.33494288417617
3852,57.56376869832704
3853,46.34654603205816
3854,45.452099004362175
3855,32.55849841301745
3856,22.31943417112812
3857,58.85491193820231
3858,30.75361568697992
3859,58.27613634590982
3860,46.00323690897677
3861,58.671018878988654
3862,58.53879760742782
3863,32.1407261083894
3864,57.07827136704309
3865,63.95265515484304
3866,25.042125198830743
3867,71.39955441858531
3868,28.364716317855635
3869,48.67369145003537
3870,70.88210015123778
3871,42.582039228399786
3872,42.68127281760896
3873,53.96106941084208
3874,38.169628391468905
3875,29.40924505394383
3876,26.09157484177123
3877,58.70287076635417
3878,60.902505160263914
3879,47.82559971096819
3880,46.03659891197527
3881,39.56983832435503
3882,51.824622283975636
3883,40.27184013936946
3884,48.19275416282395
3885,82.03606105180218
3886,43.12838377240854
3887,27.37713105283414
3888,40.8407699616283
3889,26.747008617505195
3890,77.13579447636484
3891,77.67130680884632
3892,27.99227492551351
3893,27.05315989049015
3894,32.01482017990683
3895,81.69531388718218
3896,31.801955134126338
3897,26.181138055246468
3898,29.616151178354624
3899,50.177665279431096
3900,23.71393611099515
3901,47.93393910707776
3902,74.13381019335118
3903,60.07606642328814
3904,45.89633590263342
3905,30.86955353657811
3906,79.13661202762964
3907,51.893498131345034
3908,28.74614245725913
3909,59.48615078391668
3910,49.396466003203784
3911,53.93707639477131
3912,23.872111307968186
3913,57.29973837445444
3914,68.83023358380572
3915,54.75563588193651
3916,64.25643324310066
3917,58.07474538813139
3918,49.928385836619235
3919,23.326709163861796
3920,27.57869042824896
3921,25.47431422961083
3922,55.81902808868487
3923,70.54487796779361
3924,71.11194603698786
3925,24.616902004068166
3926,80.99193139933875
3927,68.26603690380615
3928,44.798076131118854
3929,35.32120419895118
3930,55.03181147382331
3931,49.434764163175544
3932,38.05224863542689
3933,41.25237563701221
3934,48.959162504155785
3935,27.08379796290812
3936,39.511285531375265
3937,82.03726103747755
3938,63.62752440763384
3939,31.757800924327483
3940,68.732033779106
3941,31.819711293554278
3942,68.64173539423072
3943,29.257626961386357
3944,63.40419352440603
3945,50.40065030235457
3946,48.036697053559045
3947,24.5932866050388
3948,45.38613893237868
3949,45.6866431019479
3950,56.089905005593984
3951,51.77836496485281
3952,24.995579493215804
3953,51.57901445545584
3954,26.121846769892034
3955,64.45307338283902
3956,43.99157666986236
3957,69.33195407588406
3958,32.29867733538616
3959,69.45268882214988
3960,46.77395538963756
3961,40.804023140555884
3962,70.33324965730543
3963,38.649989791337916
3964,41.172394308863254
3965,35.86642153177613
3966,61.914431917172635
3967,44.312748601551476
3968,41.49932613614362
3969,55.844451420241
3970,31.761687315239453
3971,39.35081177774269
3972,62.77463499795109
3973,40.97178080112022
3974,48.8451257444669
3975,77.60600282282886
3976,75.89804126063078
3977,58.874624917801945
3978,63.71196379111333
3979,55.333889292355465
3980,54.66799551391496
3981,57.744603558186036
3982,44.62980884223041
3983,53.29311161751237
3984,58.75765852685007
3985,47.0818664721962
3986,39.89663492611366
3987,32.64147516635045
3988,48.401332510839865
3989,43.032183396614215
3990,35.31219440017243
3991,31.6542918909969
3992,60.55571460895528
3993,32.52248583468668
3994,55.50924361432713
3995,22.24041011071724
3996,28.44120504838287
3997,36.168241739084834
3998,41.01606769547908
3999,38.12477411531802
4000,54.59931819070179
4001,44.498165274917405
4002,39.62561586290624
4003,63.5778393812855
4004,54.82216114600549
4005,28.109289744565594
4006,21.512656499362837
4007,26.683936113166126
4008,40.958820796425506
4009,58.06396202122517
4010,31.650754418816323
4011,62.37593127199036
4012,24.20121343635252
4013,37.42797876563988
4014,29.323782872816754
4015,63.04522824133166
4016,51.910283047093586
4017,47.613643091068546
4018,27.575462867265053
4019,68.98751370172903
4020,35.20992934915655
4021,54.81547717989034
4022,21.17249220744799
4023,35.079833989940234
4024,57.647881065281034
4025,25.021650415590457
4026,54.82578947267537
4027,69.00714509230258
4028,26.600617185362488
4029,58.90019181567425
4030,31.60770253876133
4031,33.79625467404698
4032,45.76496720649868
4033,38.90080148081003
4034,30.77717966770357
4035,56.22851057070872
4036,47.87191559336217
4037,28.697078932831758
4038,63.2915020745601
4039,68.13135828303764
4040,44.87836475575091
4041,64.44603826067271
4042,48.57913402479923
4043,69.54012301718679
4044,53.4363669742435
4045,68.42621102542911
4046,75.80234009126254
4047,52.63340355063663
4048,69.79711411189186
4049,73.49166167171899
4050,61.50451466565079
4051,33.157811376561035
4052,65.23168028887343
4053,29.26152597967971
4054,71.30377936443845
4055,44.1763011123322
4056,34.088120552004455
4057,44.84854277521915
4058,31.037774462994243
4059,63.24288115298979
4060,64.75276040991633
4061,43.55150855647712
4062,72.8375201278201
4063,63.26669638755792
4064,23.102502415558998
4065,59.33142927877879
4066,68.70138513358992
4067,30.19511629097385
4068,34.192757914570144
4069,29.0147854982707
4070,29.092116416388006
4071,38.61754071752962
4072,25.091084490766967
4073,44.570484547660506
4074,34.77650617930334
4075,50.081270290843165
4076,28.412566038163547
4077,30.53444889929817
4078,48.81932748317734
4079,40.73001661173718
4080,26.484376966981998
4081,28.10025538416832
4082,75.98099182599353
4083,38.84016410144181
4084,33.139952831105866
4085,64.04212088293511
4086,58.09814599297857
4087,27.76968870998596
4088,48.554000266762806
4089,61.584732043351025
4090,29.541343941284264
4091,70.01119789541673
4092,37.653901034547985
4093,21.554832698927875
4094,54.967168277421536
4095,35.1012415988139
4096,55.02715704506997
4097,36.72927859852092
4098,69.349907282239
4099,69.7607954452769
4100,73.1389427635835
4101,70.3022311168798
4102,50.68565731038294
4103,28.70987642395205
4104,61.85602888267205
4105,59.397941523997545
4106,73.54808883777177
4107,64.52784582695898
4108,39.06328072585484
4109,62.97583257189304
4110,42.60954619103821
4111,42.10065058616257
4112,50.04618996804754
4113,34.33466590151325
4114,70.8022365545633
4115,39.160476999537785
4116,54.44519038384972
4117,42.995406229039666
4118,28.11827801708492
4119,41.84428987655517
4120,73.15573370149077
4121,23.05041760293448
4122,58.052599205219266
4123,44.17884120835659
4124,59.32333664199356
4125,44.647686033979184
4126,40.50512368876782
4127,51.960278357736094
4128,43.54711751620663
4129,37.91666078270401
4130,68.92064768889142
4131,69.50757237428013
4132,37.84030526371884
4133,46.568600243711984
4134,55.11662020348934
4135,21.979831021371652
4136,43.9913189449777
4137,73.59964051934742
4138,35.999368887847965
4139,84.01700664304347
4140,46.92598750919947
4141,72.85221580131804
4142,21.93357990323897
4143,52.422851054560326
4144,25.2173911990958
4145,42.36771213627908
4146,43.94915804825374
4147,36.84386608367713
4148,56.00528315921825
4149,59.741711778595274
4150,54.88259704923404
4151,40.823901430031256
4152,32.92402201997518
4153,22.885939376626073
4154,42.196821989730125
4155,55.403920342497386
4156,65.17775462750245
4157,70.10579986739977
4158,59.600105888262306
4159,61.877027399556425
4160,56.42372445579574
4161,50.35822171392658
4162,41.83495283398006
4163,61.42959457701625
4164,73.73180749721695
4165,25.058838394843107
4166,21.2718087235044
4167,65.84264461492
4168,33.628022486393164
4169,41.93571820440389
4170,42.2201775467724
4171,23.993974067595705
4172,37.2417841842786
4173,53.8708066699553
4174,38.336920213362845
4175,68.64717058699446
4176,52.126270655870236
4177,58.83902692121856
4178,45.653581501371434
4179,64.24354502503034
4180,49.34354243303929
4181,48.03545546562165
4182,78.63183331457641
4183,51.32279701531589
4184,22.1799304939242
4185,24.63984166125595
4186,22.35733830571674
4187,54.22639938300485
4188,29.466506679309205
4189,71.27586192068357
4190,77.47460810016612
4191,35.60185028563088
4192,58.35940805297805
4193,43.06549372287816
4194,51.55531388599006
4195,73.39494006844347
4196,59.00290945779419
4197,50.75726310284067
4198,50.24386745935789
4199,64.51377488452724
4200,24.580247791782046
4201,82.29204618836707
4202,50.79383468740206
4203,68.53456240297818
4204,30.987538018502388
4205,25.505789801033362
4206,64.58165010251174
4207,29.077059496065978
4208,79.55953047789657
4209,49.23391283033372
4210,53.12798305891056
4211,49.32217127658664
4212,72.59776524528273
4213,46.43731864001951
4214,41.98079303707301
4215,57.18211980140065
4216,65.14329752444321
4217,25.596984521720763
4218,67.99300803655923
4219,32.3613399846642
4220,47.59120167447893
4221,34.46135110896336
4222,64.55014312559031
4223,71.45678858992657
4224,40.07422311382663
4225,35.966701070094345
4226,44.65158643650429
4227,40.79571561108066
4228,31.658069268844095
4229,67.46869494036154
4230,22.027687748037657
4231,34.087679183653954
4232,23.639651354240634
4233,69.48870679834596
4234,68.81401638579266
4235,54.98745918013327
4236,53.371350679587394
4237,42.09682623489006
4238,67.79932537911937
4239,71.92726058657557
4240,63.09189533875251
4241,94.54926181208013
4242,85.26510058780163
4243,37.228456507794434
4244,39.09576003101911
4245,56.59943962051348
4246,53.10220326975595
4247,34.48303645842604
4248,37.76777895619603
4249,68.76270900532849
4250,38.14981433649738
4251,28.134495475916868
4252,24.478298248495765
4253,32.12917105069964
4254,57.03693633935723
4255,60.598321501929746
4256,20.126632120118956
4257,62.63378590920533
4258,55.33988684190769
4259,75.97863267880956
4260,72.73554227083636
4261,42.66184130047405
4262,27.62060403478033
4263,69.04604928206797
4264,54.4653681547569
4265,39.033194619705064
4266,34.49469993849275
4267,53.99284288151128
4268,40.04694104933894
4269,39.32972987504583
4270,71.6001958793041
4271,44.483633397589244
4272,72.09064400922571
4273,48.27438746253861
4274,44.90951985981457
4275,51.24533191193842
4276,72.0521432540083
4277,27.050021454621255
4278,56.48763798842496
4279,39.31067598562978
4280,68.19474540411665
4281,70.70966101809451
4282,30.456665376199066
4283,29.029171443854487
4284,68.09230947337616
4285,32.8161269030311
4286,28.868862891874983
4287,41.99513622249641
4288,41.27048117914511
4289,34.64618080896889
4290,47.9064619029009
4291,47.490779622409484
4292,46.71395240024938
4293,59.27697310539852
4294,32.75854319212036
4295,50.82339988636202
4296,73.72254088420347
4297,48.381094839276216
4298,30.94409375424302
4299,23.387147472815066
4300,49.6228025268033
4301,57.184605986255896
4302,47.20125162250822
4303,27.03793593153034
4304,27.737050169041513
4305,59.22987906491854
4306,34.785252125294306
4307,66.07698545492424
4308,31.788767542811577
4309,71.24192060705133
4310,34.33369901289416
4311,30.050164560725747
4312,51.590535981790815
4313,46.27897813035723
4314,24.143969717527465
4315,63.28875966049496
4316,31.541066283370967
4317,61.82539971921609
4318,53.882688604188814
4319,40.33791131935129
4320,51.46545365742261
4321,52.75435965678389
4322,33.667903587892326
4323,61.749571919505485
4324,66.00050566658473
4325,34.24506468943091
4326,19.750749603167087
4327,42.88296920315434
4328,29.405423116144025
4329,65.7848417723756
4330,55.41402212018727
4331,29.254886601154574
4332,36.441262970564395
4333,39.96199363808367
4334,30.53609742522907
4335,68.66257240949516
4336,32.285719366504225
4337,30.72333781013873
4338,20.597809291024824
4339,39.88322013892825
4340,64.86766121496248
4341,23.32792243222735
4342,27.914448070574707
4343,34.37122504202782
4344,62.59167320604094
4345,25.577759242823856
4346,68.13513277671666
4347,27.501672431116116
4348,51.15620413909203
4349,63.55557048297868
4350,46.12704648172128
4351,69.00766536993571
4352,53.456663535112405
4353,41.721303761209214
4354,37.619286856593426
4355,43.41038742642469
4356,69.72466354282157
4357,48.325864569529095
4358,34.37242582349978
4359,48.87445739483819
4360,44.89927789626208
4361,27.825298211544442
4362,26.25366272721968
4363,74.0733016072063
4364,23.575864822692374
4365,41.58810920884574
4366,32.78826777163489
4367,75.92963857662164
4368,59.578612343383
4369,61.84254460730807
4370,42.3054425167128
4371,42.952354971566166
4372,35.07480146491483
4373,53.57166839653962
4374,38.418940232192675
4375,42.672041667922755
4376,52.58373828195426
4377,44.69083651289817
4378,64.30299355019172
4379,75.12435847489104
4380,30.981760845498926
4381,34.892231826710315
4382,47.6606720865529
4383,53.01091169956723
4384,47.61928779604894
4385,42.79607603743101
4386,54.211092439707514
4387,57.02253447974091
4388,28.087332558093927
4389,71.83207060386118
4390,41.02431536222763
4391,69.91297620611908
4392,42.323176311172276
4393,51.766231894407746
4394,68.42157422542206
4395,17.77303297490843
4396,32.88547872811225
4397,55.51779933409677
4398,65.71739406649021
4399,71.8324091642007
4400,33.26893413668433
4401,66.1317351273562
4402,31.050612694338483
4403,53.57951720160948
4404,45.06408477899744
4405,64.03019683123262
4406,39.59601567209999
4407,77.67905288892698
4408,33.639133468329696
4409,43.07833088938671
4410,64.63153732415718
4411,21.969616539617515
4412,38.78282285533935
4413,66.02478517995866
4414,52.085976545838314
4415,58.297428060525185
4416,69.30918540039272
4417,37.766340851751934
4418,47.3796471585213
4419,26.26996515393484
4420,38.92768731918096
4421,27.01444585979549
4422,68.27709882656924
4423,36.249992412087295
4424,51.386978411217854
4425,44.72097880480478
4426,42.544430538148134
4427,26.710213611349516
4428,60.74639897602847
4429,60.535720066595744
4430,46.00030174961951
4431,31.736211221717237
4432,44.00829520596286
4433,49.86908004929062
4434,60.0905169346201
4435,21.81350956828763
4436,31.415185962295496
4437,68.6712088870437
4438,23.241345353615326
4439,41.810676622916574
4440,31.438862966436805
4441,29.130850646401377
4442,69.39612513083651
4443,54.8098412741501
4444,45.37980961069742
4445,26.921024312330175
4446,55.003597992130075
4447,74.89570911798626
4448,45.40937323078775
4449,30.86071391578227
4450,43.39977909174001
4451,44.1175419999261
4452,63.48938823397411
4453,51.705802804045504
4454,79.01268716209111
4455,57.96265761574004
4456,56.71545565979314
4457,26.32061821711759
4458,43.60839140803879
4459,41.81926164795183
4460,68.00464391732037
4461,68.96560348982896
4462,27.785550132971053
4463,75.03820287054486
4464,65.64751101214455
4465,41.092116607220895
4466,36.20539748196534
4467,25.420372684122423
4468,58.2375499133382
4469,81.2943333232105
4470,21.34639276076912
4471,53.11556212185699
4472,36.529962344093626
4473,21.214635537217475
4474,34.14541146152272
4475,56.80759761668985
4476,39.6575493458129
4477,38.498589954732005
4478,47.83082015558983
4479,40.08476198806834
4480,24.106535966007993
4481,51.47895661394297
4482,48.381080737891686
4483,63.361766973534486
4484,39.0992914626902
4485,28.147142955155694
4486,21.576318663793533
4487,74.82820238327561
4488,70.53735697403849
4489,40.506468293937466
4490,22.105291640775068
4491,53.54838790833448
4492,25.11540045965755
4493,57.11242513811477
4494,16.73360528384979
4495,57.28328070298604
4496,32.2150815905625
4497,47.7366210286821
4498,27.968852712631016
4499,59.479850951977824
4500,24.59466556521071
4501,34.856638403370084
4502,68.51915786010923
4503,54.985411367635535
4504,77.2392606369062
4505,27.07615549466602
4506,54.97540159146402
4507,51.08663245104274
4508,35.24796666570463
4509,80.8586278975083
4510,42.717415034462455
4511,51.79246573106214
4512,38.83841112863079
4513,45.76094716672547
4514,51.544405354648724
4515,49.01710543372425
4516,58.095615257956524
4517,42.935577693927456
4518,18.55975179798037
4519,28.32018387015202
4520,35.28693355016713
4521,42.96633532822962
4522,45.202656148293826
4523,38.254320557332775
4524,47.485761538586665
4525,25.15354243307525
4526,36.17606507180208
4527,34.05738052020153
4528,28.23518238690366
4529,65.44608827206093
4530,45.283516228069736
4531,56.59170506661965
4532,69.82392538066392
4533,32.39881960665144
4534,38.512516059325264
4535,30.345553240973146
4536,64.02055085601665
4537,61.513117730300166
4538,26.00055708107042
4539,29.2087157457581
4540,69.81224252685209
4541,62.319192248589445
4542,24.55936471777424
4543,21.499059156148398
4544,23.45121119604775
4545,72.15338569226442
4546,77.54833025014788
4547,56.96592215262799
4548,74.94392567924493
4549,78.41596637967447
4550,54.52566032006527
4551,46.70746515144695
4552,38.52033736765866
4553,35.636710627244
4554,53.61976576885446
4555,46.249834139060056
4556,77.68037731015103
4557,47.18998837277426
4558,33.17662312131677
4559,49.36151088583955
4560,31.800262217214854
4561,30.017414600558546
4562,59.45695630661034
4563,42.75420231426876
4564,35.8638158616314
4565,54.088109255870606
4566,32.01014766239744
4567,54.420635321259695
4568,58.34807040745472
4569,55.04191431528024
4570,27.513567058982932
4571,40.63107122385312
4572,30.65552733567592
4573,68.13438305363552
4574,23.583429206740114
4575,26.992134182436775
4576,47.48208483970631
4577,58.557696070832534
4578,72.02260900920021
4579,34.480575923719485
4580,42.27667278200269
4581,50.73735009697157
4582,48.495891902544564
4583,78.86740633058301
4584,38.974724337387244
4585,60.81654172994669
4586,25.09881509611716
4587,43.78733701505911
4588,56.35186510219112
4589,58.503785943138304
4590,66.64003069675894
4591,39.49896487811755
4592,61.28330792090523
4593,67.652127935648
4594,29.124640642417866
4595,31.22037512452777
4596,48.62752197618526
4597,25.18348569539033
4598,37.49899064851824
4599,38.99325348982454
4600,68.88895437259228
4601,36.422973937642865
4602,36.71612208631433
4603,55.93096679587777
4604,59.24031217786907
4605,73.18544179142239
4606,51.233258001794205
4607,37.699622370352884
4608,39.70881284871493
4609,56.306964716013724
4610,36.54476829235282
4611,24.439777192820504
4612,48.17450492373691
4613,39.453669287223065
4614,33.809004000610635
4615,35.29379694676118
4616,73.49677866257959
4617,36.734492647776534
4618,87.0284480912323
4619,45.523375245868955
4620,36.64196367321401
4621,33.494543883340185
4622,52.48966443881779
4623,21.105980460160684
4624,45.16502168935812
4625,73.26641609324537
4626,70.20140441373425
4627,71.9733019236707
4628,72.17983944993017
4629,37.115400260743115
4630,68.69468488945601
4631,74.16287459237905
4632,45.974949992821394
4633,26.175925229503484
4634,61.8255458801181
4635,47.24305770646052
4636,33.40332666591204
4637,35.03883110167034
4638,64.35997225407623
4639,64.34012174795456
4640,39.24441414997094
4641,66.82841191075457
4642,32.211435123933626
4643,73.34030263158192
4644,37.677478064101514
4645,26.923165469817423
4646,79.92707836054271
4647,69.4644717886398
4648,32.45217440689576
4649,44.70615991148984
4650,46.97760380826374
4651,43.777257580797794
4652,42.23653820863914
4653,77.49525868125306
4654,79.5268785020472
4655,42.793768785753805
4656,31.439359672416714
4657,39.67496397177143
4658,21.20655759370051
4659,60.65693607384894
4660,23.054033141250514
4661,42.09690894307942
4662,62.21575996760592
4663,52.16017213632949
4664,71.26410202198014
4665,28.56115892766682
4666,73.23159042980359
4667,20.833357632260046
4668,16.11936828629272
4669,47.963471925204104
4670,45.734918957940614
4671,66.93599922073658
4672,44.72751078021286
4673,35.41349779320804
4674,60.9653334133132
4675,50.926763259738784
4676,30.171389583934165
4677,72.37990971460223
4678,33.285320463407714
4679,53.82242642099113
4680,66.98062243688905
4681,28.30629104727249
4682,70.49675536705013
4683,44.749408592866985
4684,58.82023929661203
4685,43.33821700592557
4686,60.40123214589702
4687,67.3662465363824
4688,45.18546245310733
4689,57.393009983406664
4690,29.19082554619853
4691,64.15743918005175
4692,47.82982798597688
4693,29.403981579657405
4694,66.51651267161787
4695,67.56475554411813
4696,59.55195021256266
4697,29.841801894435346
4698,51.88856352268111
4699,77.12691084391496
4700,70.78820335844313
4701,33.78076080131802
4702,39.16703628088089
4703,37.943222769226516
4704,23.29043170613395
4705,42.53796162866264
4706,40.05600720508241
4707,58.07741543434277
4708,23.009479710110924
4709,32.842627739179484
4710,31.51994552386653
4711,28.70740070016664
4712,57.63044220221974
4713,42.1365900316385
4714,48.73972096712818
4715,73.56452412805906
4716,35.43249068231184
4717,63.910255891022146
4718,42.440673291596035
4719,29.46509533735859
4720,73.43114152139721
4721,32.76534241919308
4722,38.393695343866604
4723,33.08518572854619
4724,43.32863391257532
4725,32.88871591671591
4726,39.947479700499485
4727,59.885759449227706
4728,68.89685770713172
4729,66.81240434841544
4730,69.24516223293435
4731,59.88852324663716
4732,35.92305501452438
4733,46.89414713570018
4734,43.569769073276774
4735,26.655564618768874
4736,31.412857643517558
4737,59.164971873780644
4738,25.21271389104724
4739,77.54740383459779
4740,74.5340908384525
4741,25.00336893176358
4742,33.553641870022815
4743,63.31678439506729
4744,53.38047370513029
4745,55.98949233752154
4746,55.873365374284674
4747,64.7828048885909
4748,45.19950192550232
4749,71.4341109569647
4750,37.005745364344385
4751,43.77507873336512
4752,43.93002680201475
4753,71.27118360385924
4754,84.75123583072724
4755,30.95908488441366
4756,55.83668852742015
4757,42.211950020268446
4758,70.162863056456
4759,30.25393992019273
4760,49.11233859381625
4761,60.54778987693378
4762,36.15097058465784
4763,65.28030187577886
4764,38.10145377415222
4765,18.676026656272448
4766,29.835591759934132
4767,40.3885413243178
4768,33.65706990690181
4769,31.172039677342305
4770,37.65912055313028
4771,34.52467756811818
4772,49.79776552292057
4773,64.08673461643941
4774,49.94717763750601
4775,55.97312832033162
4776,56.75859233095346
4777,36.80263941262606
4778,33.296293620494545
4779,59.753905852362855
4780,46.05040239651934
4781,59.316933567627714
4782,29.578805249370976
4783,39.09253281996601
4784,39.494545173637206
4785,43.292846502790525
4786,33.351418839292236
4787,68.93192154548882
4788,71.76575034322148
4789,80.94180293805434
4790,33.586070154339936
4791,61.51027844238843
4792,52.04056676458113
4793,28.36349334108482
4794,25.003617882207944
4795,31.67649024360758
4796,42.56309051767213
4797,22.474749374717668
4798,37.835234705848116
4799,50.0318032800072
4800,57.483909594144606
4801,29.28156821185471
4802,21.918227053099052
4803,34.723220102161804
4804,36.14878350246492
4805,36.36137110111025
4806,33.261269480846096
4807,70.95570527579832
4808,31.31708672080504
4809,76.58730576315168
4810,54.83336110412269
4811,63.795081049155186
4812,21.620424189571384
4813,26.704888391075716
4814,63.83413634947096
4815,48.469301921117435
4816,50.85874867802
4817,57.534704408695816
4818,40.04104830464094
4819,88.87354614567731
4820,33.55555452113078
4821,36.93999580838315
4822,55.49438795541254
4823,57.90164549399295
4824,42.07149054919461
4825,26.779874688297085
4826,42.76785257988028
4827,30.919756984781635
4828,58.07314728962358
4829,28.600723170950346
4830,67.9117834192057
4831,56.411189248236454
4832,77.17051239250915
4833,30.12322979788162
4834,21.2961173817208
4835,29.876682835778855
4836,34.13126910475461
4837,24.975109656351062
4838,56.76303895892916
4839,74.60453961985871
4840,46.202794320307085
4841,55.64220684348844
4842,29.837974302678127
4843,34.436635758687885
4844,38.478852655909535
4845,24.64619134046262
4846,44.20713946585967
4847,83.02788542226753
4848,67.61993536225312
4849,36.192760848555054
4850,22.387993135593756
4851,37.97603283904843
4852,55.94223745060112
4853,24.35999239655775
4854,31.48747431559084
4855,46.707818456120954
4856,65.30145878226088
4857,40.6259231091435
4858,39.56402338470246
4859,40.447219310504146
4860,41.53492756866672
4861,36.84463339786163
4862,37.067841281016634
4863,27.957359048778343
4864,62.808810998395735
4865,37.523828967872646
4866,69.97787566394612
4867,44.26782672834779
4868,43.76799520671852
4869,52.046000007755985
4870,34.75748159568934
4871,76.19099345724133
4872,54.69647393238064
4873,34.94673085295587
4874,30.3479324250864
4875,55.72404714924676
4876,60.31694053003708
4877,40.61164891794637
4878,84.05040379146533
4879,76.0877520062242
4880,39.62049226397491
4881,50.338669105218905
4882,42.98852786316027
4883,30.752540632424797
4884,41.79382621745448
4885,55.60601621306181
4886,77.71243150413596
4887,46.81054666027765
4888,43.510770909836715
4889,28.065700581789994
4890,46.66374525536456
4891,49.487644066264814
4892,21.879826895288073
4893,65.50065483642386
4894,39.96955798287423
4895,32.896311946564246
4896,39.4776191746523
4897,65.0641218497003
4898,49.1622879518673
4899,69.63492140396265
4900,43.44415958093498
4901,71.50958847076365
4902,51.51221848609927
4903,61.07196031853171
4904,49.594406195701815
4905,61.16569173317847
4906,60.879161910730346
4907,42.9975603665927
4908,26.383102449888675
4909,67.93788253973196
4910,47.75878902061431
4911,24.025068718810868
4912,29.68458232602803
4913,73.8043660780007
4914,26.740493925806586
4915,40.99192732327228
4916,51.742827891215654
4917,45.518258741879634
4918,29.728929975641975
4919,70.1268680977785
4920,20.71935674388417
4921,40.50555722621355
4922,30.510886258221063
4923,54.65167989208328
4924,40.218199017471065
4925,49.56675066765109
4926,68.26417613826408
4927,42.21458697311873
4928,68.32981824411264
4929,76.43726180028335
4930,27.2461483153338
4931,40.36832050531283
4932,44.30844383288598
4933,54.62694253240335
4934,28.7480838937864
4935,38.64026317422697
4936,61.537692463738864
4937,28.15531437510436
4938,72.5409846183059
4939,41.50466156804082
4940,48.483627730597895
4941,60.38020202251282
4942,45.74980074973524
4943,53.007102725551384
4944,22.794196342624222
4945,70.48618644351666
4946,32.87555213405254
4947,41.05483040978426
4948,21.85926934734116
4949,43.96689310561109
4950,40.56791238740469
4951,20.579985380527653
4952,45.071343981506864
4953,52.54541134740098
4954,44.04981197312859
4955,65.38810146288299
4956,44.180837658344146
4957,33.40869253555062
4958,53.597409141960675
4959,38.32147528801603
4960,39.48872212010733
4961,27.574598060390137
4962,67.87433932440342
4963,48.01469302134234
4964,49.19391851573526
4965,67.9840983296199
4966,33.91160520937287
4967,43.60527488122011
4968,79.10372662782902
4969,69.89643761901371
4970,70.60102231651928
4971,57.01765960476916
4972,40.32238623074451
4973,21.66986922592178
4974,66.04749544649326
4975,28.05120268287726
4976,44.64897326276502
4977,24.809496968782977
4978,52.75967601628268
4979,42.83178888325984
4980,74.95344260126592
4981,35.62588162479129
4982,37.83354597121918
4983,41.17374971725159
4984,43.38304111358456
4985,57.8337125281971
4986,73.33153394370035
4987,20.327500054155344
4988,51.86148784607478
4989,44.816611820841906
4990,68.74382283537446
4991,61.10033286331221
4992,43.01631564539748
4993,32.768638348017575
4994,46.39430366177177
4995,31.551010934077137
4996,59.44644857022054
4997,55.84200781042891
4998,45.662362306032605
4999,100.0
